{
  "type": "FeatureCollection",
  "features": [
    {
      "type": "Feature",
      "properties": {
        "name": "Bethel & Grafton Notch Loop",
        "color": "orange",
        "distance_km": 99.8,
        "duration_min": 111.2,
        "detail": "Bethel & Grafton Notch Loop\n\nReal driving route via OSRM: 99.8 km, ~111 min (driving time only, no stops)."
      },
      "geometry": {
        "coordinates": [
          [
            -71.116859,
            44.028763
          ],
          [
            -71.116765,
            44.02869
          ],
          [
            -71.116564,
            44.028692
          ],
          [
            -71.116488,
            44.02822
          ],
          [
            -71.116223,
            44.028233
          ],
          [
            -71.115893,
            44.02825
          ],
          [
            -71.115582,
            44.027973
          ],
          [
            -71.115493,
            44.027894
          ],
          [
            -71.115407,
            44.027288
          ],
          [
            -71.115491,
            44.02728
          ],
          [
            -71.11562,
            44.027254
          ],
          [
            -71.115743,
            44.027202
          ],
          [
            -71.115869,
            44.027124
          ],
          [
            -71.115959,
            44.027026
          ],
          [
            -71.116001,
            44.026945
          ],
          [
            -71.116028,
            44.026875
          ],
          [
            -71.116046,
            44.026675
          ],
          [
            -71.116041,
            44.026525
          ],
          [
            -71.116462,
            44.026527
          ],
          [
            -71.117343,
            44.026491
          ],
          [
            -71.117569,
            44.02648
          ],
          [
            -71.117888,
            44.026467
          ],
          [
            -71.118111,
            44.026456
          ],
          [
            -71.118198,
            44.02645
          ],
          [
            -71.118337,
            44.026441
          ],
          [
            -71.118258,
            44.026252
          ],
          [
            -71.118153,
            44.026016
          ],
          [
            -71.11805,
            44.02579
          ],
          [
            -71.118004,
            44.025679
          ],
          [
            -71.117832,
            44.025287
          ],
          [
            -71.117818,
            44.025251
          ],
          [
            -71.117719,
            44.025002
          ],
          [
            -71.117604,
            44.024718
          ],
          [
            -71.117457,
            44.024346
          ],
          [
            -71.117337,
            44.024038
          ],
          [
            -71.117193,
            44.023692
          ],
          [
            -71.117178,
            44.023655
          ],
          [
            -71.116958,
            44.023127
          ],
          [
            -71.11685,
            44.022871
          ],
          [
            -71.116814,
            44.022785
          ],
          [
            -71.116783,
            44.022713
          ],
          [
            -71.116688,
            44.022486
          ],
          [
            -71.116517,
            44.022079
          ],
          [
            -71.116425,
            44.021863
          ],
          [
            -71.116343,
            44.021667
          ],
          [
            -71.116296,
            44.021555
          ],
          [
            -71.116223,
            44.021382
          ],
          [
            -71.116008,
            44.020871
          ],
          [
            -71.115936,
            44.020701
          ],
          [
            -71.11586,
            44.02052
          ],
          [
            -71.115813,
            44.020408
          ],
          [
            -71.115716,
            44.02018
          ],
          [
            -71.115619,
            44.019949
          ],
          [
            -71.115593,
            44.019887
          ],
          [
            -71.115563,
            44.019815
          ],
          [
            -71.115383,
            44.019387
          ],
          [
            -71.11529,
            44.019168
          ],
          [
            -71.115161,
            44.018862
          ],
          [
            -71.115075,
            44.018656
          ],
          [
            -71.114845,
            44.018112
          ],
          [
            -71.11465,
            44.017649
          ],
          [
            -71.114575,
            44.01747
          ],
          [
            -71.11443,
            44.017503
          ],
          [
            -71.114334,
            44.017517
          ],
          [
            -71.114162,
            44.017509
          ],
          [
            -71.114043,
            44.01748
          ],
          [
            -71.113854,
            44.017401
          ],
          [
            -71.113031,
            44.017011
          ],
          [
            -71.112737,
            44.016873
          ],
          [
            -71.112505,
            44.016779
          ],
          [
            -71.112316,
            44.016718
          ],
          [
            -71.11213,
            44.016667
          ],
          [
            -71.111912,
            44.016626
          ],
          [
            -71.111216,
            44.016534
          ],
          [
            -71.110774,
            44.016483
          ],
          [
            -71.110148,
            44.016413
          ],
          [
            -71.109621,
            44.016346
          ],
          [
            -71.108865,
            44.016255
          ],
          [
            -71.108589,
            44.016209
          ],
          [
            -71.108136,
            44.016133
          ],
          [
            -71.107122,
            44.015926
          ],
          [
            -71.10695,
            44.015891
          ],
          [
            -71.106156,
            44.015676
          ],
          [
            -71.106133,
            44.01567
          ],
          [
            -71.105749,
            44.015566
          ],
          [
            -71.104405,
            44.015188
          ],
          [
            -71.103211,
            44.014852
          ],
          [
            -71.102945,
            44.014776
          ],
          [
            -71.102741,
            44.014718
          ],
          [
            -71.102151,
            44.01455
          ],
          [
            -71.102019,
            44.014512
          ],
          [
            -71.101625,
            44.014398
          ],
          [
            -71.101544,
            44.014375
          ],
          [
            -71.101011,
            44.014177
          ],
          [
            -71.100549,
            44.01393
          ],
          [
            -71.100172,
            44.013658
          ],
          [
            -71.100004,
            44.013537
          ],
          [
            -71.099163,
            44.012944
          ],
          [
            -71.098833,
            44.012712
          ],
          [
            -71.098639,
            44.012575
          ],
          [
            -71.097512,
            44.011786
          ],
          [
            -71.097167,
            44.011544
          ],
          [
            -71.096444,
            44.011037
          ],
          [
            -71.095598,
            44.010452
          ],
          [
            -71.095378,
            44.0103
          ],
          [
            -71.094149,
            44.009451
          ],
          [
            -71.093175,
            44.00877
          ],
          [
            -71.09153,
            44.007619
          ],
          [
            -71.090899,
            44.007166
          ],
          [
            -71.090519,
            44.006893
          ],
          [
            -71.089779,
            44.006361
          ],
          [
            -71.089387,
            44.006046
          ],
          [
            -71.089294,
            44.005972
          ],
          [
            -71.089007,
            44.00567
          ],
          [
            -71.088892,
            44.005535
          ],
          [
            -71.088886,
            44.005467
          ],
          [
            -71.088718,
            44.005237
          ],
          [
            -71.088648,
            44.00513
          ],
          [
            -71.088625,
            44.005088
          ],
          [
            -71.088607,
            44.005036
          ],
          [
            -71.088583,
            44.004928
          ],
          [
            -71.088616,
            44.004897
          ],
          [
            -71.088637,
            44.004861
          ],
          [
            -71.088646,
            44.004823
          ],
          [
            -71.088641,
            44.004784
          ],
          [
            -71.088624,
            44.004747
          ],
          [
            -71.088595,
            44.004714
          ],
          [
            -71.088556,
            44.004687
          ],
          [
            -71.088403,
            44.004472
          ],
          [
            -71.088334,
            44.004365
          ],
          [
            -71.088275,
            44.004243
          ],
          [
            -71.08822,
            44.004123
          ],
          [
            -71.088151,
            44.004058
          ],
          [
            -71.088116,
            44.003904
          ],
          [
            -71.088096,
            44.003772
          ],
          [
            -71.088085,
            44.003623
          ],
          [
            -71.088071,
            44.003457
          ],
          [
            -71.088067,
            44.003036
          ],
          [
            -71.088102,
            44.002775
          ],
          [
            -71.088169,
            44.002134
          ],
          [
            -71.088232,
            44.001439
          ],
          [
            -71.088412,
            43.999579
          ],
          [
            -71.088459,
            43.999131
          ],
          [
            -71.088465,
            43.998778
          ],
          [
            -71.088437,
            43.998468
          ],
          [
            -71.088372,
            43.998141
          ],
          [
            -71.088254,
            43.997805
          ],
          [
            -71.088082,
            43.997426
          ],
          [
            -71.087916,
            43.997157
          ],
          [
            -71.087638,
            43.996792
          ],
          [
            -71.087425,
            43.99657
          ],
          [
            -71.086914,
            43.996109
          ],
          [
            -71.086463,
            43.995693
          ],
          [
            -71.085436,
            43.99481
          ],
          [
            -71.084497,
            43.994005
          ],
          [
            -71.084092,
            43.993659
          ],
          [
            -71.083886,
            43.993489
          ],
          [
            -71.083232,
            43.992951
          ],
          [
            -71.083141,
            43.992876
          ],
          [
            -71.082995,
            43.992968
          ],
          [
            -71.082531,
            43.993262
          ],
          [
            -71.081847,
            43.993691
          ],
          [
            -71.081264,
            43.994036
          ],
          [
            -71.079634,
            43.994969
          ],
          [
            -71.078458,
            43.995612
          ],
          [
            -71.078198,
            43.995735
          ],
          [
            -71.077937,
            43.995865
          ],
          [
            -71.076995,
            43.996217
          ],
          [
            -71.076639,
            43.996335
          ],
          [
            -71.07637,
            43.996407
          ],
          [
            -71.076099,
            43.996473
          ],
          [
            -71.075777,
            43.996548
          ],
          [
            -71.075312,
            43.996657
          ],
          [
            -71.074799,
            43.996749
          ],
          [
            -71.073994,
            43.996863
          ],
          [
            -71.073394,
            43.996907
          ],
          [
            -71.072823,
            43.996926
          ],
          [
            -71.072176,
            43.996928
          ],
          [
            -71.071571,
            43.996904
          ],
          [
            -71.070668,
            43.99683
          ],
          [
            -71.070324,
            43.996795
          ],
          [
            -71.069959,
            43.996743
          ],
          [
            -71.069495,
            43.996657
          ],
          [
            -71.069017,
            43.996551
          ],
          [
            -71.068132,
            43.996326
          ],
          [
            -71.067746,
            43.996218
          ],
          [
            -71.067361,
            43.996111
          ],
          [
            -71.067187,
            43.996067
          ],
          [
            -71.066995,
            43.996019
          ],
          [
            -71.066373,
            43.995881
          ],
          [
            -71.06633,
            43.995872
          ],
          [
            -71.065944,
            43.995788
          ],
          [
            -71.065616,
            43.995732
          ],
          [
            -71.065502,
            43.995712
          ],
          [
            -71.065207,
            43.995668
          ],
          [
            -71.065055,
            43.995646
          ],
          [
            -71.064761,
            43.995618
          ],
          [
            -71.064546,
            43.995598
          ],
          [
            -71.064342,
            43.995589
          ],
          [
            -71.063457,
            43.995547
          ],
          [
            -71.062601,
            43.995511
          ],
          [
            -71.062125,
            43.995485
          ],
          [
            -71.061605,
            43.995438
          ],
          [
            -71.061228,
            43.995394
          ],
          [
            -71.060731,
            43.995333
          ],
          [
            -71.06025,
            43.995275
          ],
          [
            -71.05911,
            43.995144
          ],
          [
            -71.058949,
            43.995124
          ],
          [
            -71.05865,
            43.995082
          ],
          [
            -71.058495,
            43.995067
          ],
          [
            -71.057111,
            43.994895
          ],
          [
            -71.056559,
            43.994812
          ],
          [
            -71.056196,
            43.994744
          ],
          [
            -71.055866,
            43.994664
          ],
          [
            -71.055596,
            43.994579
          ],
          [
            -71.055299,
            43.994472
          ],
          [
            -71.054966,
            43.994342
          ],
          [
            -71.054658,
            43.994194
          ],
          [
            -71.054016,
            43.993859
          ],
          [
            -71.05368,
            43.993673
          ],
          [
            -71.053626,
            43.993645
          ],
          [
            -71.053408,
            43.993533
          ],
          [
            -71.053142,
            43.993395
          ],
          [
            -71.052806,
            43.993222
          ],
          [
            -71.051855,
            43.992732
          ],
          [
            -71.050606,
            43.992177
          ],
          [
            -71.049941,
            43.991952
          ],
          [
            -71.049299,
            43.991851
          ],
          [
            -71.04871,
            43.991792
          ],
          [
            -71.048123,
            43.991774
          ],
          [
            -71.04768,
            43.991788
          ],
          [
            -71.047042,
            43.991797
          ],
          [
            -71.046651,
            43.991806
          ],
          [
            -71.046187,
            43.991822
          ],
          [
            -71.045743,
            43.991853
          ],
          [
            -71.045467,
            43.991883
          ],
          [
            -71.045108,
            43.991926
          ],
          [
            -71.044429,
            43.99203
          ],
          [
            -71.043283,
            43.992317
          ],
          [
            -71.042429,
            43.99261
          ],
          [
            -71.042202,
            43.992688
          ],
          [
            -71.041285,
            43.993139
          ],
          [
            -71.04102,
            43.993269
          ],
          [
            -71.039902,
            43.993883
          ],
          [
            -71.039764,
            43.99397
          ],
          [
            -71.039381,
            43.994209
          ],
          [
            -71.038731,
            43.994616
          ],
          [
            -71.038015,
            43.994986
          ],
          [
            -71.037846,
            43.995073
          ],
          [
            -71.037494,
            43.995198
          ],
          [
            -71.037017,
            43.995366
          ],
          [
            -71.03637,
            43.995509
          ],
          [
            -71.0358,
            43.995576
          ],
          [
            -71.03528,
            43.995614
          ],
          [
            -71.034526,
            43.995623
          ],
          [
            -71.033574,
            43.995627
          ],
          [
            -71.032947,
            43.99563
          ],
          [
            -71.032148,
            43.995638
          ],
          [
            -71.030697,
            43.995696
          ],
          [
            -71.030003,
            43.995778
          ],
          [
            -71.029427,
            43.995946
          ],
          [
            -71.02902,
            43.996065
          ],
          [
            -71.028411,
            43.996342
          ],
          [
            -71.028356,
            43.996367
          ],
          [
            -71.02803,
            43.996513
          ],
          [
            -71.027848,
            43.996588
          ],
          [
            -71.027524,
            43.996722
          ],
          [
            -71.026661,
            43.997011
          ],
          [
            -71.025638,
            43.997263
          ],
          [
            -71.024719,
            43.99743
          ],
          [
            -71.0241,
            43.997502
          ],
          [
            -71.024055,
            43.997507
          ],
          [
            -71.023299,
            43.997592
          ],
          [
            -71.023268,
            43.997596
          ],
          [
            -71.022315,
            43.997699
          ],
          [
            -71.021901,
            43.997756
          ],
          [
            -71.021276,
            43.997831
          ],
          [
            -71.020829,
            43.997884
          ],
          [
            -71.019911,
            43.997979
          ],
          [
            -71.018957,
            43.998078
          ],
          [
            -71.018619,
            43.998116
          ],
          [
            -71.018212,
            43.998168
          ],
          [
            -71.01556,
            43.998492
          ],
          [
            -71.014993,
            43.99856
          ],
          [
            -71.014623,
            43.998602
          ],
          [
            -71.013397,
            43.998733
          ],
          [
            -71.012824,
            43.998798
          ],
          [
            -71.012258,
            43.998854
          ],
          [
            -71.011249,
            43.998926
          ],
          [
            -71.010779,
            43.998944
          ],
          [
            -71.010315,
            43.998958
          ],
          [
            -71.009854,
            43.998961
          ],
          [
            -71.009413,
            43.998962
          ],
          [
            -71.008827,
            43.998955
          ],
          [
            -71.007997,
            43.998943
          ],
          [
            -71.00686,
            43.998926
          ],
          [
            -71.006271,
            43.998922
          ],
          [
            -71.005217,
            43.998903
          ],
          [
            -71.004418,
            43.998894
          ],
          [
            -71.004086,
            43.998891
          ],
          [
            -71.003896,
            43.998888
          ],
          [
            -71.003477,
            43.998882
          ],
          [
            -71.002216,
            43.998862
          ],
          [
            -71.00173,
            43.998854
          ],
          [
            -71.00144,
            43.998855
          ],
          [
            -71.000918,
            43.998878
          ],
          [
            -71.00061,
            43.998918
          ],
          [
            -71.000237,
            43.998989
          ],
          [
            -70.99997,
            43.999054
          ],
          [
            -70.999604,
            43.999166
          ],
          [
            -70.999273,
            43.999295
          ],
          [
            -70.999046,
            43.999401
          ],
          [
            -70.99883,
            43.99952
          ],
          [
            -70.998633,
            43.999634
          ],
          [
            -70.998417,
            43.99978
          ],
          [
            -70.998123,
            44.000007
          ],
          [
            -70.997884,
            44.000195
          ],
          [
            -70.997629,
            44.000395
          ],
          [
            -70.996831,
            44.001032
          ],
          [
            -70.996745,
            44.001108
          ],
          [
            -70.996721,
            44.00113
          ],
          [
            -70.996688,
            44.001159
          ],
          [
            -70.994291,
            44.003351
          ],
          [
            -70.994268,
            44.003371
          ],
          [
            -70.993805,
            44.003795
          ],
          [
            -70.993296,
            44.00426
          ],
          [
            -70.991496,
            44.005903
          ],
          [
            -70.991255,
            44.006119
          ],
          [
            -70.99019,
            44.007076
          ],
          [
            -70.989852,
            44.00738
          ],
          [
            -70.989807,
            44.00742
          ],
          [
            -70.989538,
            44.007658
          ],
          [
            -70.989364,
            44.007812
          ],
          [
            -70.988107,
            44.008925
          ],
          [
            -70.98773,
            44.009348
          ],
          [
            -70.987498,
            44.009734
          ],
          [
            -70.987304,
            44.010143
          ],
          [
            -70.986642,
            44.011629
          ],
          [
            -70.98645,
            44.011958
          ],
          [
            -70.986214,
            44.012263
          ],
          [
            -70.985954,
            44.012514
          ],
          [
            -70.985786,
            44.012662
          ],
          [
            -70.985681,
            44.012754
          ],
          [
            -70.985473,
            44.012918
          ],
          [
            -70.985309,
            44.013046
          ],
          [
            -70.984826,
            44.013417
          ],
          [
            -70.984131,
            44.013967
          ],
          [
            -70.983459,
            44.014511
          ],
          [
            -70.983302,
            44.014632
          ],
          [
            -70.9832,
            44.014711
          ],
          [
            -70.983093,
            44.014793
          ],
          [
            -70.982734,
            44.015073
          ],
          [
            -70.9822,
            44.01549
          ],
          [
            -70.981651,
            44.015922
          ],
          [
            -70.981592,
            44.015966
          ],
          [
            -70.98056,
            44.016792
          ],
          [
            -70.980535,
            44.016813
          ],
          [
            -70.980175,
            44.017101
          ],
          [
            -70.980081,
            44.017176
          ],
          [
            -70.979369,
            44.017739
          ],
          [
            -70.97917,
            44.017896
          ],
          [
            -70.978314,
            44.018576
          ],
          [
            -70.977265,
            44.019408
          ],
          [
            -70.97712,
            44.019524
          ],
          [
            -70.977085,
            44.019552
          ],
          [
            -70.976848,
            44.019742
          ],
          [
            -70.976757,
            44.019815
          ],
          [
            -70.976649,
            44.019901
          ],
          [
            -70.976518,
            44.020007
          ],
          [
            -70.976387,
            44.020111
          ],
          [
            -70.976361,
            44.020132
          ],
          [
            -70.975512,
            44.020811
          ],
          [
            -70.975371,
            44.020923
          ],
          [
            -70.975104,
            44.021138
          ],
          [
            -70.974878,
            44.021308
          ],
          [
            -70.974809,
            44.021469
          ],
          [
            -70.974778,
            44.021516
          ],
          [
            -70.974458,
            44.021993
          ],
          [
            -70.974179,
            44.022443
          ],
          [
            -70.974133,
            44.022518
          ],
          [
            -70.973636,
            44.023321
          ],
          [
            -70.973594,
            44.023391
          ],
          [
            -70.973321,
            44.023849
          ],
          [
            -70.973174,
            44.024096
          ],
          [
            -70.972049,
            44.025899
          ],
          [
            -70.971797,
            44.02629
          ],
          [
            -70.971291,
            44.027122
          ],
          [
            -70.971021,
            44.027579
          ],
          [
            -70.970789,
            44.027958
          ],
          [
            -70.970473,
            44.028431
          ],
          [
            -70.970309,
            44.028719
          ],
          [
            -70.970117,
            44.02903
          ],
          [
            -70.969539,
            44.029961
          ],
          [
            -70.969046,
            44.030749
          ],
          [
            -70.968874,
            44.031015
          ],
          [
            -70.967817,
            44.032643
          ],
          [
            -70.966907,
            44.034019
          ],
          [
            -70.96677,
            44.034228
          ],
          [
            -70.966691,
            44.034346
          ],
          [
            -70.9666,
            44.034485
          ],
          [
            -70.966384,
            44.034811
          ],
          [
            -70.96607,
            44.035287
          ],
          [
            -70.965556,
            44.036058
          ],
          [
            -70.96449,
            44.03766
          ],
          [
            -70.963474,
            44.039281
          ],
          [
            -70.962737,
            44.040262
          ],
          [
            -70.96229,
            44.040691
          ],
          [
            -70.961648,
            44.041266
          ],
          [
            -70.961267,
            44.04159
          ],
          [
            -70.96068,
            44.042044
          ],
          [
            -70.958925,
            44.043338
          ],
          [
            -70.958826,
            44.043424
          ],
          [
            -70.958008,
            44.044134
          ],
          [
            -70.957754,
            44.044455
          ],
          [
            -70.957515,
            44.044836
          ],
          [
            -70.957322,
            44.045183
          ],
          [
            -70.956815,
            44.046137
          ],
          [
            -70.956773,
            44.046223
          ],
          [
            -70.956599,
            44.046578
          ],
          [
            -70.956496,
            44.046949
          ],
          [
            -70.95648,
            44.047341
          ],
          [
            -70.956506,
            44.047751
          ],
          [
            -70.956568,
            44.048405
          ],
          [
            -70.956574,
            44.048658
          ],
          [
            -70.956556,
            44.04891
          ],
          [
            -70.956549,
            44.048999
          ],
          [
            -70.956474,
            44.049375
          ],
          [
            -70.956329,
            44.049859
          ],
          [
            -70.95608,
            44.050526
          ],
          [
            -70.95593,
            44.050892
          ],
          [
            -70.955463,
            44.051872
          ],
          [
            -70.955326,
            44.052284
          ],
          [
            -70.955249,
            44.052604
          ],
          [
            -70.955219,
            44.052864
          ],
          [
            -70.955229,
            44.053958
          ],
          [
            -70.955165,
            44.054435
          ],
          [
            -70.955116,
            44.054805
          ],
          [
            -70.954929,
            44.05553
          ],
          [
            -70.954853,
            44.055774
          ],
          [
            -70.954444,
            44.056351
          ],
          [
            -70.952226,
            44.059228
          ],
          [
            -70.951906,
            44.059671
          ],
          [
            -70.951164,
            44.060701
          ],
          [
            -70.950697,
            44.061255
          ],
          [
            -70.950651,
            44.061304
          ],
          [
            -70.950281,
            44.061709
          ],
          [
            -70.949946,
            44.062012
          ],
          [
            -70.949506,
            44.062354
          ],
          [
            -70.948621,
            44.063046
          ],
          [
            -70.948063,
            44.063468
          ],
          [
            -70.947569,
            44.063854
          ],
          [
            -70.946702,
            44.064497
          ],
          [
            -70.945944,
            44.065037
          ],
          [
            -70.945716,
            44.065242
          ],
          [
            -70.945501,
            44.065464
          ],
          [
            -70.945314,
            44.065743
          ],
          [
            -70.945241,
            44.065886
          ],
          [
            -70.945137,
            44.066083
          ],
          [
            -70.945038,
            44.066364
          ],
          [
            -70.945035,
            44.066374
          ],
          [
            -70.944855,
            44.066898
          ],
          [
            -70.944756,
            44.067326
          ],
          [
            -70.94474,
            44.067572
          ],
          [
            -70.944761,
            44.06786
          ],
          [
            -70.944793,
            44.068066
          ],
          [
            -70.944993,
            44.068994
          ],
          [
            -70.94501,
            44.069166
          ],
          [
            -70.945015,
            44.069223
          ],
          [
            -70.945025,
            44.069564
          ],
          [
            -70.945059,
            44.070051
          ],
          [
            -70.94507,
            44.070322
          ],
          [
            -70.945094,
            44.072253
          ],
          [
            -70.945072,
            44.073402
          ],
          [
            -70.945096,
            44.074138
          ],
          [
            -70.945089,
            44.074883
          ],
          [
            -70.94513,
            44.076487
          ],
          [
            -70.945134,
            44.076697
          ],
          [
            -70.945158,
            44.078
          ],
          [
            -70.945171,
            44.07881
          ],
          [
            -70.945171,
            44.078851
          ],
          [
            -70.945188,
            44.080244
          ],
          [
            -70.945171,
            44.080591
          ],
          [
            -70.945142,
            44.080882
          ],
          [
            -70.945064,
            44.081312
          ],
          [
            -70.945013,
            44.081587
          ],
          [
            -70.944927,
            44.081901
          ],
          [
            -70.944758,
            44.0824
          ],
          [
            -70.944563,
            44.082832
          ],
          [
            -70.944367,
            44.083229
          ],
          [
            -70.944074,
            44.083676
          ],
          [
            -70.943694,
            44.084252
          ],
          [
            -70.942833,
            44.085456
          ],
          [
            -70.941623,
            44.087285
          ],
          [
            -70.941407,
            44.087632
          ],
          [
            -70.940117,
            44.089715
          ],
          [
            -70.939727,
            44.090346
          ],
          [
            -70.939483,
            44.090746
          ],
          [
            -70.939244,
            44.091086
          ],
          [
            -70.93897,
            44.091398
          ],
          [
            -70.938391,
            44.091883
          ],
          [
            -70.938045,
            44.092132
          ],
          [
            -70.937578,
            44.092376
          ],
          [
            -70.937176,
            44.092544
          ],
          [
            -70.932085,
            44.094281
          ],
          [
            -70.925996,
            44.09623
          ],
          [
            -70.925369,
            44.09645
          ],
          [
            -70.924746,
            44.096677
          ],
          [
            -70.923719,
            44.09714
          ],
          [
            -70.922746,
            44.097656
          ],
          [
            -70.922413,
            44.097849
          ],
          [
            -70.92195,
            44.09815
          ],
          [
            -70.921749,
            44.098331
          ],
          [
            -70.921597,
            44.098475
          ],
          [
            -70.921364,
            44.098736
          ],
          [
            -70.921192,
            44.098987
          ],
          [
            -70.921165,
            44.099025
          ],
          [
            -70.921042,
            44.099255
          ],
          [
            -70.920871,
            44.099708
          ],
          [
            -70.920597,
            44.100605
          ],
          [
            -70.920468,
            44.101066
          ],
          [
            -70.92031,
            44.101592
          ],
          [
            -70.919905,
            44.103055
          ],
          [
            -70.919752,
            44.103901
          ],
          [
            -70.919725,
            44.104223
          ],
          [
            -70.919736,
            44.104457
          ],
          [
            -70.919825,
            44.104885
          ],
          [
            -70.919905,
            44.105164
          ],
          [
            -70.920012,
            44.105562
          ],
          [
            -70.920061,
            44.105743
          ],
          [
            -70.920492,
            44.107339
          ],
          [
            -70.920659,
            44.108019
          ],
          [
            -70.921058,
            44.109831
          ],
          [
            -70.921477,
            44.111628
          ],
          [
            -70.921571,
            44.112113
          ],
          [
            -70.921611,
            44.112394
          ],
          [
            -70.921603,
            44.112687
          ],
          [
            -70.921576,
            44.112966
          ],
          [
            -70.921533,
            44.11318
          ],
          [
            -70.921442,
            44.113509
          ],
          [
            -70.921174,
            44.114112
          ],
          [
            -70.920766,
            44.114886
          ],
          [
            -70.920171,
            44.115747
          ],
          [
            -70.91964,
            44.116448
          ],
          [
            -70.919259,
            44.1169
          ],
          [
            -70.91869,
            44.117534
          ],
          [
            -70.918113,
            44.118108
          ],
          [
            -70.917419,
            44.118733
          ],
          [
            -70.917406,
            44.118744
          ],
          [
            -70.916869,
            44.119186
          ],
          [
            -70.916381,
            44.119529
          ],
          [
            -70.915903,
            44.119856
          ],
          [
            -70.915123,
            44.120297
          ],
          [
            -70.914554,
            44.120578
          ],
          [
            -70.913948,
            44.120848
          ],
          [
            -70.913437,
            44.12104
          ],
          [
            -70.913102,
            44.121158
          ],
          [
            -70.912339,
            44.121394
          ],
          [
            -70.911491,
            44.121616
          ],
          [
            -70.910507,
            44.121847
          ],
          [
            -70.909265,
            44.122101
          ],
          [
            -70.907765,
            44.122374
          ],
          [
            -70.906705,
            44.122529
          ],
          [
            -70.906352,
            44.12258
          ],
          [
            -70.905695,
            44.122648
          ],
          [
            -70.904979,
            44.122696
          ],
          [
            -70.904338,
            44.122715
          ],
          [
            -70.903536,
            44.122717
          ],
          [
            -70.903013,
            44.1227
          ],
          [
            -70.902462,
            44.122679
          ],
          [
            -70.901851,
            44.122659
          ],
          [
            -70.901604,
            44.122659
          ],
          [
            -70.901269,
            44.122673
          ],
          [
            -70.901076,
            44.122696
          ],
          [
            -70.900776,
            44.122738
          ],
          [
            -70.900605,
            44.122768
          ],
          [
            -70.9004,
            44.122821
          ],
          [
            -70.899676,
            44.123023
          ],
          [
            -70.898281,
            44.123397
          ],
          [
            -70.89601,
            44.124033
          ],
          [
            -70.894842,
            44.124387
          ],
          [
            -70.89411,
            44.124616
          ],
          [
            -70.893582,
            44.124814
          ],
          [
            -70.893135,
            44.125015
          ],
          [
            -70.892949,
            44.125118
          ],
          [
            -70.892824,
            44.125215
          ],
          [
            -70.892717,
            44.125315
          ],
          [
            -70.892633,
            44.125399
          ],
          [
            -70.892518,
            44.125531
          ],
          [
            -70.892411,
            44.125724
          ],
          [
            -70.892323,
            44.125897
          ],
          [
            -70.892037,
            44.126556
          ],
          [
            -70.891956,
            44.126791
          ],
          [
            -70.8918,
            44.127126
          ],
          [
            -70.89113,
            44.128861
          ],
          [
            -70.890489,
            44.130336
          ],
          [
            -70.890327,
            44.130682
          ],
          [
            -70.889993,
            44.131393
          ],
          [
            -70.889806,
            44.131744
          ],
          [
            -70.889065,
            44.133108
          ],
          [
            -70.888626,
            44.133951
          ],
          [
            -70.88815,
            44.134901
          ],
          [
            -70.887647,
            44.135841
          ],
          [
            -70.887185,
            44.136783
          ],
          [
            -70.88662,
            44.137798
          ],
          [
            -70.886057,
            44.138834
          ],
          [
            -70.886022,
            44.138897
          ],
          [
            -70.886007,
            44.138923
          ],
          [
            -70.885859,
            44.139183
          ],
          [
            -70.88584,
            44.139215
          ],
          [
            -70.885634,
            44.139578
          ],
          [
            -70.885448,
            44.139872
          ],
          [
            -70.885166,
            44.140304
          ],
          [
            -70.885087,
            44.140424
          ],
          [
            -70.884921,
            44.140661
          ],
          [
            -70.884604,
            44.141053
          ],
          [
            -70.884319,
            44.141392
          ],
          [
            -70.883948,
            44.141814
          ],
          [
            -70.883333,
            44.142513
          ],
          [
            -70.883073,
            44.142771
          ],
          [
            -70.882697,
            44.143216
          ],
          [
            -70.882451,
            44.143485
          ],
          [
            -70.882258,
            44.143774
          ],
          [
            -70.882048,
            44.144112
          ],
          [
            -70.88189,
            44.144445
          ],
          [
            -70.881802,
            44.144784
          ],
          [
            -70.881794,
            44.145098
          ],
          [
            -70.881807,
            44.14541
          ],
          [
            -70.881871,
            44.145731
          ],
          [
            -70.881984,
            44.146072
          ],
          [
            -70.882169,
            44.14642
          ],
          [
            -70.882327,
            44.146651
          ],
          [
            -70.882502,
            44.146855
          ],
          [
            -70.882657,
            44.147025
          ],
          [
            -70.882856,
            44.147222
          ],
          [
            -70.883015,
            44.147346
          ],
          [
            -70.883148,
            44.147444
          ],
          [
            -70.883766,
            44.147817
          ],
          [
            -70.885283,
            44.14864
          ],
          [
            -70.887054,
            44.149603
          ],
          [
            -70.888384,
            44.150304
          ],
          [
            -70.889125,
            44.150728
          ],
          [
            -70.889396,
            44.150892
          ],
          [
            -70.889582,
            44.151014
          ],
          [
            -70.89013,
            44.151426
          ],
          [
            -70.890628,
            44.151874
          ],
          [
            -70.891074,
            44.152348
          ],
          [
            -70.891235,
            44.152519
          ],
          [
            -70.891484,
            44.152822
          ],
          [
            -70.891745,
            44.15322
          ],
          [
            -70.892059,
            44.153756
          ],
          [
            -70.892206,
            44.154057
          ],
          [
            -70.892331,
            44.154319
          ],
          [
            -70.892439,
            44.154588
          ],
          [
            -70.892546,
            44.154923
          ],
          [
            -70.892686,
            44.155408
          ],
          [
            -70.892917,
            44.15618
          ],
          [
            -70.893066,
            44.156648
          ],
          [
            -70.893358,
            44.157619
          ],
          [
            -70.893551,
            44.158275
          ],
          [
            -70.893957,
            44.159646
          ],
          [
            -70.894413,
            44.16119
          ],
          [
            -70.894649,
            44.162002
          ],
          [
            -70.894781,
            44.162381
          ],
          [
            -70.894914,
            44.162718
          ],
          [
            -70.895149,
            44.163199
          ],
          [
            -70.895304,
            44.163476
          ],
          [
            -70.895512,
            44.1638
          ],
          [
            -70.895749,
            44.164136
          ],
          [
            -70.896518,
            44.16522
          ],
          [
            -70.896701,
            44.165531
          ],
          [
            -70.896825,
            44.165787
          ],
          [
            -70.89694,
            44.166112
          ],
          [
            -70.897004,
            44.166472
          ],
          [
            -70.897037,
            44.166732
          ],
          [
            -70.897037,
            44.167026
          ],
          [
            -70.897005,
            44.167328
          ],
          [
            -70.896929,
            44.16767
          ],
          [
            -70.89682,
            44.167948
          ],
          [
            -70.896619,
            44.16843
          ],
          [
            -70.896436,
            44.168885
          ],
          [
            -70.896321,
            44.169174
          ],
          [
            -70.895793,
            44.170552
          ],
          [
            -70.895592,
            44.17103
          ],
          [
            -70.895213,
            44.171999
          ],
          [
            -70.895014,
            44.172484
          ],
          [
            -70.894101,
            44.174832
          ],
          [
            -70.893728,
            44.175841
          ],
          [
            -70.893005,
            44.177803
          ],
          [
            -70.892344,
            44.179514
          ],
          [
            -70.891632,
            44.181362
          ],
          [
            -70.89109,
            44.182832
          ],
          [
            -70.890661,
            44.183926
          ],
          [
            -70.890589,
            44.184131
          ],
          [
            -70.890114,
            44.185258
          ],
          [
            -70.889751,
            44.186138
          ],
          [
            -70.889165,
            44.187689
          ],
          [
            -70.88909,
            44.187952
          ],
          [
            -70.888838,
            44.188697
          ],
          [
            -70.888768,
            44.188888
          ],
          [
            -70.888431,
            44.189809
          ],
          [
            -70.888322,
            44.190209
          ],
          [
            -70.888259,
            44.190594
          ],
          [
            -70.888239,
            44.190953
          ],
          [
            -70.888257,
            44.191311
          ],
          [
            -70.888317,
            44.192063
          ],
          [
            -70.888363,
            44.192601
          ],
          [
            -70.888454,
            44.193499
          ],
          [
            -70.888566,
            44.194142
          ],
          [
            -70.888651,
            44.194708
          ],
          [
            -70.888729,
            44.195141
          ],
          [
            -70.888808,
            44.195574
          ],
          [
            -70.88888,
            44.195896
          ],
          [
            -70.888936,
            44.196331
          ],
          [
            -70.888969,
            44.196756
          ],
          [
            -70.888936,
            44.197371
          ],
          [
            -70.888852,
            44.197989
          ],
          [
            -70.888797,
            44.198488
          ],
          [
            -70.888715,
            44.199157
          ],
          [
            -70.888647,
            44.199706
          ],
          [
            -70.888516,
            44.200305
          ],
          [
            -70.88826,
            44.200985
          ],
          [
            -70.888035,
            44.201382
          ],
          [
            -70.887823,
            44.201714
          ],
          [
            -70.887177,
            44.202522
          ],
          [
            -70.886087,
            44.203803
          ],
          [
            -70.884923,
            44.204854
          ],
          [
            -70.883329,
            44.206125
          ],
          [
            -70.882477,
            44.206722
          ],
          [
            -70.881975,
            44.207043
          ],
          [
            -70.881163,
            44.20757
          ],
          [
            -70.880745,
            44.207874
          ],
          [
            -70.880398,
            44.208171
          ],
          [
            -70.879999,
            44.208648
          ],
          [
            -70.879775,
            44.209009
          ],
          [
            -70.879572,
            44.209391
          ],
          [
            -70.879425,
            44.209944
          ],
          [
            -70.879361,
            44.210524
          ],
          [
            -70.879361,
            44.211068
          ],
          [
            -70.879468,
            44.211799
          ],
          [
            -70.879578,
            44.212405
          ],
          [
            -70.879653,
            44.212891
          ],
          [
            -70.880278,
            44.216292
          ],
          [
            -70.880401,
            44.216684
          ],
          [
            -70.880616,
            44.217232
          ],
          [
            -70.881012,
            44.21802
          ],
          [
            -70.88261,
            44.220947
          ],
          [
            -70.882936,
            44.221657
          ],
          [
            -70.883066,
            44.222269
          ],
          [
            -70.883092,
            44.222641
          ],
          [
            -70.883059,
            44.223031
          ],
          [
            -70.882938,
            44.22358
          ],
          [
            -70.882376,
            44.225395
          ],
          [
            -70.881929,
            44.22679
          ],
          [
            -70.881745,
            44.227481
          ],
          [
            -70.881633,
            44.228234
          ],
          [
            -70.881611,
            44.22888
          ],
          [
            -70.881618,
            44.229599
          ],
          [
            -70.881851,
            44.230999
          ],
          [
            -70.882019,
            44.23204
          ],
          [
            -70.882049,
            44.232564
          ],
          [
            -70.881983,
            44.233149
          ],
          [
            -70.88172,
            44.234071
          ],
          [
            -70.881333,
            44.235428
          ],
          [
            -70.881065,
            44.236368
          ],
          [
            -70.88096,
            44.236681
          ],
          [
            -70.880892,
            44.236885
          ],
          [
            -70.880785,
            44.237284
          ],
          [
            -70.880631,
            44.237722
          ],
          [
            -70.880367,
            44.238216
          ],
          [
            -70.880061,
            44.238666
          ],
          [
            -70.879783,
            44.238981
          ],
          [
            -70.878158,
            44.240967
          ],
          [
            -70.877924,
            44.241253
          ],
          [
            -70.877499,
            44.241725
          ],
          [
            -70.877274,
            44.241967
          ],
          [
            -70.877198,
            44.242052
          ],
          [
            -70.876853,
            44.242303
          ],
          [
            -70.876504,
            44.242546
          ],
          [
            -70.876153,
            44.242736
          ],
          [
            -70.875842,
            44.24287
          ],
          [
            -70.875356,
            44.243068
          ],
          [
            -70.874495,
            44.243368
          ],
          [
            -70.874168,
            44.243479
          ],
          [
            -70.872999,
            44.243942
          ],
          [
            -70.871518,
            44.244586
          ],
          [
            -70.867856,
            44.246152
          ],
          [
            -70.867669,
            44.246232
          ],
          [
            -70.867432,
            44.246379
          ],
          [
            -70.867125,
            44.246626
          ],
          [
            -70.866837,
            44.24693
          ],
          [
            -70.866162,
            44.247682
          ],
          [
            -70.865161,
            44.248453
          ],
          [
            -70.864488,
            44.249136
          ],
          [
            -70.864193,
            44.249391
          ],
          [
            -70.863662,
            44.249722
          ],
          [
            -70.863278,
            44.249897
          ],
          [
            -70.862895,
            44.250072
          ],
          [
            -70.862439,
            44.250291
          ],
          [
            -70.861242,
            44.250902
          ],
          [
            -70.860518,
            44.251328
          ],
          [
            -70.859842,
            44.251795
          ],
          [
            -70.858802,
            44.252619
          ],
          [
            -70.857131,
            44.253756
          ],
          [
            -70.855748,
            44.254849
          ],
          [
            -70.853089,
            44.256775
          ],
          [
            -70.852788,
            44.256987
          ],
          [
            -70.852187,
            44.257411
          ],
          [
            -70.851774,
            44.257712
          ],
          [
            -70.851238,
            44.257975
          ],
          [
            -70.850637,
            44.258212
          ],
          [
            -70.848972,
            44.258756
          ],
          [
            -70.848656,
            44.258861
          ],
          [
            -70.848389,
            44.25896
          ],
          [
            -70.847605,
            44.25925
          ],
          [
            -70.847173,
            44.259406
          ],
          [
            -70.846843,
            44.259504
          ],
          [
            -70.84661,
            44.259566
          ],
          [
            -70.846374,
            44.259602
          ],
          [
            -70.846244,
            44.259609
          ],
          [
            -70.846048,
            44.259622
          ],
          [
            -70.845873,
            44.259615
          ],
          [
            -70.845702,
            44.259596
          ],
          [
            -70.845448,
            44.259542
          ],
          [
            -70.845272,
            44.25949
          ],
          [
            -70.844986,
            44.25934
          ],
          [
            -70.844427,
            44.259033
          ],
          [
            -70.844039,
            44.258926
          ],
          [
            -70.843649,
            44.25885
          ],
          [
            -70.843216,
            44.258786
          ],
          [
            -70.842873,
            44.25871
          ],
          [
            -70.842522,
            44.258598
          ],
          [
            -70.842058,
            44.258419
          ],
          [
            -70.841892,
            44.258362
          ],
          [
            -70.841656,
            44.258319
          ],
          [
            -70.841487,
            44.258332
          ],
          [
            -70.841294,
            44.258378
          ],
          [
            -70.841126,
            44.258461
          ],
          [
            -70.840986,
            44.258564
          ],
          [
            -70.840639,
            44.258862
          ],
          [
            -70.840473,
            44.25897
          ],
          [
            -70.840335,
            44.259038
          ],
          [
            -70.840147,
            44.259112
          ],
          [
            -70.83994,
            44.259147
          ],
          [
            -70.839798,
            44.259163
          ],
          [
            -70.839545,
            44.259151
          ],
          [
            -70.839344,
            44.259126
          ],
          [
            -70.83895,
            44.259048
          ],
          [
            -70.838254,
            44.258896
          ],
          [
            -70.837067,
            44.258672
          ],
          [
            -70.835763,
            44.258542
          ],
          [
            -70.835253,
            44.258491
          ],
          [
            -70.834145,
            44.258408
          ],
          [
            -70.833641,
            44.258337
          ],
          [
            -70.833366,
            44.258277
          ],
          [
            -70.833088,
            44.258158
          ],
          [
            -70.832855,
            44.258026
          ],
          [
            -70.83264,
            44.257842
          ],
          [
            -70.832436,
            44.257533
          ],
          [
            -70.832058,
            44.25699
          ],
          [
            -70.831828,
            44.256781
          ],
          [
            -70.831426,
            44.256524
          ],
          [
            -70.83055,
            44.256027
          ],
          [
            -70.830296,
            44.2559
          ],
          [
            -70.8302,
            44.255853
          ],
          [
            -70.829951,
            44.255793
          ],
          [
            -70.829776,
            44.255774
          ],
          [
            -70.8296,
            44.255776
          ],
          [
            -70.828719,
            44.255975
          ],
          [
            -70.828343,
            44.255997
          ],
          [
            -70.828075,
            44.255983
          ],
          [
            -70.827957,
            44.255967
          ],
          [
            -70.827859,
            44.25595
          ],
          [
            -70.827785,
            44.25593
          ],
          [
            -70.827628,
            44.25588
          ],
          [
            -70.827501,
            44.255839
          ],
          [
            -70.826663,
            44.255516
          ],
          [
            -70.826197,
            44.255359
          ],
          [
            -70.825901,
            44.255315
          ],
          [
            -70.82525,
            44.255299
          ],
          [
            -70.824986,
            44.255272
          ],
          [
            -70.824566,
            44.255199
          ],
          [
            -70.824311,
            44.255128
          ],
          [
            -70.823687,
            44.254909
          ],
          [
            -70.822704,
            44.254575
          ],
          [
            -70.821508,
            44.254291
          ],
          [
            -70.821143,
            44.254183
          ],
          [
            -70.820873,
            44.254091
          ],
          [
            -70.820409,
            44.253897
          ],
          [
            -70.819995,
            44.253739
          ],
          [
            -70.819724,
            44.253614
          ],
          [
            -70.819491,
            44.253491
          ],
          [
            -70.819322,
            44.253382
          ],
          [
            -70.81894,
            44.253109
          ],
          [
            -70.81789,
            44.252334
          ],
          [
            -70.817597,
            44.252174
          ],
          [
            -70.817432,
            44.252114
          ],
          [
            -70.816991,
            44.252043
          ],
          [
            -70.816146,
            44.251945
          ],
          [
            -70.815763,
            44.251889
          ],
          [
            -70.815423,
            44.251816
          ],
          [
            -70.814843,
            44.251676
          ],
          [
            -70.814543,
            44.251572
          ],
          [
            -70.814298,
            44.25147
          ],
          [
            -70.81351,
            44.251026
          ],
          [
            -70.812928,
            44.250688
          ],
          [
            -70.812488,
            44.250464
          ],
          [
            -70.812129,
            44.250302
          ],
          [
            -70.811697,
            44.250135
          ],
          [
            -70.811032,
            44.249868
          ],
          [
            -70.810647,
            44.249727
          ],
          [
            -70.810233,
            44.249618
          ],
          [
            -70.809778,
            44.249531
          ],
          [
            -70.807883,
            44.249188
          ],
          [
            -70.806443,
            44.248922
          ],
          [
            -70.80543,
            44.248735
          ],
          [
            -70.803569,
            44.248399
          ],
          [
            -70.798255,
            44.247452
          ],
          [
            -70.795929,
            44.246996
          ],
          [
            -70.791838,
            44.246285
          ],
          [
            -70.791521,
            44.246217
          ],
          [
            -70.790817,
            44.246061
          ],
          [
            -70.790421,
            44.245954
          ],
          [
            -70.789743,
            44.24576
          ],
          [
            -70.787785,
            44.245076
          ],
          [
            -70.786785,
            44.244754
          ],
          [
            -70.786583,
            44.244686
          ],
          [
            -70.785359,
            44.244294
          ],
          [
            -70.785234,
            44.244254
          ],
          [
            -70.785161,
            44.244292
          ],
          [
            -70.785093,
            44.244329
          ],
          [
            -70.785011,
            44.244388
          ],
          [
            -70.784965,
            44.24444
          ],
          [
            -70.784973,
            44.244517
          ],
          [
            -70.785064,
            44.245213
          ],
          [
            -70.785153,
            44.24576
          ],
          [
            -70.785207,
            44.24606
          ],
          [
            -70.785259,
            44.246264
          ],
          [
            -70.785354,
            44.24649
          ],
          [
            -70.785493,
            44.246758
          ],
          [
            -70.785688,
            44.247021
          ],
          [
            -70.786068,
            44.247452
          ],
          [
            -70.786343,
            44.247787
          ],
          [
            -70.786723,
            44.248287
          ],
          [
            -70.787086,
            44.248696
          ],
          [
            -70.787439,
            44.249201
          ],
          [
            -70.788062,
            44.250068
          ],
          [
            -70.788282,
            44.250424
          ],
          [
            -70.788346,
            44.250516
          ],
          [
            -70.789673,
            44.252305
          ],
          [
            -70.789745,
            44.252395
          ],
          [
            -70.790083,
            44.252751
          ],
          [
            -70.790494,
            44.253432
          ],
          [
            -70.790732,
            44.254005
          ],
          [
            -70.790825,
            44.254604
          ],
          [
            -70.790858,
            44.255362
          ],
          [
            -70.790813,
            44.256178
          ],
          [
            -70.790809,
            44.256284
          ],
          [
            -70.790795,
            44.256422
          ],
          [
            -70.790761,
            44.257096
          ],
          [
            -70.790628,
            44.258275
          ],
          [
            -70.79044,
            44.259447
          ],
          [
            -70.789909,
            44.261631
          ],
          [
            -70.789787,
            44.261916
          ],
          [
            -70.789715,
            44.26207
          ],
          [
            -70.789507,
            44.262438
          ],
          [
            -70.788772,
            44.263303
          ],
          [
            -70.788318,
            44.263898
          ],
          [
            -70.787847,
            44.264514
          ],
          [
            -70.787444,
            44.265071
          ],
          [
            -70.786757,
            44.265932
          ],
          [
            -70.786398,
            44.266304
          ],
          [
            -70.786111,
            44.266567
          ],
          [
            -70.785488,
            44.26708
          ],
          [
            -70.785156,
            44.267451
          ],
          [
            -70.784526,
            44.26837
          ],
          [
            -70.784134,
            44.268811
          ],
          [
            -70.783989,
            44.268962
          ],
          [
            -70.783802,
            44.269124
          ],
          [
            -70.783689,
            44.269242
          ],
          [
            -70.783643,
            44.269292
          ],
          [
            -70.783588,
            44.269351
          ],
          [
            -70.783515,
            44.269421
          ],
          [
            -70.783233,
            44.269689
          ],
          [
            -70.783156,
            44.269768
          ],
          [
            -70.782058,
            44.270916
          ],
          [
            -70.781766,
            44.271268
          ],
          [
            -70.780605,
            44.273384
          ],
          [
            -70.7802,
            44.274154
          ],
          [
            -70.779908,
            44.274793
          ],
          [
            -70.779803,
            44.275147
          ],
          [
            -70.779312,
            44.277614
          ],
          [
            -70.778795,
            44.280447
          ],
          [
            -70.777989,
            44.285105
          ],
          [
            -70.777794,
            44.286109
          ],
          [
            -70.77761,
            44.287009
          ],
          [
            -70.777486,
            44.287663
          ],
          [
            -70.77747,
            44.287747
          ],
          [
            -70.777458,
            44.287807
          ],
          [
            -70.777428,
            44.287965
          ],
          [
            -70.777414,
            44.288181
          ],
          [
            -70.777448,
            44.288702
          ],
          [
            -70.7775,
            44.288942
          ],
          [
            -70.777582,
            44.289188
          ],
          [
            -70.777692,
            44.289432
          ],
          [
            -70.778458,
            44.290785
          ],
          [
            -70.778625,
            44.291132
          ],
          [
            -70.778726,
            44.291423
          ],
          [
            -70.778798,
            44.291718
          ],
          [
            -70.778812,
            44.291999
          ],
          [
            -70.778764,
            44.292352
          ],
          [
            -70.778429,
            44.29364
          ],
          [
            -70.778228,
            44.294209
          ],
          [
            -70.778089,
            44.294535
          ],
          [
            -70.777969,
            44.294764
          ],
          [
            -70.777816,
            44.294994
          ],
          [
            -70.777582,
            44.295296
          ],
          [
            -70.777146,
            44.295775
          ],
          [
            -70.776557,
            44.296485
          ],
          [
            -70.776327,
            44.296786
          ],
          [
            -70.776121,
            44.297132
          ],
          [
            -70.775978,
            44.29742
          ],
          [
            -70.775911,
            44.297643
          ],
          [
            -70.775844,
            44.297869
          ],
          [
            -70.775848,
            44.29863
          ],
          [
            -70.775872,
            44.298938
          ],
          [
            -70.775915,
            44.299261
          ],
          [
            -70.776045,
            44.299589
          ],
          [
            -70.776193,
            44.299915
          ],
          [
            -70.77638,
            44.30023
          ],
          [
            -70.776586,
            44.300638
          ],
          [
            -70.777165,
            44.301875
          ],
          [
            -70.777651,
            44.302586
          ],
          [
            -70.777938,
            44.302877
          ],
          [
            -70.778003,
            44.302919
          ],
          [
            -70.778408,
            44.303202
          ],
          [
            -70.778614,
            44.303314
          ],
          [
            -70.779045,
            44.303526
          ],
          [
            -70.780028,
            44.303933
          ],
          [
            -70.780422,
            44.304118
          ],
          [
            -70.780662,
            44.304257
          ],
          [
            -70.780894,
            44.304439
          ],
          [
            -70.781142,
            44.304687
          ],
          [
            -70.78148,
            44.305105
          ],
          [
            -70.78212,
            44.30601
          ],
          [
            -70.782483,
            44.306518
          ],
          [
            -70.782647,
            44.306765
          ],
          [
            -70.782922,
            44.307191
          ],
          [
            -70.783202,
            44.307774
          ],
          [
            -70.783493,
            44.308459
          ],
          [
            -70.783815,
            44.309319
          ],
          [
            -70.783914,
            44.309743
          ],
          [
            -70.783936,
            44.309988
          ],
          [
            -70.783933,
            44.310147
          ],
          [
            -70.783882,
            44.310416
          ],
          [
            -70.783795,
            44.310681
          ],
          [
            -70.783594,
            44.31107
          ],
          [
            -70.782885,
            44.312196
          ],
          [
            -70.782147,
            44.313426
          ],
          [
            -70.781546,
            44.314384
          ],
          [
            -70.7812,
            44.314858
          ],
          [
            -70.780918,
            44.315168
          ],
          [
            -70.780685,
            44.315339
          ],
          [
            -70.780411,
            44.315514
          ],
          [
            -70.78006,
            44.31566
          ],
          [
            -70.779695,
            44.315775
          ],
          [
            -70.777775,
            44.316247
          ],
          [
            -70.776718,
            44.316625
          ],
          [
            -70.776364,
            44.31683
          ],
          [
            -70.775219,
            44.317445
          ],
          [
            -70.77473,
            44.317752
          ],
          [
            -70.774312,
            44.318103
          ],
          [
            -70.773416,
            44.319072
          ],
          [
            -70.771833,
            44.320768
          ],
          [
            -70.771649,
            44.320987
          ],
          [
            -70.771464,
            44.321259
          ],
          [
            -70.771258,
            44.321609
          ],
          [
            -70.771161,
            44.321773
          ],
          [
            -70.770983,
            44.322023
          ],
          [
            -70.770651,
            44.322436
          ],
          [
            -70.770523,
            44.322592
          ],
          [
            -70.770388,
            44.322801
          ],
          [
            -70.770236,
            44.323122
          ],
          [
            -70.770139,
            44.323423
          ],
          [
            -70.770088,
            44.323781
          ],
          [
            -70.770093,
            44.32406
          ],
          [
            -70.770094,
            44.324212
          ],
          [
            -70.770109,
            44.324305
          ],
          [
            -70.770178,
            44.324609
          ],
          [
            -70.770266,
            44.324909
          ],
          [
            -70.770382,
            44.325183
          ],
          [
            -70.770605,
            44.325583
          ],
          [
            -70.773316,
            44.32945
          ],
          [
            -70.773952,
            44.33057
          ],
          [
            -70.774202,
            44.330966
          ],
          [
            -70.774634,
            44.33143
          ],
          [
            -70.776554,
            44.332893
          ],
          [
            -70.776997,
            44.333351
          ],
          [
            -70.777659,
            44.334194
          ],
          [
            -70.77947,
            44.33654
          ],
          [
            -70.779618,
            44.336745
          ],
          [
            -70.780865,
            44.338412
          ],
          [
            -70.781152,
            44.338742
          ],
          [
            -70.781307,
            44.338877
          ],
          [
            -70.781479,
            44.339015
          ],
          [
            -70.781744,
            44.339191
          ],
          [
            -70.782466,
            44.339594
          ],
          [
            -70.782638,
            44.339688
          ],
          [
            -70.78285,
            44.339828
          ],
          [
            -70.783163,
            44.340098
          ],
          [
            -70.783438,
            44.340354
          ],
          [
            -70.78371,
            44.340678
          ],
          [
            -70.783903,
            44.340962
          ],
          [
            -70.784072,
            44.341261
          ],
          [
            -70.784163,
            44.341486
          ],
          [
            -70.784242,
            44.341728
          ],
          [
            -70.784308,
            44.341974
          ],
          [
            -70.784368,
            44.342362
          ],
          [
            -70.784576,
            44.343554
          ],
          [
            -70.784651,
            44.343854
          ],
          [
            -70.784723,
            44.344065
          ],
          [
            -70.784805,
            44.344267
          ],
          [
            -70.784931,
            44.344562
          ],
          [
            -70.785088,
            44.344838
          ],
          [
            -70.785234,
            44.345074
          ],
          [
            -70.78538,
            44.345271
          ],
          [
            -70.785616,
            44.345542
          ],
          [
            -70.785729,
            44.345671
          ],
          [
            -70.787192,
            44.346958
          ],
          [
            -70.787515,
            44.347212
          ],
          [
            -70.788295,
            44.347854
          ],
          [
            -70.788454,
            44.347998
          ],
          [
            -70.789226,
            44.348645
          ],
          [
            -70.789796,
            44.349303
          ],
          [
            -70.79031,
            44.350099
          ],
          [
            -70.790684,
            44.351049
          ],
          [
            -70.790947,
            44.352105
          ],
          [
            -70.791406,
            44.35344
          ],
          [
            -70.791637,
            44.353881
          ],
          [
            -70.791866,
            44.354258
          ],
          [
            -70.792075,
            44.354512
          ],
          [
            -70.792437,
            44.354977
          ],
          [
            -70.792556,
            44.355223
          ],
          [
            -70.792638,
            44.355458
          ],
          [
            -70.792977,
            44.357052
          ],
          [
            -70.793269,
            44.3579
          ],
          [
            -70.793537,
            44.358514
          ],
          [
            -70.794148,
            44.35949
          ],
          [
            -70.794289,
            44.359695
          ],
          [
            -70.794549,
            44.360036
          ],
          [
            -70.794949,
            44.360411
          ],
          [
            -70.795092,
            44.360605
          ],
          [
            -70.795205,
            44.36085
          ],
          [
            -70.795252,
            44.361105
          ],
          [
            -70.795268,
            44.361496
          ],
          [
            -70.795294,
            44.362074
          ],
          [
            -70.795328,
            44.362351
          ],
          [
            -70.79541,
            44.362565
          ],
          [
            -70.795594,
            44.362859
          ],
          [
            -70.79594,
            44.363473
          ],
          [
            -70.79611,
            44.363835
          ],
          [
            -70.796427,
            44.364314
          ],
          [
            -70.796967,
            44.364846
          ],
          [
            -70.798149,
            44.36599
          ],
          [
            -70.799285,
            44.367211
          ],
          [
            -70.799483,
            44.367449
          ],
          [
            -70.79982,
            44.367748
          ],
          [
            -70.799987,
            44.367996
          ],
          [
            -70.8001,
            44.368287
          ],
          [
            -70.800147,
            44.368769
          ],
          [
            -70.800115,
            44.369365
          ],
          [
            -70.799973,
            44.37188
          ],
          [
            -70.79982,
            44.373585
          ],
          [
            -70.799826,
            44.375684
          ],
          [
            -70.799808,
            44.377024
          ],
          [
            -70.799618,
            44.378781
          ],
          [
            -70.798846,
            44.382119
          ],
          [
            -70.798393,
            44.384631
          ],
          [
            -70.798294,
            44.385321
          ],
          [
            -70.798173,
            44.385959
          ],
          [
            -70.798004,
            44.386625
          ],
          [
            -70.797811,
            44.387343
          ],
          [
            -70.797506,
            44.388226
          ],
          [
            -70.797091,
            44.389104
          ],
          [
            -70.796568,
            44.390225
          ],
          [
            -70.796331,
            44.390733
          ],
          [
            -70.796105,
            44.391296
          ],
          [
            -70.795997,
            44.391682
          ],
          [
            -70.795925,
            44.392143
          ],
          [
            -70.795845,
            44.392748
          ],
          [
            -70.795692,
            44.39387
          ],
          [
            -70.795505,
            44.394992
          ],
          [
            -70.795283,
            44.395559
          ],
          [
            -70.794568,
            44.396749
          ],
          [
            -70.794523,
            44.396824
          ],
          [
            -70.794418,
            44.397
          ],
          [
            -70.794296,
            44.397261
          ],
          [
            -70.794233,
            44.39747
          ],
          [
            -70.794219,
            44.397505
          ],
          [
            -70.794206,
            44.397566
          ],
          [
            -70.794194,
            44.397624
          ],
          [
            -70.794188,
            44.397653
          ],
          [
            -70.79414,
            44.397888
          ],
          [
            -70.794064,
            44.398131
          ],
          [
            -70.793872,
            44.398838
          ],
          [
            -70.793861,
            44.399091
          ],
          [
            -70.793907,
            44.399285
          ],
          [
            -70.79395,
            44.399448
          ],
          [
            -70.794647,
            44.401035
          ],
          [
            -70.794814,
            44.401422
          ],
          [
            -70.795202,
            44.402138
          ],
          [
            -70.795094,
            44.402121
          ],
          [
            -70.794209,
            44.402204
          ],
          [
            -70.79402,
            44.402229
          ],
          [
            -70.793938,
            44.402243
          ],
          [
            -70.793739,
            44.402301
          ],
          [
            -70.793363,
            44.402452
          ],
          [
            -70.792961,
            44.402617
          ],
          [
            -70.792239,
            44.402911
          ],
          [
            -70.79194,
            44.403026
          ],
          [
            -70.791597,
            44.403131
          ],
          [
            -70.791044,
            44.403302
          ],
          [
            -70.790985,
            44.403331
          ],
          [
            -70.790936,
            44.403377
          ],
          [
            -70.79092,
            44.403419
          ],
          [
            -70.790924,
            44.403469
          ],
          [
            -70.790953,
            44.403521
          ],
          [
            -70.791091,
            44.403706
          ],
          [
            -70.791154,
            44.40381
          ],
          [
            -70.791165,
            44.403865
          ],
          [
            -70.791159,
            44.403907
          ],
          [
            -70.791139,
            44.403955
          ],
          [
            -70.791097,
            44.404009
          ],
          [
            -70.791031,
            44.404054
          ],
          [
            -70.790959,
            44.404094
          ],
          [
            -70.790776,
            44.404119
          ],
          [
            -70.790682,
            44.404133
          ],
          [
            -70.790369,
            44.403769
          ],
          [
            -70.79013,
            44.403445
          ],
          [
            -70.790061,
            44.403474
          ],
          [
            -70.788423,
            44.404157
          ],
          [
            -70.788159,
            44.404271
          ],
          [
            -70.787719,
            44.404461
          ],
          [
            -70.786841,
            44.40484
          ],
          [
            -70.785993,
            44.405213
          ],
          [
            -70.785934,
            44.405238
          ],
          [
            -70.785171,
            44.405601
          ],
          [
            -70.78532,
            44.405825
          ],
          [
            -70.785628,
            44.406191
          ],
          [
            -70.785901,
            44.406501
          ],
          [
            -70.786084,
            44.406601
          ],
          [
            -70.786466,
            44.40671
          ],
          [
            -70.788277,
            44.407255
          ],
          [
            -70.788963,
            44.407462
          ],
          [
            -70.789042,
            44.407485
          ],
          [
            -70.78886,
            44.407795
          ],
          [
            -70.788617,
            44.40821
          ],
          [
            -70.788559,
            44.408322
          ],
          [
            -70.788444,
            44.408537
          ],
          [
            -70.788415,
            44.408714
          ],
          [
            -70.788386,
            44.40921
          ],
          [
            -70.788383,
            44.409263
          ],
          [
            -70.788326,
            44.410441
          ],
          [
            -70.788321,
            44.410544
          ],
          [
            -70.788304,
            44.410809
          ],
          [
            -70.78827,
            44.411065
          ],
          [
            -70.788215,
            44.411309
          ],
          [
            -70.788205,
            44.411346
          ],
          [
            -70.78808,
            44.411797
          ],
          [
            -70.787701,
            44.41251
          ],
          [
            -70.787386,
            44.41298
          ],
          [
            -70.787198,
            44.41323
          ],
          [
            -70.787095,
            44.413356
          ],
          [
            -70.787199,
            44.413383
          ],
          [
            -70.787441,
            44.413414
          ],
          [
            -70.787578,
            44.413432
          ],
          [
            -70.787726,
            44.413439
          ],
          [
            -70.787934,
            44.413438
          ],
          [
            -70.788226,
            44.413432
          ],
          [
            -70.788496,
            44.413394
          ],
          [
            -70.788993,
            44.413284
          ],
          [
            -70.789318,
            44.413225
          ],
          [
            -70.789612,
            44.413192
          ],
          [
            -70.789932,
            44.413194
          ],
          [
            -70.790597,
            44.413226
          ],
          [
            -70.791077,
            44.413245
          ],
          [
            -70.791359,
            44.413239
          ],
          [
            -70.791774,
            44.413193
          ],
          [
            -70.792106,
            44.413123
          ],
          [
            -70.792504,
            44.412989
          ],
          [
            -70.792992,
            44.4128
          ],
          [
            -70.793346,
            44.412705
          ],
          [
            -70.793767,
            44.412623
          ],
          [
            -70.795399,
            44.412295
          ],
          [
            -70.795618,
            44.412709
          ],
          [
            -70.795894,
            44.413294
          ],
          [
            -70.796077,
            44.413698
          ],
          [
            -70.796319,
            44.414197
          ],
          [
            -70.796496,
            44.414565
          ],
          [
            -70.796741,
            44.415111
          ],
          [
            -70.796784,
            44.415207
          ],
          [
            -70.797089,
            44.415983
          ],
          [
            -70.797189,
            44.416258
          ],
          [
            -70.797257,
            44.416535
          ],
          [
            -70.797371,
            44.417066
          ],
          [
            -70.797507,
            44.417973
          ],
          [
            -70.797469,
            44.418706
          ],
          [
            -70.797372,
            44.420457
          ],
          [
            -70.797398,
            44.423121
          ],
          [
            -70.797401,
            44.423397
          ],
          [
            -70.79741,
            44.424326
          ],
          [
            -70.797439,
            44.424696
          ],
          [
            -70.79745,
            44.424839
          ],
          [
            -70.797455,
            44.4249
          ],
          [
            -70.797495,
            44.425109
          ],
          [
            -70.7975,
            44.425143
          ],
          [
            -70.797546,
            44.425375
          ],
          [
            -70.797601,
            44.425545
          ],
          [
            -70.797669,
            44.425759
          ],
          [
            -70.797718,
            44.425908
          ],
          [
            -70.797967,
            44.426474
          ],
          [
            -70.798008,
            44.42655
          ],
          [
            -70.79863,
            44.427701
          ],
          [
            -70.79921,
            44.428776
          ],
          [
            -70.79936,
            44.429053
          ],
          [
            -70.799571,
            44.429444
          ],
          [
            -70.800027,
            44.430287
          ],
          [
            -70.800336,
            44.43086
          ],
          [
            -70.800445,
            44.431042
          ],
          [
            -70.80051,
            44.43115
          ],
          [
            -70.800721,
            44.4315
          ],
          [
            -70.801097,
            44.431952
          ],
          [
            -70.801222,
            44.432102
          ],
          [
            -70.801662,
            44.432514
          ],
          [
            -70.801712,
            44.432561
          ],
          [
            -70.801795,
            44.432626
          ],
          [
            -70.802524,
            44.433196
          ],
          [
            -70.803203,
            44.433727
          ],
          [
            -70.803352,
            44.433851
          ],
          [
            -70.803877,
            44.434289
          ],
          [
            -70.803994,
            44.434407
          ],
          [
            -70.804629,
            44.435047
          ],
          [
            -70.804898,
            44.435318
          ],
          [
            -70.805709,
            44.436418
          ],
          [
            -70.806725,
            44.437795
          ],
          [
            -70.807259,
            44.438519
          ],
          [
            -70.8078,
            44.439297
          ],
          [
            -70.808395,
            44.440153
          ],
          [
            -70.808784,
            44.44079
          ],
          [
            -70.808953,
            44.441201
          ],
          [
            -70.809158,
            44.441751
          ],
          [
            -70.809237,
            44.442176
          ],
          [
            -70.809338,
            44.442774
          ],
          [
            -70.809327,
            44.443502
          ],
          [
            -70.809242,
            44.444667
          ],
          [
            -70.809135,
            44.445617
          ],
          [
            -70.808992,
            44.446536
          ],
          [
            -70.808972,
            44.446725
          ],
          [
            -70.808797,
            44.448377
          ],
          [
            -70.808569,
            44.449138
          ],
          [
            -70.808376,
            44.449584
          ],
          [
            -70.808081,
            44.450188
          ],
          [
            -70.807642,
            44.450932
          ],
          [
            -70.807413,
            44.451281
          ],
          [
            -70.806834,
            44.452167
          ],
          [
            -70.806627,
            44.452482
          ],
          [
            -70.806409,
            44.452816
          ],
          [
            -70.805893,
            44.453603
          ],
          [
            -70.805451,
            44.454304
          ],
          [
            -70.805315,
            44.454578
          ],
          [
            -70.805202,
            44.454833
          ],
          [
            -70.805076,
            44.455157
          ],
          [
            -70.804893,
            44.455719
          ],
          [
            -70.804772,
            44.456211
          ],
          [
            -70.804642,
            44.456668
          ],
          [
            -70.804571,
            44.457084
          ],
          [
            -70.804553,
            44.457149
          ],
          [
            -70.804288,
            44.458848
          ],
          [
            -70.804089,
            44.460051
          ],
          [
            -70.803927,
            44.460761
          ],
          [
            -70.803781,
            44.461262
          ],
          [
            -70.803574,
            44.461879
          ],
          [
            -70.803387,
            44.462361
          ],
          [
            -70.803268,
            44.46263
          ],
          [
            -70.803124,
            44.462934
          ],
          [
            -70.80286,
            44.463437
          ],
          [
            -70.802729,
            44.463687
          ],
          [
            -70.802422,
            44.464184
          ],
          [
            -70.802282,
            44.46442
          ],
          [
            -70.801783,
            44.465168
          ],
          [
            -70.799746,
            44.467958
          ],
          [
            -70.79937,
            44.468508
          ],
          [
            -70.799358,
            44.46853
          ],
          [
            -70.799251,
            44.468719
          ],
          [
            -70.799117,
            44.468986
          ],
          [
            -70.798991,
            44.46929
          ],
          [
            -70.798822,
            44.469745
          ],
          [
            -70.798418,
            44.471037
          ],
          [
            -70.797849,
            44.472826
          ],
          [
            -70.795967,
            44.478134
          ],
          [
            -70.79593,
            44.478212
          ],
          [
            -70.795778,
            44.478541
          ],
          [
            -70.795615,
            44.478849
          ],
          [
            -70.795418,
            44.47916
          ],
          [
            -70.795213,
            44.479456
          ],
          [
            -70.794981,
            44.479742
          ],
          [
            -70.794721,
            44.480037
          ],
          [
            -70.794489,
            44.480291
          ],
          [
            -70.794232,
            44.480535
          ],
          [
            -70.793954,
            44.48079
          ],
          [
            -70.793458,
            44.481191
          ],
          [
            -70.791984,
            44.482355
          ],
          [
            -70.791443,
            44.482811
          ],
          [
            -70.791106,
            44.483146
          ],
          [
            -70.790462,
            44.483805
          ],
          [
            -70.789144,
            44.485268
          ],
          [
            -70.788931,
            44.485497
          ],
          [
            -70.788823,
            44.48562
          ],
          [
            -70.788674,
            44.485791
          ],
          [
            -70.7882,
            44.486358
          ],
          [
            -70.788107,
            44.486483
          ],
          [
            -70.787965,
            44.48665
          ],
          [
            -70.787845,
            44.486754
          ],
          [
            -70.787714,
            44.486865
          ],
          [
            -70.787206,
            44.487249
          ],
          [
            -70.787244,
            44.487287
          ],
          [
            -70.787491,
            44.487531
          ],
          [
            -70.787975,
            44.488024
          ],
          [
            -70.788222,
            44.488255
          ],
          [
            -70.788563,
            44.488487
          ],
          [
            -70.788815,
            44.488651
          ],
          [
            -70.789434,
            44.48898
          ],
          [
            -70.790282,
            44.489445
          ],
          [
            -70.790735,
            44.48974
          ],
          [
            -70.79113,
            44.49005
          ],
          [
            -70.791599,
            44.490467
          ],
          [
            -70.791671,
            44.490532
          ],
          [
            -70.792398,
            44.491175
          ],
          [
            -70.792881,
            44.491621
          ],
          [
            -70.793077,
            44.491862
          ],
          [
            -70.793173,
            44.492032
          ],
          [
            -70.793254,
            44.492306
          ],
          [
            -70.793319,
            44.492621
          ],
          [
            -70.793549,
            44.493314
          ],
          [
            -70.794089,
            44.494356
          ],
          [
            -70.794375,
            44.49472
          ],
          [
            -70.79471,
            44.495063
          ],
          [
            -70.795303,
            44.49539
          ],
          [
            -70.796462,
            44.495964
          ],
          [
            -70.798795,
            44.497186
          ],
          [
            -70.802307,
            44.498935
          ],
          [
            -70.803088,
            44.499298
          ],
          [
            -70.803868,
            44.499545
          ],
          [
            -70.80516,
            44.499871
          ],
          [
            -70.806225,
            44.500125
          ],
          [
            -70.807558,
            44.500448
          ],
          [
            -70.807916,
            44.500531
          ],
          [
            -70.809347,
            44.500852
          ],
          [
            -70.810109,
            44.501051
          ],
          [
            -70.810506,
            44.501164
          ],
          [
            -70.810809,
            44.501275
          ],
          [
            -70.811447,
            44.501516
          ],
          [
            -70.811877,
            44.501671
          ],
          [
            -70.81218,
            44.50178
          ],
          [
            -70.813467,
            44.502291
          ],
          [
            -70.813855,
            44.502441
          ],
          [
            -70.815345,
            44.503017
          ],
          [
            -70.816012,
            44.50323
          ],
          [
            -70.817139,
            44.503559
          ],
          [
            -70.820889,
            44.504649
          ],
          [
            -70.82234,
            44.505083
          ],
          [
            -70.822737,
            44.505244
          ],
          [
            -70.823005,
            44.505443
          ],
          [
            -70.82323,
            44.505742
          ],
          [
            -70.823391,
            44.506009
          ],
          [
            -70.823466,
            44.506338
          ],
          [
            -70.823423,
            44.506675
          ],
          [
            -70.82322,
            44.507027
          ],
          [
            -70.822922,
            44.507418
          ],
          [
            -70.822308,
            44.508228
          ],
          [
            -70.820763,
            44.510615
          ],
          [
            -70.82028,
            44.511388
          ],
          [
            -70.82014,
            44.511755
          ],
          [
            -70.820065,
            44.512199
          ],
          [
            -70.820087,
            44.513393
          ],
          [
            -70.820132,
            44.513838
          ],
          [
            -70.820211,
            44.514158
          ],
          [
            -70.820292,
            44.514538
          ],
          [
            -70.82031,
            44.514731
          ],
          [
            -70.820328,
            44.515004
          ],
          [
            -70.820322,
            44.515144
          ],
          [
            -70.820307,
            44.516044
          ],
          [
            -70.820339,
            44.516959
          ],
          [
            -70.820451,
            44.518189
          ],
          [
            -70.820457,
            44.518227
          ],
          [
            -70.820486,
            44.518421
          ],
          [
            -70.820536,
            44.518628
          ],
          [
            -70.820591,
            44.518771
          ],
          [
            -70.820622,
            44.518818
          ],
          [
            -70.820677,
            44.518901
          ],
          [
            -70.820835,
            44.519163
          ],
          [
            -70.821084,
            44.519533
          ],
          [
            -70.821599,
            44.520385
          ],
          [
            -70.821684,
            44.520516
          ],
          [
            -70.821857,
            44.520783
          ],
          [
            -70.822029,
            44.521112
          ],
          [
            -70.82219,
            44.521471
          ],
          [
            -70.822286,
            44.521823
          ],
          [
            -70.822329,
            44.522182
          ],
          [
            -70.822361,
            44.52398
          ],
          [
            -70.822364,
            44.524027
          ],
          [
            -70.822401,
            44.524841
          ],
          [
            -70.822443,
            44.52538
          ],
          [
            -70.82248,
            44.525953
          ],
          [
            -70.82255,
            44.526744
          ],
          [
            -70.8226,
            44.527006
          ],
          [
            -70.822696,
            44.527328
          ],
          [
            -70.822873,
            44.527774
          ],
          [
            -70.823062,
            44.528107
          ],
          [
            -70.823288,
            44.528407
          ],
          [
            -70.823662,
            44.528839
          ],
          [
            -70.824224,
            44.529408
          ],
          [
            -70.824749,
            44.529965
          ],
          [
            -70.824944,
            44.530242
          ],
          [
            -70.825087,
            44.530513
          ],
          [
            -70.82517,
            44.530704
          ],
          [
            -70.825208,
            44.53079
          ],
          [
            -70.825233,
            44.530862
          ],
          [
            -70.825336,
            44.531155
          ],
          [
            -70.825433,
            44.531694
          ],
          [
            -70.825457,
            44.53228
          ],
          [
            -70.825465,
            44.533064
          ],
          [
            -70.825486,
            44.533229
          ],
          [
            -70.825521,
            44.533465
          ],
          [
            -70.825595,
            44.533777
          ],
          [
            -70.825688,
            44.534031
          ],
          [
            -70.825853,
            44.534323
          ],
          [
            -70.826093,
            44.534573
          ],
          [
            -70.826424,
            44.534918
          ],
          [
            -70.82668,
            44.535237
          ],
          [
            -70.827203,
            44.535812
          ],
          [
            -70.82772,
            44.536442
          ],
          [
            -70.828183,
            44.537223
          ],
          [
            -70.828406,
            44.53758
          ],
          [
            -70.829118,
            44.538393
          ],
          [
            -70.829319,
            44.538581
          ],
          [
            -70.8295,
            44.538798
          ],
          [
            -70.829585,
            44.538897
          ],
          [
            -70.830388,
            44.53983
          ],
          [
            -70.830756,
            44.540483
          ],
          [
            -70.831075,
            44.541019
          ],
          [
            -70.831191,
            44.541163
          ],
          [
            -70.831474,
            44.541508
          ],
          [
            -70.831781,
            44.541855
          ],
          [
            -70.832671,
            44.543218
          ],
          [
            -70.832951,
            44.54363
          ],
          [
            -70.833133,
            44.54393
          ],
          [
            -70.833254,
            44.544205
          ],
          [
            -70.833463,
            44.544876
          ],
          [
            -70.833585,
            44.54515
          ],
          [
            -70.83376,
            44.54538
          ],
          [
            -70.833936,
            44.545545
          ],
          [
            -70.834122,
            44.545682
          ],
          [
            -70.834331,
            44.545807
          ],
          [
            -70.834535,
            44.545896
          ],
          [
            -70.834789,
            44.545985
          ],
          [
            -70.835785,
            44.546238
          ],
          [
            -70.83615,
            44.546321
          ],
          [
            -70.836508,
            44.546432
          ],
          [
            -70.83678,
            44.546529
          ],
          [
            -70.837023,
            44.546646
          ],
          [
            -70.837277,
            44.546795
          ],
          [
            -70.837555,
            44.546988
          ],
          [
            -70.83782,
            44.54721
          ],
          [
            -70.838177,
            44.54754
          ],
          [
            -70.838431,
            44.547758
          ],
          [
            -70.838714,
            44.547967
          ],
          [
            -70.839047,
            44.548189
          ],
          [
            -70.839347,
            44.548366
          ],
          [
            -70.839607,
            44.54854
          ],
          [
            -70.839879,
            44.548749
          ],
          [
            -70.840133,
            44.549007
          ],
          [
            -70.840337,
            44.549241
          ],
          [
            -70.840506,
            44.549491
          ],
          [
            -70.840636,
            44.549716
          ],
          [
            -70.840755,
            44.549998
          ],
          [
            -70.840829,
            44.55024
          ],
          [
            -70.840879,
            44.550546
          ],
          [
            -70.840902,
            44.550925
          ],
          [
            -70.840902,
            44.551364
          ],
          [
            -70.840896,
            44.551775
          ],
          [
            -70.840806,
            44.55292
          ],
          [
            -70.840795,
            44.553234
          ],
          [
            -70.840812,
            44.553472
          ],
          [
            -70.840874,
            44.55371
          ],
          [
            -70.840919,
            44.553871
          ],
          [
            -70.841004,
            44.554104
          ],
          [
            -70.841094,
            44.55431
          ],
          [
            -70.841258,
            44.55454
          ],
          [
            -70.841371,
            44.554705
          ],
          [
            -70.841524,
            44.554902
          ],
          [
            -70.841722,
            44.555096
          ],
          [
            -70.841982,
            44.555317
          ],
          [
            -70.842287,
            44.555519
          ],
          [
            -70.844383,
            44.556723
          ],
          [
            -70.845137,
            44.557163
          ],
          [
            -70.84789,
            44.558799
          ],
          [
            -70.851198,
            44.560722
          ],
          [
            -70.8526,
            44.561692
          ],
          [
            -70.852868,
            44.561914
          ],
          [
            -70.853105,
            44.562125
          ],
          [
            -70.853579,
            44.562654
          ],
          [
            -70.854389,
            44.563513
          ],
          [
            -70.854734,
            44.563879
          ],
          [
            -70.85494,
            44.564072
          ],
          [
            -70.855201,
            44.564264
          ],
          [
            -70.856077,
            44.564851
          ],
          [
            -70.856352,
            44.565035
          ],
          [
            -70.85657,
            44.565167
          ],
          [
            -70.85782,
            44.565923
          ],
          [
            -70.858321,
            44.566194
          ],
          [
            -70.858691,
            44.566395
          ],
          [
            -70.859154,
            44.566645
          ],
          [
            -70.859365,
            44.566759
          ],
          [
            -70.861044,
            44.567534
          ],
          [
            -70.862769,
            44.568277
          ],
          [
            -70.865134,
            44.569331
          ],
          [
            -70.866081,
            44.569743
          ],
          [
            -70.866685,
            44.569976
          ],
          [
            -70.867246,
            44.570153
          ],
          [
            -70.867459,
            44.570204
          ],
          [
            -70.868181,
            44.570394
          ],
          [
            -70.868892,
            44.57057
          ],
          [
            -70.869436,
            44.570673
          ],
          [
            -70.869917,
            44.57073
          ],
          [
            -70.870308,
            44.570763
          ],
          [
            -70.870719,
            44.57078
          ],
          [
            -70.870876,
            44.570782
          ],
          [
            -70.87099,
            44.570783
          ],
          [
            -70.871061,
            44.570784
          ],
          [
            -70.871491,
            44.57077
          ],
          [
            -70.871533,
            44.570767
          ],
          [
            -70.871828,
            44.570757
          ],
          [
            -70.87367,
            44.570696
          ],
          [
            -70.87397,
            44.570686
          ],
          [
            -70.875744,
            44.570649
          ],
          [
            -70.878068,
            44.570639
          ],
          [
            -70.87928,
            44.570612
          ],
          [
            -70.879664,
            44.570631
          ],
          [
            -70.880045,
            44.570683
          ],
          [
            -70.880895,
            44.57083
          ],
          [
            -70.881213,
            44.570862
          ],
          [
            -70.881619,
            44.570864
          ],
          [
            -70.882312,
            44.570848
          ],
          [
            -70.883275,
            44.570801
          ],
          [
            -70.88465,
            44.570769
          ],
          [
            -70.8855,
            44.570792
          ],
          [
            -70.886316,
            44.570857
          ],
          [
            -70.887201,
            44.571008
          ],
          [
            -70.888783,
            44.571313
          ],
          [
            -70.890127,
            44.571567
          ],
          [
            -70.892466,
            44.571997
          ],
          [
            -70.894864,
            44.57245
          ],
          [
            -70.89595,
            44.572658
          ],
          [
            -70.896602,
            44.57276
          ],
          [
            -70.897098,
            44.572798
          ],
          [
            -70.897645,
            44.572802
          ],
          [
            -70.898371,
            44.57274
          ],
          [
            -70.899987,
            44.572357
          ],
          [
            -70.900459,
            44.572284
          ],
          [
            -70.901269,
            44.572234
          ],
          [
            -70.902672,
            44.572177
          ],
          [
            -70.902671,
            44.571945
          ],
          [
            -70.902727,
            44.571831
          ],
          [
            -70.902767,
            44.571793
          ]
        ],
        "type": "LineString"
      }
    },
    {
      "type": "Feature",
      "properties": {
        "name": "Tamworth & Sandwich Loop",
        "color": "teal",
        "distance_km": 50.2,
        "duration_min": 59.5,
        "detail": "Tamworth & Sandwich Loop\n\nReal driving route via OSRM: 50.2 km, ~60 min (driving time only, no stops)."
      },
      "geometry": {
        "coordinates": [
          [
            -71.116859,
            44.028763
          ],
          [
            -71.116765,
            44.02869
          ],
          [
            -71.116564,
            44.028692
          ],
          [
            -71.116488,
            44.02822
          ],
          [
            -71.116223,
            44.028233
          ],
          [
            -71.115893,
            44.02825
          ],
          [
            -71.115582,
            44.027973
          ],
          [
            -71.115493,
            44.027894
          ],
          [
            -71.115407,
            44.027288
          ],
          [
            -71.115491,
            44.02728
          ],
          [
            -71.11562,
            44.027254
          ],
          [
            -71.115743,
            44.027202
          ],
          [
            -71.115869,
            44.027124
          ],
          [
            -71.115959,
            44.027026
          ],
          [
            -71.116001,
            44.026945
          ],
          [
            -71.116028,
            44.026875
          ],
          [
            -71.116046,
            44.026675
          ],
          [
            -71.116041,
            44.026525
          ],
          [
            -71.116462,
            44.026527
          ],
          [
            -71.117343,
            44.026491
          ],
          [
            -71.117569,
            44.02648
          ],
          [
            -71.117888,
            44.026467
          ],
          [
            -71.118111,
            44.026456
          ],
          [
            -71.118198,
            44.02645
          ],
          [
            -71.118337,
            44.026441
          ],
          [
            -71.118258,
            44.026252
          ],
          [
            -71.118153,
            44.026016
          ],
          [
            -71.11805,
            44.02579
          ],
          [
            -71.118004,
            44.025679
          ],
          [
            -71.117832,
            44.025287
          ],
          [
            -71.117818,
            44.025251
          ],
          [
            -71.117719,
            44.025002
          ],
          [
            -71.117604,
            44.024718
          ],
          [
            -71.117457,
            44.024346
          ],
          [
            -71.117337,
            44.024038
          ],
          [
            -71.117193,
            44.023692
          ],
          [
            -71.117178,
            44.023655
          ],
          [
            -71.116958,
            44.023127
          ],
          [
            -71.11685,
            44.022871
          ],
          [
            -71.116814,
            44.022785
          ],
          [
            -71.116783,
            44.022713
          ],
          [
            -71.116688,
            44.022486
          ],
          [
            -71.116517,
            44.022079
          ],
          [
            -71.116425,
            44.021863
          ],
          [
            -71.116343,
            44.021667
          ],
          [
            -71.116296,
            44.021555
          ],
          [
            -71.116223,
            44.021382
          ],
          [
            -71.116008,
            44.020871
          ],
          [
            -71.115936,
            44.020701
          ],
          [
            -71.11586,
            44.02052
          ],
          [
            -71.115813,
            44.020408
          ],
          [
            -71.115716,
            44.02018
          ],
          [
            -71.115619,
            44.019949
          ],
          [
            -71.115593,
            44.019887
          ],
          [
            -71.115563,
            44.019815
          ],
          [
            -71.115383,
            44.019387
          ],
          [
            -71.11529,
            44.019168
          ],
          [
            -71.115161,
            44.018862
          ],
          [
            -71.115075,
            44.018656
          ],
          [
            -71.114845,
            44.018112
          ],
          [
            -71.11465,
            44.017649
          ],
          [
            -71.114575,
            44.01747
          ],
          [
            -71.11451,
            44.017323
          ],
          [
            -71.114226,
            44.016615
          ],
          [
            -71.114097,
            44.016294
          ],
          [
            -71.113336,
            44.014397
          ],
          [
            -71.113131,
            44.013936
          ],
          [
            -71.113002,
            44.013563
          ],
          [
            -71.11295,
            44.013298
          ],
          [
            -71.1129,
            44.012908
          ],
          [
            -71.112887,
            44.012558
          ],
          [
            -71.112946,
            44.012073
          ],
          [
            -71.112977,
            44.011821
          ],
          [
            -71.113007,
            44.011732
          ],
          [
            -71.113271,
            44.01096
          ],
          [
            -71.114082,
            44.008847
          ],
          [
            -71.114395,
            44.008128
          ],
          [
            -71.114497,
            44.007821
          ],
          [
            -71.11454,
            44.007556
          ],
          [
            -71.11456,
            44.007317
          ],
          [
            -71.114564,
            44.006981
          ],
          [
            -71.114515,
            44.00654
          ],
          [
            -71.114457,
            44.006331
          ],
          [
            -71.114242,
            44.005664
          ],
          [
            -71.112959,
            44.002984
          ],
          [
            -71.112529,
            44.002159
          ],
          [
            -71.111865,
            44.000887
          ],
          [
            -71.111757,
            44.00068
          ],
          [
            -71.111286,
            44.000052
          ],
          [
            -71.110691,
            43.999273
          ],
          [
            -71.110312,
            43.998791
          ],
          [
            -71.110198,
            43.998618
          ],
          [
            -71.11009,
            43.998427
          ],
          [
            -71.110001,
            43.998236
          ],
          [
            -71.109922,
            43.998035
          ],
          [
            -71.109852,
            43.997806
          ],
          [
            -71.109803,
            43.997579
          ],
          [
            -71.109783,
            43.997388
          ],
          [
            -71.109775,
            43.997099
          ],
          [
            -71.109787,
            43.996877
          ],
          [
            -71.109824,
            43.996657
          ],
          [
            -71.109881,
            43.996447
          ],
          [
            -71.109977,
            43.996199
          ],
          [
            -71.11,
            43.99614
          ],
          [
            -71.110137,
            43.99586
          ],
          [
            -71.110194,
            43.995749
          ],
          [
            -71.110432,
            43.99531
          ],
          [
            -71.110617,
            43.995006
          ],
          [
            -71.110743,
            43.994791
          ],
          [
            -71.110888,
            43.994535
          ],
          [
            -71.110948,
            43.994422
          ],
          [
            -71.111022,
            43.994269
          ],
          [
            -71.111129,
            43.993975
          ],
          [
            -71.111172,
            43.993783
          ],
          [
            -71.111218,
            43.993505
          ],
          [
            -71.111219,
            43.993318
          ],
          [
            -71.111212,
            43.993144
          ],
          [
            -71.111181,
            43.992926
          ],
          [
            -71.111136,
            43.992721
          ],
          [
            -71.111097,
            43.992582
          ],
          [
            -71.111004,
            43.992344
          ],
          [
            -71.110937,
            43.99221
          ],
          [
            -71.110835,
            43.992028
          ],
          [
            -71.110723,
            43.991849
          ],
          [
            -71.110402,
            43.991382
          ],
          [
            -71.110316,
            43.991249
          ],
          [
            -71.110239,
            43.99111
          ],
          [
            -71.110157,
            43.990948
          ],
          [
            -71.110062,
            43.990726
          ],
          [
            -71.110019,
            43.99059
          ],
          [
            -71.109985,
            43.990463
          ],
          [
            -71.109972,
            43.990386
          ],
          [
            -71.109954,
            43.990263
          ],
          [
            -71.109944,
            43.99011
          ],
          [
            -71.109944,
            43.989985
          ],
          [
            -71.109953,
            43.989861
          ],
          [
            -71.109973,
            43.989705
          ],
          [
            -71.110021,
            43.989503
          ],
          [
            -71.110067,
            43.989359
          ],
          [
            -71.110079,
            43.989323
          ],
          [
            -71.110219,
            43.988989
          ],
          [
            -71.110363,
            43.988646
          ],
          [
            -71.110374,
            43.98862
          ],
          [
            -71.110414,
            43.988522
          ],
          [
            -71.1105,
            43.988311
          ],
          [
            -71.110552,
            43.988184
          ],
          [
            -71.110632,
            43.987987
          ],
          [
            -71.110713,
            43.987797
          ],
          [
            -71.110951,
            43.987235
          ],
          [
            -71.111066,
            43.986962
          ],
          [
            -71.111222,
            43.986636
          ],
          [
            -71.111381,
            43.98632
          ],
          [
            -71.111549,
            43.98603
          ],
          [
            -71.111742,
            43.985739
          ],
          [
            -71.11212,
            43.985245
          ],
          [
            -71.112356,
            43.984931
          ],
          [
            -71.11248,
            43.984776
          ],
          [
            -71.112863,
            43.984266
          ],
          [
            -71.11322,
            43.9838
          ],
          [
            -71.113839,
            43.982992
          ],
          [
            -71.114336,
            43.982344
          ],
          [
            -71.114668,
            43.981914
          ],
          [
            -71.115403,
            43.98094
          ],
          [
            -71.115795,
            43.980441
          ],
          [
            -71.115943,
            43.980252
          ],
          [
            -71.115971,
            43.980214
          ],
          [
            -71.116185,
            43.979932
          ],
          [
            -71.11627,
            43.979821
          ],
          [
            -71.116293,
            43.97979
          ],
          [
            -71.116483,
            43.97953
          ],
          [
            -71.116579,
            43.979398
          ],
          [
            -71.11672,
            43.979186
          ],
          [
            -71.116796,
            43.97912
          ],
          [
            -71.1169,
            43.979036
          ],
          [
            -71.116975,
            43.978982
          ],
          [
            -71.117041,
            43.978948
          ],
          [
            -71.117121,
            43.978919
          ],
          [
            -71.117376,
            43.978843
          ],
          [
            -71.118341,
            43.978795
          ],
          [
            -71.118471,
            43.978785
          ],
          [
            -71.118601,
            43.978775
          ],
          [
            -71.118967,
            43.978747
          ],
          [
            -71.119389,
            43.978713
          ],
          [
            -71.119866,
            43.978675
          ],
          [
            -71.120172,
            43.978653
          ],
          [
            -71.120316,
            43.978643
          ],
          [
            -71.120453,
            43.978635
          ],
          [
            -71.120591,
            43.978627
          ],
          [
            -71.12075,
            43.978618
          ],
          [
            -71.12083,
            43.978615
          ],
          [
            -71.12094,
            43.97861
          ],
          [
            -71.121114,
            43.978606
          ],
          [
            -71.121315,
            43.978606
          ],
          [
            -71.122118,
            43.978612
          ],
          [
            -71.122275,
            43.978613
          ],
          [
            -71.123119,
            43.978628
          ],
          [
            -71.123206,
            43.97863
          ],
          [
            -71.123648,
            43.978639
          ],
          [
            -71.124309,
            43.978656
          ],
          [
            -71.124381,
            43.978657
          ],
          [
            -71.125011,
            43.978669
          ],
          [
            -71.125089,
            43.978671
          ],
          [
            -71.125726,
            43.978683
          ],
          [
            -71.126107,
            43.97869
          ],
          [
            -71.126253,
            43.978691
          ],
          [
            -71.127319,
            43.978713
          ],
          [
            -71.12741,
            43.978715
          ],
          [
            -71.12768,
            43.978721
          ],
          [
            -71.130235,
            43.97878
          ],
          [
            -71.130739,
            43.978791
          ],
          [
            -71.131058,
            43.978787
          ],
          [
            -71.131353,
            43.97877
          ],
          [
            -71.131674,
            43.978736
          ],
          [
            -71.131982,
            43.978693
          ],
          [
            -71.132272,
            43.978638
          ],
          [
            -71.13252,
            43.978575
          ],
          [
            -71.132844,
            43.978477
          ],
          [
            -71.133147,
            43.978366
          ],
          [
            -71.133446,
            43.978252
          ],
          [
            -71.134489,
            43.97775
          ],
          [
            -71.136651,
            43.976703
          ],
          [
            -71.139009,
            43.975554
          ],
          [
            -71.139531,
            43.975297
          ],
          [
            -71.140222,
            43.974965
          ],
          [
            -71.14082,
            43.974666
          ],
          [
            -71.141105,
            43.974513
          ],
          [
            -71.141406,
            43.974331
          ],
          [
            -71.141631,
            43.974182
          ],
          [
            -71.141801,
            43.974058
          ],
          [
            -71.141916,
            43.97397
          ],
          [
            -71.142025,
            43.973873
          ],
          [
            -71.142105,
            43.973805
          ],
          [
            -71.142152,
            43.973761
          ],
          [
            -71.142184,
            43.973731
          ],
          [
            -71.142288,
            43.973631
          ],
          [
            -71.142399,
            43.973514
          ],
          [
            -71.142559,
            43.973343
          ],
          [
            -71.142713,
            43.97315
          ],
          [
            -71.142873,
            43.972929
          ],
          [
            -71.143032,
            43.972667
          ],
          [
            -71.143188,
            43.972359
          ],
          [
            -71.143457,
            43.971768
          ],
          [
            -71.143621,
            43.971389
          ],
          [
            -71.144019,
            43.970436
          ],
          [
            -71.144118,
            43.970206
          ],
          [
            -71.144247,
            43.96991
          ],
          [
            -71.144505,
            43.969315
          ],
          [
            -71.144704,
            43.968849
          ],
          [
            -71.144984,
            43.968173
          ],
          [
            -71.145179,
            43.967562
          ],
          [
            -71.145428,
            43.966755
          ],
          [
            -71.145666,
            43.966
          ],
          [
            -71.145801,
            43.965554
          ],
          [
            -71.145838,
            43.965435
          ],
          [
            -71.145924,
            43.965173
          ],
          [
            -71.145993,
            43.964979
          ],
          [
            -71.146106,
            43.964654
          ],
          [
            -71.146266,
            43.964287
          ],
          [
            -71.146454,
            43.963914
          ],
          [
            -71.146742,
            43.963425
          ],
          [
            -71.146857,
            43.963253
          ],
          [
            -71.147045,
            43.963006
          ],
          [
            -71.147556,
            43.962387
          ],
          [
            -71.147732,
            43.962195
          ],
          [
            -71.147876,
            43.962038
          ],
          [
            -71.14804,
            43.961867
          ],
          [
            -71.148814,
            43.961062
          ],
          [
            -71.14902,
            43.960895
          ],
          [
            -71.149041,
            43.960878
          ],
          [
            -71.149334,
            43.960646
          ],
          [
            -71.149691,
            43.960408
          ],
          [
            -71.149874,
            43.960296
          ],
          [
            -71.150174,
            43.960143
          ],
          [
            -71.150454,
            43.960003
          ],
          [
            -71.150792,
            43.959851
          ],
          [
            -71.151103,
            43.959728
          ],
          [
            -71.151503,
            43.95959
          ],
          [
            -71.151718,
            43.959521
          ],
          [
            -71.152005,
            43.959439
          ],
          [
            -71.152354,
            43.959359
          ],
          [
            -71.152686,
            43.959292
          ],
          [
            -71.1531,
            43.959222
          ],
          [
            -71.153476,
            43.959178
          ],
          [
            -71.153878,
            43.959144
          ],
          [
            -71.154337,
            43.959122
          ],
          [
            -71.154685,
            43.959106
          ],
          [
            -71.15557,
            43.959061
          ],
          [
            -71.15579,
            43.95905
          ],
          [
            -71.156153,
            43.959017
          ],
          [
            -71.156509,
            43.958963
          ],
          [
            -71.15689,
            43.95888
          ],
          [
            -71.157465,
            43.958736
          ],
          [
            -71.157546,
            43.958713
          ],
          [
            -71.157641,
            43.958687
          ],
          [
            -71.15802,
            43.958589
          ],
          [
            -71.158376,
            43.958508
          ],
          [
            -71.158645,
            43.958467
          ],
          [
            -71.158905,
            43.958443
          ],
          [
            -71.159196,
            43.95843
          ],
          [
            -71.160202,
            43.958426
          ],
          [
            -71.160712,
            43.958414
          ],
          [
            -71.161028,
            43.958398
          ],
          [
            -71.161313,
            43.958373
          ],
          [
            -71.161551,
            43.958344
          ],
          [
            -71.161978,
            43.95829
          ],
          [
            -71.162183,
            43.958257
          ],
          [
            -71.162421,
            43.958208
          ],
          [
            -71.162646,
            43.958155
          ],
          [
            -71.163149,
            43.958027
          ],
          [
            -71.16319,
            43.958016
          ],
          [
            -71.163631,
            43.957895
          ],
          [
            -71.164072,
            43.957774
          ],
          [
            -71.164257,
            43.957732
          ],
          [
            -71.164686,
            43.957654
          ],
          [
            -71.164877,
            43.957634
          ],
          [
            -71.16539,
            43.957607
          ],
          [
            -71.165897,
            43.957624
          ],
          [
            -71.166361,
            43.957672
          ],
          [
            -71.166795,
            43.957755
          ],
          [
            -71.166906,
            43.957776
          ],
          [
            -71.167153,
            43.957844
          ],
          [
            -71.167313,
            43.957889
          ],
          [
            -71.167788,
            43.958064
          ],
          [
            -71.168123,
            43.958185
          ],
          [
            -71.168446,
            43.958282
          ],
          [
            -71.168716,
            43.958347
          ],
          [
            -71.16895,
            43.95839
          ],
          [
            -71.169131,
            43.958411
          ],
          [
            -71.169374,
            43.958431
          ],
          [
            -71.169853,
            43.958463
          ],
          [
            -71.170349,
            43.958419
          ],
          [
            -71.171606,
            43.95824
          ],
          [
            -71.172781,
            43.958086
          ],
          [
            -71.173699,
            43.957927
          ],
          [
            -71.174088,
            43.957906
          ],
          [
            -71.174973,
            43.957858
          ],
          [
            -71.175755,
            43.957845
          ],
          [
            -71.176365,
            43.957835
          ],
          [
            -71.17717,
            43.957881
          ],
          [
            -71.177907,
            43.958033
          ],
          [
            -71.178154,
            43.958099
          ],
          [
            -71.178738,
            43.958256
          ],
          [
            -71.179552,
            43.958534
          ],
          [
            -71.180581,
            43.959077
          ],
          [
            -71.18129,
            43.959354
          ],
          [
            -71.181933,
            43.959539
          ],
          [
            -71.182328,
            43.959635
          ],
          [
            -71.182929,
            43.95971
          ],
          [
            -71.183704,
            43.959716
          ],
          [
            -71.185012,
            43.959649
          ],
          [
            -71.18718,
            43.959481
          ],
          [
            -71.188359,
            43.959351
          ],
          [
            -71.18888,
            43.95934
          ],
          [
            -71.18938,
            43.959348
          ],
          [
            -71.189793,
            43.959369
          ],
          [
            -71.190367,
            43.959417
          ],
          [
            -71.190627,
            43.959442
          ],
          [
            -71.190885,
            43.959475
          ],
          [
            -71.191341,
            43.959544
          ],
          [
            -71.192259,
            43.959726
          ],
          [
            -71.192887,
            43.959861
          ],
          [
            -71.19335,
            43.959956
          ],
          [
            -71.193923,
            43.960058
          ],
          [
            -71.194247,
            43.960096
          ],
          [
            -71.194556,
            43.960122
          ],
          [
            -71.194883,
            43.960135
          ],
          [
            -71.195193,
            43.960137
          ],
          [
            -71.195721,
            43.96009
          ],
          [
            -71.196388,
            43.959987
          ],
          [
            -71.196888,
            43.959848
          ],
          [
            -71.197153,
            43.959718
          ],
          [
            -71.197644,
            43.959477
          ],
          [
            -71.197928,
            43.959337
          ],
          [
            -71.19888,
            43.958857
          ],
          [
            -71.199895,
            43.958388
          ],
          [
            -71.200747,
            43.958147
          ],
          [
            -71.201315,
            43.958089
          ],
          [
            -71.202421,
            43.958108
          ],
          [
            -71.203345,
            43.958076
          ],
          [
            -71.204862,
            43.957765
          ],
          [
            -71.206812,
            43.957405
          ],
          [
            -71.207014,
            43.957362
          ],
          [
            -71.20764,
            43.95723
          ],
          [
            -71.208084,
            43.957096
          ],
          [
            -71.208279,
            43.957037
          ],
          [
            -71.208643,
            43.956889
          ],
          [
            -71.209102,
            43.956573
          ],
          [
            -71.209519,
            43.956226
          ],
          [
            -71.209547,
            43.956194
          ],
          [
            -71.210234,
            43.955424
          ],
          [
            -71.210841,
            43.954798
          ],
          [
            -71.211053,
            43.954647
          ],
          [
            -71.211299,
            43.954471
          ],
          [
            -71.211861,
            43.954113
          ],
          [
            -71.211878,
            43.954104
          ],
          [
            -71.212884,
            43.953564
          ],
          [
            -71.21341,
            43.953281
          ],
          [
            -71.213726,
            43.953112
          ],
          [
            -71.214188,
            43.952863
          ],
          [
            -71.214401,
            43.952749
          ],
          [
            -71.215085,
            43.952299
          ],
          [
            -71.215444,
            43.952013
          ],
          [
            -71.215678,
            43.951702
          ],
          [
            -71.216005,
            43.950958
          ],
          [
            -71.216573,
            43.94987
          ],
          [
            -71.217487,
            43.948451
          ],
          [
            -71.218507,
            43.947083
          ],
          [
            -71.219175,
            43.946229
          ],
          [
            -71.219806,
            43.94557
          ],
          [
            -71.220922,
            43.944666
          ],
          [
            -71.222818,
            43.943198
          ],
          [
            -71.223724,
            43.942429
          ],
          [
            -71.224172,
            43.941973
          ],
          [
            -71.224474,
            43.941573
          ],
          [
            -71.224582,
            43.94143
          ],
          [
            -71.224815,
            43.941013
          ],
          [
            -71.225085,
            43.940311
          ],
          [
            -71.225211,
            43.939781
          ],
          [
            -71.225243,
            43.939447
          ],
          [
            -71.2257,
            43.939406
          ],
          [
            -71.225811,
            43.939366
          ],
          [
            -71.226266,
            43.939305
          ],
          [
            -71.226526,
            43.93925
          ],
          [
            -71.226686,
            43.939278
          ],
          [
            -71.226939,
            43.939449
          ],
          [
            -71.227053,
            43.939559
          ],
          [
            -71.227232,
            43.939668
          ],
          [
            -71.227665,
            43.939798
          ],
          [
            -71.228252,
            43.94015
          ],
          [
            -71.228616,
            43.940332
          ],
          [
            -71.228928,
            43.940489
          ],
          [
            -71.228956,
            43.940503
          ],
          [
            -71.228956,
            43.940503
          ],
          [
            -71.228928,
            43.940489
          ],
          [
            -71.228616,
            43.940332
          ],
          [
            -71.228252,
            43.94015
          ],
          [
            -71.227665,
            43.939798
          ],
          [
            -71.227232,
            43.939668
          ],
          [
            -71.227053,
            43.939559
          ],
          [
            -71.226939,
            43.939449
          ],
          [
            -71.226686,
            43.939278
          ],
          [
            -71.226526,
            43.93925
          ],
          [
            -71.226266,
            43.939305
          ],
          [
            -71.225811,
            43.939366
          ],
          [
            -71.2257,
            43.939406
          ],
          [
            -71.225243,
            43.939447
          ],
          [
            -71.225218,
            43.938976
          ],
          [
            -71.225211,
            43.938841
          ],
          [
            -71.225167,
            43.938619
          ],
          [
            -71.225124,
            43.938402
          ],
          [
            -71.225109,
            43.938326
          ],
          [
            -71.224868,
            43.937519
          ],
          [
            -71.224537,
            43.936529
          ],
          [
            -71.224082,
            43.93521
          ],
          [
            -71.223769,
            43.934156
          ],
          [
            -71.22362,
            43.933651
          ],
          [
            -71.223554,
            43.933355
          ],
          [
            -71.223365,
            43.932503
          ],
          [
            -71.223309,
            43.931699
          ],
          [
            -71.223307,
            43.931531
          ],
          [
            -71.223325,
            43.931064
          ],
          [
            -71.223335,
            43.930794
          ],
          [
            -71.223341,
            43.930625
          ],
          [
            -71.223319,
            43.930147
          ],
          [
            -71.223324,
            43.929346
          ],
          [
            -71.223325,
            43.929033
          ],
          [
            -71.223352,
            43.928723
          ],
          [
            -71.223335,
            43.928094
          ],
          [
            -71.223331,
            43.927949
          ],
          [
            -71.22333,
            43.927926
          ],
          [
            -71.223321,
            43.927595
          ],
          [
            -71.223317,
            43.927534
          ],
          [
            -71.223265,
            43.926801
          ],
          [
            -71.223227,
            43.92663
          ],
          [
            -71.223144,
            43.926158
          ],
          [
            -71.223057,
            43.925625
          ],
          [
            -71.223037,
            43.925504
          ],
          [
            -71.223012,
            43.925038
          ],
          [
            -71.223066,
            43.924579
          ],
          [
            -71.223268,
            43.923937
          ],
          [
            -71.223585,
            43.923401
          ],
          [
            -71.223659,
            43.923276
          ],
          [
            -71.223953,
            43.922907
          ],
          [
            -71.224701,
            43.922222
          ],
          [
            -71.224782,
            43.922156
          ],
          [
            -71.225903,
            43.921237
          ],
          [
            -71.226433,
            43.920803
          ],
          [
            -71.226511,
            43.920736
          ],
          [
            -71.226684,
            43.920588
          ],
          [
            -71.227427,
            43.919951
          ],
          [
            -71.228225,
            43.919317
          ],
          [
            -71.228434,
            43.919191
          ],
          [
            -71.228821,
            43.919002
          ],
          [
            -71.2293,
            43.918866
          ],
          [
            -71.229546,
            43.918828
          ],
          [
            -71.229711,
            43.918798
          ],
          [
            -71.230228,
            43.918734
          ],
          [
            -71.231088,
            43.918661
          ],
          [
            -71.231636,
            43.918551
          ],
          [
            -71.23229,
            43.918341
          ],
          [
            -71.233139,
            43.917967
          ],
          [
            -71.233963,
            43.917603
          ],
          [
            -71.234309,
            43.91745
          ],
          [
            -71.235513,
            43.91695
          ],
          [
            -71.236141,
            43.91661
          ],
          [
            -71.236599,
            43.916292
          ],
          [
            -71.236737,
            43.916183
          ],
          [
            -71.237209,
            43.915672
          ],
          [
            -71.237308,
            43.91551
          ],
          [
            -71.237504,
            43.915124
          ],
          [
            -71.237632,
            43.91484
          ],
          [
            -71.237681,
            43.91463
          ],
          [
            -71.237728,
            43.914198
          ],
          [
            -71.237702,
            43.913707
          ],
          [
            -71.237603,
            43.913316
          ],
          [
            -71.237583,
            43.91324
          ],
          [
            -71.237374,
            43.912848
          ],
          [
            -71.23702,
            43.912321
          ],
          [
            -71.235818,
            43.910869
          ],
          [
            -71.235044,
            43.909954
          ],
          [
            -71.234525,
            43.909316
          ],
          [
            -71.234348,
            43.909073
          ],
          [
            -71.234035,
            43.908645
          ],
          [
            -71.233695,
            43.908104
          ],
          [
            -71.233267,
            43.907157
          ],
          [
            -71.233245,
            43.907097
          ],
          [
            -71.232697,
            43.905577
          ],
          [
            -71.232572,
            43.905229
          ],
          [
            -71.23226,
            43.904416
          ],
          [
            -71.232033,
            43.903761
          ],
          [
            -71.231681,
            43.902865
          ],
          [
            -71.231347,
            43.902058
          ],
          [
            -71.231073,
            43.90125
          ],
          [
            -71.230484,
            43.899664
          ],
          [
            -71.23034,
            43.899224
          ],
          [
            -71.230321,
            43.899173
          ],
          [
            -71.230013,
            43.898364
          ],
          [
            -71.229705,
            43.897569
          ],
          [
            -71.229483,
            43.897147
          ],
          [
            -71.22945,
            43.897104
          ],
          [
            -71.229201,
            43.896777
          ],
          [
            -71.229013,
            43.89653
          ],
          [
            -71.228131,
            43.895606
          ],
          [
            -71.227812,
            43.895197
          ],
          [
            -71.227537,
            43.894747
          ],
          [
            -71.227418,
            43.89438
          ],
          [
            -71.227318,
            43.893818
          ],
          [
            -71.227294,
            43.89326
          ],
          [
            -71.227319,
            43.893145
          ],
          [
            -71.227434,
            43.892627
          ],
          [
            -71.227457,
            43.892525
          ],
          [
            -71.227603,
            43.891984
          ],
          [
            -71.227658,
            43.89178
          ],
          [
            -71.227759,
            43.891361
          ],
          [
            -71.227927,
            43.890665
          ],
          [
            -71.22823,
            43.889473
          ],
          [
            -71.228451,
            43.888605
          ],
          [
            -71.228615,
            43.888102
          ],
          [
            -71.228669,
            43.887937
          ],
          [
            -71.228731,
            43.887589
          ],
          [
            -71.228742,
            43.887528
          ],
          [
            -71.228777,
            43.887276
          ],
          [
            -71.228776,
            43.886928
          ],
          [
            -71.228706,
            43.886482
          ],
          [
            -71.228614,
            43.886136
          ],
          [
            -71.228443,
            43.885757
          ],
          [
            -71.22826,
            43.88549
          ],
          [
            -71.227908,
            43.88509
          ],
          [
            -71.227579,
            43.884817
          ],
          [
            -71.227464,
            43.884748
          ],
          [
            -71.226978,
            43.884492
          ],
          [
            -71.226254,
            43.884181
          ],
          [
            -71.22558,
            43.883807
          ],
          [
            -71.225188,
            43.883545
          ],
          [
            -71.22487,
            43.883275
          ],
          [
            -71.224574,
            43.882988
          ],
          [
            -71.224222,
            43.882605
          ],
          [
            -71.224137,
            43.882513
          ],
          [
            -71.223968,
            43.882301
          ],
          [
            -71.223637,
            43.881886
          ],
          [
            -71.223286,
            43.881401
          ],
          [
            -71.223143,
            43.881204
          ],
          [
            -71.22301,
            43.880951
          ],
          [
            -71.222871,
            43.88065
          ],
          [
            -71.222769,
            43.880411
          ],
          [
            -71.222477,
            43.880032
          ],
          [
            -71.222165,
            43.879709
          ],
          [
            -71.221852,
            43.879466
          ],
          [
            -71.221394,
            43.879139
          ],
          [
            -71.221074,
            43.878806
          ],
          [
            -71.221031,
            43.878748
          ],
          [
            -71.220719,
            43.878338
          ],
          [
            -71.220474,
            43.877894
          ],
          [
            -71.22038,
            43.877704
          ],
          [
            -71.220332,
            43.877594
          ],
          [
            -71.220431,
            43.877571
          ],
          [
            -71.220594,
            43.877532
          ],
          [
            -71.220929,
            43.87744
          ],
          [
            -71.221156,
            43.87738
          ],
          [
            -71.221324,
            43.877346
          ],
          [
            -71.221537,
            43.877298
          ],
          [
            -71.221818,
            43.877227
          ],
          [
            -71.222091,
            43.877168
          ],
          [
            -71.222901,
            43.876982
          ],
          [
            -71.22329,
            43.876886
          ],
          [
            -71.224,
            43.876723
          ],
          [
            -71.224673,
            43.876569
          ],
          [
            -71.225444,
            43.876437
          ],
          [
            -71.226844,
            43.876266
          ],
          [
            -71.227186,
            43.876211
          ],
          [
            -71.227492,
            43.876161
          ],
          [
            -71.227673,
            43.876152
          ],
          [
            -71.228727,
            43.876096
          ],
          [
            -71.229293,
            43.876072
          ],
          [
            -71.229565,
            43.876037
          ],
          [
            -71.22975,
            43.875971
          ],
          [
            -71.230006,
            43.875887
          ],
          [
            -71.230166,
            43.875865
          ],
          [
            -71.230409,
            43.875841
          ],
          [
            -71.230817,
            43.875839
          ],
          [
            -71.231628,
            43.875855
          ],
          [
            -71.232055,
            43.875833
          ],
          [
            -71.232654,
            43.875827
          ],
          [
            -71.233322,
            43.875725
          ],
          [
            -71.234223,
            43.875574
          ],
          [
            -71.235547,
            43.875391
          ],
          [
            -71.23592,
            43.875321
          ],
          [
            -71.236307,
            43.875259
          ],
          [
            -71.236692,
            43.87523
          ],
          [
            -71.237486,
            43.875201
          ],
          [
            -71.238158,
            43.87522
          ],
          [
            -71.238517,
            43.875194
          ],
          [
            -71.23883,
            43.875131
          ],
          [
            -71.239029,
            43.875059
          ],
          [
            -71.239189,
            43.875013
          ],
          [
            -71.239718,
            43.874704
          ],
          [
            -71.239855,
            43.87464
          ],
          [
            -71.240389,
            43.874389
          ],
          [
            -71.240877,
            43.874104
          ],
          [
            -71.24144,
            43.87371
          ],
          [
            -71.241583,
            43.87361
          ],
          [
            -71.242006,
            43.873281
          ],
          [
            -71.242478,
            43.872923
          ],
          [
            -71.242718,
            43.872761
          ],
          [
            -71.244062,
            43.871848
          ],
          [
            -71.24433,
            43.871624
          ],
          [
            -71.24455,
            43.871368
          ],
          [
            -71.244895,
            43.870838
          ],
          [
            -71.245174,
            43.870386
          ],
          [
            -71.245269,
            43.870055
          ],
          [
            -71.245285,
            43.869882
          ],
          [
            -71.245306,
            43.869667
          ],
          [
            -71.245382,
            43.869054
          ],
          [
            -71.245437,
            43.868836
          ],
          [
            -71.245624,
            43.868507
          ],
          [
            -71.245822,
            43.868067
          ],
          [
            -71.246026,
            43.867419
          ],
          [
            -71.246146,
            43.867206
          ],
          [
            -71.246303,
            43.867019
          ],
          [
            -71.246605,
            43.866694
          ],
          [
            -71.247016,
            43.866339
          ],
          [
            -71.247533,
            43.865913
          ],
          [
            -71.247604,
            43.865854
          ],
          [
            -71.247905,
            43.865679
          ],
          [
            -71.248012,
            43.865616
          ],
          [
            -71.248463,
            43.865423
          ],
          [
            -71.248979,
            43.865301
          ],
          [
            -71.249632,
            43.865192
          ],
          [
            -71.250003,
            43.865123
          ],
          [
            -71.251089,
            43.864886
          ],
          [
            -71.252103,
            43.864665
          ],
          [
            -71.252827,
            43.864467
          ],
          [
            -71.253118,
            43.864359
          ],
          [
            -71.253548,
            43.864179
          ],
          [
            -71.253991,
            43.863918
          ],
          [
            -71.254385,
            43.863678
          ],
          [
            -71.254833,
            43.86339
          ],
          [
            -71.255073,
            43.863266
          ],
          [
            -71.255313,
            43.863044
          ],
          [
            -71.255652,
            43.862775
          ],
          [
            -71.25578,
            43.862694
          ],
          [
            -71.256009,
            43.862549
          ],
          [
            -71.256473,
            43.862293
          ],
          [
            -71.256896,
            43.86205
          ],
          [
            -71.257625,
            43.861747
          ],
          [
            -71.258131,
            43.861526
          ],
          [
            -71.258428,
            43.861396
          ],
          [
            -71.258713,
            43.86128
          ],
          [
            -71.259276,
            43.861051
          ],
          [
            -71.259617,
            43.860907
          ],
          [
            -71.260088,
            43.860727
          ],
          [
            -71.26033,
            43.860639
          ],
          [
            -71.260556,
            43.860547
          ],
          [
            -71.260577,
            43.86054
          ],
          [
            -71.261425,
            43.860192
          ],
          [
            -71.261857,
            43.860009
          ],
          [
            -71.261863,
            43.860007
          ],
          [
            -71.262322,
            43.859829
          ],
          [
            -71.262478,
            43.859782
          ],
          [
            -71.262438,
            43.859533
          ],
          [
            -71.262427,
            43.859474
          ],
          [
            -71.262395,
            43.859311
          ],
          [
            -71.262357,
            43.859043
          ],
          [
            -71.262345,
            43.858958
          ],
          [
            -71.262315,
            43.858657
          ],
          [
            -71.262287,
            43.858312
          ],
          [
            -71.262259,
            43.857953
          ],
          [
            -71.262248,
            43.857646
          ],
          [
            -71.262263,
            43.85724
          ],
          [
            -71.262283,
            43.856903
          ],
          [
            -71.2624,
            43.855846
          ],
          [
            -71.262456,
            43.855398
          ],
          [
            -71.262537,
            43.854737
          ],
          [
            -71.262617,
            43.854226
          ],
          [
            -71.26269,
            43.853822
          ],
          [
            -71.262784,
            43.853222
          ],
          [
            -71.262936,
            43.852376
          ],
          [
            -71.262986,
            43.852089
          ],
          [
            -71.26306,
            43.851654
          ],
          [
            -71.263125,
            43.851288
          ],
          [
            -71.26323,
            43.850844
          ],
          [
            -71.263362,
            43.850401
          ],
          [
            -71.263475,
            43.850064
          ],
          [
            -71.263648,
            43.849641
          ],
          [
            -71.263779,
            43.849364
          ],
          [
            -71.263948,
            43.849057
          ],
          [
            -71.264146,
            43.848732
          ],
          [
            -71.264325,
            43.84846
          ],
          [
            -71.264879,
            43.847723
          ],
          [
            -71.265286,
            43.847175
          ],
          [
            -71.265492,
            43.846902
          ],
          [
            -71.265656,
            43.846681
          ],
          [
            -71.265886,
            43.846392
          ],
          [
            -71.266036,
            43.846154
          ],
          [
            -71.266164,
            43.845929
          ],
          [
            -71.266262,
            43.845709
          ],
          [
            -71.26633,
            43.845538
          ],
          [
            -71.266382,
            43.845352
          ],
          [
            -71.26642,
            43.845146
          ],
          [
            -71.26644,
            43.844958
          ],
          [
            -71.266438,
            43.84478
          ],
          [
            -71.26643,
            43.844628
          ],
          [
            -71.266395,
            43.844337
          ],
          [
            -71.266332,
            43.844071
          ],
          [
            -71.26627,
            43.84388
          ],
          [
            -71.266216,
            43.843755
          ],
          [
            -71.266164,
            43.843653
          ],
          [
            -71.26605,
            43.843454
          ],
          [
            -71.265908,
            43.84324
          ],
          [
            -71.265619,
            43.84288
          ],
          [
            -71.265101,
            43.842285
          ],
          [
            -71.264888,
            43.842016
          ],
          [
            -71.264758,
            43.841816
          ],
          [
            -71.26467,
            43.841646
          ],
          [
            -71.264588,
            43.841441
          ],
          [
            -71.264537,
            43.841258
          ],
          [
            -71.264508,
            43.841023
          ],
          [
            -71.264515,
            43.840804
          ],
          [
            -71.264539,
            43.840636
          ],
          [
            -71.264597,
            43.840394
          ],
          [
            -71.264667,
            43.84011
          ],
          [
            -71.264735,
            43.839866
          ],
          [
            -71.264833,
            43.839461
          ],
          [
            -71.264945,
            43.839028
          ],
          [
            -71.264994,
            43.838845
          ],
          [
            -71.26508,
            43.838544
          ],
          [
            -71.265176,
            43.838173
          ],
          [
            -71.265261,
            43.837842
          ],
          [
            -71.265306,
            43.837641
          ],
          [
            -71.265347,
            43.837463
          ],
          [
            -71.265537,
            43.836689
          ],
          [
            -71.265715,
            43.835957
          ],
          [
            -71.26574,
            43.835844
          ],
          [
            -71.26581,
            43.835566
          ],
          [
            -71.265897,
            43.835224
          ],
          [
            -71.26596,
            43.834959
          ],
          [
            -71.266069,
            43.834621
          ],
          [
            -71.266142,
            43.834417
          ],
          [
            -71.266212,
            43.834172
          ],
          [
            -71.266442,
            43.833717
          ],
          [
            -71.266588,
            43.833316
          ],
          [
            -71.266618,
            43.833122
          ],
          [
            -71.266653,
            43.832854
          ],
          [
            -71.266655,
            43.832534
          ],
          [
            -71.266654,
            43.832506
          ],
          [
            -71.266646,
            43.832274
          ],
          [
            -71.266643,
            43.832135
          ],
          [
            -71.266643,
            43.831795
          ],
          [
            -71.266646,
            43.831683
          ],
          [
            -71.266648,
            43.831624
          ],
          [
            -71.266787,
            43.831622
          ],
          [
            -71.26699,
            43.831621
          ],
          [
            -71.2673,
            43.831629
          ],
          [
            -71.267821,
            43.831627
          ],
          [
            -71.268135,
            43.831621
          ],
          [
            -71.268268,
            43.83162
          ],
          [
            -71.268553,
            43.831598
          ],
          [
            -71.268935,
            43.831549
          ],
          [
            -71.269222,
            43.831513
          ],
          [
            -71.269415,
            43.83149
          ],
          [
            -71.269586,
            43.831473
          ],
          [
            -71.269696,
            43.831469
          ],
          [
            -71.269828,
            43.831461
          ],
          [
            -71.269928,
            43.831459
          ],
          [
            -71.27004,
            43.831462
          ],
          [
            -71.27013,
            43.831467
          ],
          [
            -71.270276,
            43.831478
          ],
          [
            -71.271335,
            43.831582
          ],
          [
            -71.271595,
            43.831615
          ],
          [
            -71.271803,
            43.831625
          ],
          [
            -71.271905,
            43.831624
          ],
          [
            -71.272025,
            43.831617
          ],
          [
            -71.272107,
            43.831603
          ],
          [
            -71.272222,
            43.831579
          ],
          [
            -71.272337,
            43.831545
          ],
          [
            -71.272434,
            43.831504
          ],
          [
            -71.272539,
            43.831453
          ],
          [
            -71.272623,
            43.8314
          ],
          [
            -71.272681,
            43.831356
          ],
          [
            -71.272744,
            43.831299
          ],
          [
            -71.272788,
            43.831248
          ],
          [
            -71.27285,
            43.831155
          ],
          [
            -71.272925,
            43.831
          ],
          [
            -71.273009,
            43.830742
          ],
          [
            -71.273127,
            43.830394
          ],
          [
            -71.27315,
            43.830301
          ],
          [
            -71.273312,
            43.830323
          ],
          [
            -71.273676,
            43.830366
          ],
          [
            -71.273943,
            43.830401
          ],
          [
            -71.274211,
            43.830426
          ],
          [
            -71.274616,
            43.830457
          ],
          [
            -71.274997,
            43.83048
          ],
          [
            -71.275426,
            43.830491
          ],
          [
            -71.275967,
            43.830504
          ],
          [
            -71.276524,
            43.830497
          ],
          [
            -71.277396,
            43.830451
          ],
          [
            -71.278273,
            43.830356
          ],
          [
            -71.278499,
            43.830318
          ],
          [
            -71.279114,
            43.830241
          ],
          [
            -71.281321,
            43.829989
          ],
          [
            -71.282441,
            43.829885
          ],
          [
            -71.283588,
            43.829807
          ],
          [
            -71.28369,
            43.829803
          ],
          [
            -71.284567,
            43.829773
          ],
          [
            -71.285879,
            43.829751
          ],
          [
            -71.286696,
            43.829744
          ],
          [
            -71.287602,
            43.829774
          ],
          [
            -71.287859,
            43.829776
          ],
          [
            -71.288199,
            43.829779
          ],
          [
            -71.289322,
            43.829754
          ],
          [
            -71.289584,
            43.829719
          ],
          [
            -71.290074,
            43.82964
          ],
          [
            -71.290601,
            43.829534
          ],
          [
            -71.290886,
            43.829447
          ],
          [
            -71.291757,
            43.829195
          ],
          [
            -71.29221,
            43.829063
          ],
          [
            -71.29325,
            43.828769
          ],
          [
            -71.293632,
            43.828648
          ],
          [
            -71.294655,
            43.828347
          ],
          [
            -71.295334,
            43.828154
          ],
          [
            -71.295745,
            43.828037
          ],
          [
            -71.29602,
            43.827934
          ],
          [
            -71.296326,
            43.827805
          ],
          [
            -71.296955,
            43.82751
          ],
          [
            -71.297906,
            43.827008
          ],
          [
            -71.298625,
            43.826639
          ],
          [
            -71.299422,
            43.826203
          ],
          [
            -71.30031,
            43.825733
          ],
          [
            -71.300627,
            43.825629
          ],
          [
            -71.300943,
            43.825524
          ],
          [
            -71.301317,
            43.825423
          ],
          [
            -71.302529,
            43.825186
          ],
          [
            -71.303077,
            43.825102
          ],
          [
            -71.303428,
            43.825066
          ],
          [
            -71.303528,
            43.825054
          ],
          [
            -71.303872,
            43.825022
          ],
          [
            -71.304381,
            43.824962
          ],
          [
            -71.304689,
            43.824933
          ],
          [
            -71.305203,
            43.824881
          ],
          [
            -71.305974,
            43.824783
          ],
          [
            -71.306167,
            43.824759
          ],
          [
            -71.306627,
            43.8247
          ],
          [
            -71.307344,
            43.824602
          ],
          [
            -71.308333,
            43.8245
          ],
          [
            -71.309787,
            43.824492
          ],
          [
            -71.30986,
            43.824495
          ],
          [
            -71.310221,
            43.824513
          ],
          [
            -71.310368,
            43.82452
          ],
          [
            -71.310866,
            43.824563
          ],
          [
            -71.311152,
            43.824608
          ],
          [
            -71.311601,
            43.824685
          ],
          [
            -71.311852,
            43.82474
          ],
          [
            -71.312108,
            43.824809
          ],
          [
            -71.312401,
            43.824893
          ],
          [
            -71.312573,
            43.824942
          ],
          [
            -71.314317,
            43.825425
          ],
          [
            -71.314639,
            43.82552
          ],
          [
            -71.314962,
            43.825604
          ],
          [
            -71.317241,
            43.826236
          ],
          [
            -71.318212,
            43.826522
          ],
          [
            -71.318749,
            43.82668
          ],
          [
            -71.319611,
            43.826936
          ],
          [
            -71.320163,
            43.827107
          ],
          [
            -71.320643,
            43.827255
          ],
          [
            -71.322015,
            43.827668
          ],
          [
            -71.322692,
            43.827835
          ],
          [
            -71.323502,
            43.82794
          ],
          [
            -71.323787,
            43.827959
          ],
          [
            -71.323928,
            43.827967
          ],
          [
            -71.324456,
            43.827996
          ],
          [
            -71.325359,
            43.827964
          ],
          [
            -71.325587,
            43.827952
          ],
          [
            -71.325989,
            43.8279
          ],
          [
            -71.326637,
            43.827791
          ],
          [
            -71.327494,
            43.827625
          ],
          [
            -71.3277,
            43.827559
          ],
          [
            -71.329878,
            43.827061
          ],
          [
            -71.33033,
            43.826979
          ],
          [
            -71.331076,
            43.826805
          ],
          [
            -71.331757,
            43.826666
          ],
          [
            -71.332857,
            43.8264
          ],
          [
            -71.333801,
            43.826207
          ],
          [
            -71.334989,
            43.825939
          ],
          [
            -71.335359,
            43.825855
          ],
          [
            -71.336018,
            43.82564
          ],
          [
            -71.336462,
            43.825505
          ],
          [
            -71.337696,
            43.82496
          ],
          [
            -71.338248,
            43.824667
          ],
          [
            -71.33875,
            43.824356
          ],
          [
            -71.339489,
            43.823897
          ],
          [
            -71.340782,
            43.823314
          ],
          [
            -71.341061,
            43.823188
          ],
          [
            -71.341485,
            43.823023
          ],
          [
            -71.342935,
            43.822439
          ],
          [
            -71.343515,
            43.822224
          ],
          [
            -71.344718,
            43.821745
          ],
          [
            -71.345348,
            43.821474
          ],
          [
            -71.346841,
            43.820912
          ],
          [
            -71.347591,
            43.820599
          ],
          [
            -71.348223,
            43.820364
          ],
          [
            -71.34842,
            43.820291
          ],
          [
            -71.348802,
            43.820162
          ],
          [
            -71.349398,
            43.819921
          ],
          [
            -71.350505,
            43.819429
          ],
          [
            -71.350734,
            43.819303
          ],
          [
            -71.351115,
            43.819029
          ],
          [
            -71.351819,
            43.818507
          ],
          [
            -71.352515,
            43.817879
          ],
          [
            -71.353065,
            43.817238
          ],
          [
            -71.353247,
            43.816927
          ],
          [
            -71.353477,
            43.816598
          ],
          [
            -71.353582,
            43.816397
          ],
          [
            -71.353658,
            43.816252
          ],
          [
            -71.353874,
            43.815611
          ],
          [
            -71.354037,
            43.814926
          ],
          [
            -71.354052,
            43.81484
          ],
          [
            -71.354069,
            43.814678
          ],
          [
            -71.354076,
            43.814415
          ],
          [
            -71.354069,
            43.81407
          ],
          [
            -71.354036,
            43.813666
          ],
          [
            -71.353991,
            43.813262
          ],
          [
            -71.353929,
            43.812641
          ],
          [
            -71.353877,
            43.812209
          ],
          [
            -71.353831,
            43.811782
          ],
          [
            -71.353779,
            43.811378
          ],
          [
            -71.353753,
            43.811178
          ],
          [
            -71.353746,
            43.811061
          ],
          [
            -71.353664,
            43.810179
          ],
          [
            -71.353669,
            43.80993
          ],
          [
            -71.353672,
            43.809749
          ],
          [
            -71.353696,
            43.809405
          ],
          [
            -71.353712,
            43.809249
          ],
          [
            -71.353766,
            43.808984
          ],
          [
            -71.353855,
            43.808546
          ],
          [
            -71.353881,
            43.808476
          ],
          [
            -71.353991,
            43.807951
          ],
          [
            -71.354035,
            43.807818
          ],
          [
            -71.354337,
            43.807172
          ],
          [
            -71.354609,
            43.806748
          ],
          [
            -71.355209,
            43.805928
          ],
          [
            -71.356216,
            43.804687
          ],
          [
            -71.356439,
            43.804424
          ],
          [
            -71.35707,
            43.803648
          ],
          [
            -71.357463,
            43.80316
          ],
          [
            -71.357922,
            43.80265
          ],
          [
            -71.358123,
            43.802452
          ],
          [
            -71.358614,
            43.802011
          ],
          [
            -71.359489,
            43.801432
          ],
          [
            -71.359554,
            43.801401
          ],
          [
            -71.359909,
            43.801245
          ],
          [
            -71.360282,
            43.801093
          ],
          [
            -71.360858,
            43.800856
          ],
          [
            -71.361664,
            43.800633
          ],
          [
            -71.36201,
            43.800565
          ],
          [
            -71.365603,
            43.799735
          ],
          [
            -71.366907,
            43.79931
          ],
          [
            -71.367624,
            43.799031
          ],
          [
            -71.36849,
            43.79859
          ],
          [
            -71.36909,
            43.798227
          ],
          [
            -71.369479,
            43.797964
          ],
          [
            -71.369758,
            43.797927
          ],
          [
            -71.370053,
            43.797912
          ],
          [
            -71.370433,
            43.797885
          ],
          [
            -71.371747,
            43.797834
          ],
          [
            -71.372217,
            43.797787
          ],
          [
            -71.373268,
            43.797681
          ],
          [
            -71.374044,
            43.797655
          ],
          [
            -71.374571,
            43.797681
          ],
          [
            -71.374762,
            43.797693
          ],
          [
            -71.375113,
            43.79772
          ],
          [
            -71.375398,
            43.797743
          ],
          [
            -71.375998,
            43.797775
          ],
          [
            -71.376339,
            43.797788
          ],
          [
            -71.376945,
            43.797791
          ],
          [
            -71.377774,
            43.797719
          ],
          [
            -71.378222,
            43.797623
          ],
          [
            -71.379798,
            43.797384
          ],
          [
            -71.380178,
            43.797326
          ],
          [
            -71.381415,
            43.797084
          ],
          [
            -71.38286,
            43.796779
          ],
          [
            -71.383062,
            43.796736
          ],
          [
            -71.383448,
            43.796655
          ],
          [
            -71.383983,
            43.796508
          ],
          [
            -71.385001,
            43.79615
          ],
          [
            -71.385806,
            43.79585
          ],
          [
            -71.386093,
            43.795749
          ],
          [
            -71.386329,
            43.795698
          ],
          [
            -71.386968,
            43.795652
          ],
          [
            -71.387251,
            43.795645
          ],
          [
            -71.387397,
            43.795634
          ],
          [
            -71.387639,
            43.795614
          ],
          [
            -71.387838,
            43.795598
          ],
          [
            -71.388551,
            43.795541
          ],
          [
            -71.389062,
            43.795477
          ],
          [
            -71.389476,
            43.795404
          ],
          [
            -71.390003,
            43.79518
          ],
          [
            -71.390374,
            43.795013
          ],
          [
            -71.390538,
            43.794945
          ],
          [
            -71.390767,
            43.794849
          ],
          [
            -71.391605,
            43.79472
          ],
          [
            -71.391773,
            43.794703
          ],
          [
            -71.392201,
            43.794692
          ],
          [
            -71.392614,
            43.794732
          ],
          [
            -71.394222,
            43.794936
          ],
          [
            -71.395381,
            43.795036
          ],
          [
            -71.396697,
            43.795228
          ],
          [
            -71.397418,
            43.795247
          ],
          [
            -71.397707,
            43.795229
          ],
          [
            -71.39782,
            43.795217
          ],
          [
            -71.398022,
            43.795197
          ],
          [
            -71.39852,
            43.795116
          ],
          [
            -71.399122,
            43.794977
          ],
          [
            -71.399427,
            43.794888
          ],
          [
            -71.399849,
            43.794713
          ],
          [
            -71.400259,
            43.794497
          ],
          [
            -71.400504,
            43.794339
          ],
          [
            -71.400745,
            43.794152
          ],
          [
            -71.401209,
            43.793716
          ],
          [
            -71.40146,
            43.793429
          ],
          [
            -71.401821,
            43.792709
          ],
          [
            -71.40205,
            43.792305
          ],
          [
            -71.40216,
            43.792154
          ],
          [
            -71.402292,
            43.792042
          ],
          [
            -71.4024,
            43.791974
          ],
          [
            -71.402556,
            43.791917
          ],
          [
            -71.403368,
            43.791772
          ],
          [
            -71.404308,
            43.791648
          ],
          [
            -71.405629,
            43.791519
          ],
          [
            -71.40624,
            43.791455
          ],
          [
            -71.408893,
            43.791177
          ],
          [
            -71.408996,
            43.791167
          ],
          [
            -71.410155,
            43.791058
          ],
          [
            -71.410899,
            43.791014
          ],
          [
            -71.410991,
            43.791084
          ],
          [
            -71.411298,
            43.791283
          ],
          [
            -71.411644,
            43.791468
          ],
          [
            -71.412185,
            43.791755
          ],
          [
            -71.412706,
            43.79208
          ],
          [
            -71.413012,
            43.792287
          ],
          [
            -71.413526,
            43.792639
          ],
          [
            -71.413963,
            43.792925
          ],
          [
            -71.414105,
            43.793003
          ],
          [
            -71.414477,
            43.793201
          ],
          [
            -71.415423,
            43.793649
          ],
          [
            -71.416051,
            43.79395
          ],
          [
            -71.416397,
            43.794115
          ],
          [
            -71.417434,
            43.794599
          ],
          [
            -71.41832,
            43.795018
          ],
          [
            -71.418724,
            43.795209
          ],
          [
            -71.4203,
            43.795861
          ],
          [
            -71.421219,
            43.796203
          ],
          [
            -71.422167,
            43.796604
          ],
          [
            -71.422888,
            43.796961
          ],
          [
            -71.423381,
            43.797279
          ],
          [
            -71.424006,
            43.797763
          ],
          [
            -71.424148,
            43.797849
          ],
          [
            -71.424232,
            43.797905
          ],
          [
            -71.424493,
            43.798084
          ],
          [
            -71.42468,
            43.798185
          ],
          [
            -71.425328,
            43.798574
          ],
          [
            -71.425991,
            43.798952
          ],
          [
            -71.427066,
            43.799593
          ],
          [
            -71.428707,
            43.80056
          ],
          [
            -71.428822,
            43.800628
          ],
          [
            -71.429658,
            43.801072
          ],
          [
            -71.429891,
            43.801195
          ],
          [
            -71.430171,
            43.801376
          ],
          [
            -71.43065,
            43.801686
          ],
          [
            -71.432142,
            43.802586
          ],
          [
            -71.432606,
            43.802863
          ],
          [
            -71.433468,
            43.803363
          ],
          [
            -71.434012,
            43.803677
          ],
          [
            -71.434443,
            43.803939
          ],
          [
            -71.434899,
            43.804225
          ],
          [
            -71.4351,
            43.804358
          ],
          [
            -71.435183,
            43.804413
          ],
          [
            -71.435742,
            43.804768
          ],
          [
            -71.436498,
            43.805283
          ],
          [
            -71.436991,
            43.805601
          ],
          [
            -71.437303,
            43.805821
          ],
          [
            -71.437587,
            43.806015
          ],
          [
            -71.437962,
            43.806262
          ],
          [
            -71.438009,
            43.806293
          ]
        ],
        "type": "LineString"
      }
    },
    {
      "type": "Feature",
      "properties": {
        "name": "Fryeburg & Lovell Loop",
        "color": "purple",
        "distance_km": 60.0,
        "duration_min": 81.3,
        "detail": "Fryeburg & Lovell Loop\n\nReal driving route via OSRM: 60.0 km, ~81 min (driving time only, no stops)."
      },
      "geometry": {
        "coordinates": [
          [
            -71.116859,
            44.028763
          ],
          [
            -71.116765,
            44.02869
          ],
          [
            -71.116564,
            44.028692
          ],
          [
            -71.116488,
            44.02822
          ],
          [
            -71.116223,
            44.028233
          ],
          [
            -71.115893,
            44.02825
          ],
          [
            -71.115582,
            44.027973
          ],
          [
            -71.115493,
            44.027894
          ],
          [
            -71.115407,
            44.027288
          ],
          [
            -71.115491,
            44.02728
          ],
          [
            -71.11562,
            44.027254
          ],
          [
            -71.115743,
            44.027202
          ],
          [
            -71.115869,
            44.027124
          ],
          [
            -71.115959,
            44.027026
          ],
          [
            -71.116001,
            44.026945
          ],
          [
            -71.116028,
            44.026875
          ],
          [
            -71.116046,
            44.026675
          ],
          [
            -71.116041,
            44.026525
          ],
          [
            -71.116462,
            44.026527
          ],
          [
            -71.117343,
            44.026491
          ],
          [
            -71.117569,
            44.02648
          ],
          [
            -71.117888,
            44.026467
          ],
          [
            -71.118111,
            44.026456
          ],
          [
            -71.118198,
            44.02645
          ],
          [
            -71.118337,
            44.026441
          ],
          [
            -71.118258,
            44.026252
          ],
          [
            -71.118153,
            44.026016
          ],
          [
            -71.11805,
            44.02579
          ],
          [
            -71.118004,
            44.025679
          ],
          [
            -71.117832,
            44.025287
          ],
          [
            -71.117818,
            44.025251
          ],
          [
            -71.117719,
            44.025002
          ],
          [
            -71.117604,
            44.024718
          ],
          [
            -71.117457,
            44.024346
          ],
          [
            -71.117337,
            44.024038
          ],
          [
            -71.117193,
            44.023692
          ],
          [
            -71.117178,
            44.023655
          ],
          [
            -71.116958,
            44.023127
          ],
          [
            -71.11685,
            44.022871
          ],
          [
            -71.116814,
            44.022785
          ],
          [
            -71.116783,
            44.022713
          ],
          [
            -71.116688,
            44.022486
          ],
          [
            -71.116517,
            44.022079
          ],
          [
            -71.116425,
            44.021863
          ],
          [
            -71.116343,
            44.021667
          ],
          [
            -71.116296,
            44.021555
          ],
          [
            -71.116223,
            44.021382
          ],
          [
            -71.116008,
            44.020871
          ],
          [
            -71.115936,
            44.020701
          ],
          [
            -71.11586,
            44.02052
          ],
          [
            -71.115813,
            44.020408
          ],
          [
            -71.115716,
            44.02018
          ],
          [
            -71.115619,
            44.019949
          ],
          [
            -71.115593,
            44.019887
          ],
          [
            -71.115563,
            44.019815
          ],
          [
            -71.115383,
            44.019387
          ],
          [
            -71.11529,
            44.019168
          ],
          [
            -71.115161,
            44.018862
          ],
          [
            -71.115075,
            44.018656
          ],
          [
            -71.114845,
            44.018112
          ],
          [
            -71.11465,
            44.017649
          ],
          [
            -71.114575,
            44.01747
          ],
          [
            -71.11451,
            44.017323
          ],
          [
            -71.114226,
            44.016615
          ],
          [
            -71.114097,
            44.016294
          ],
          [
            -71.113336,
            44.014397
          ],
          [
            -71.113131,
            44.013936
          ],
          [
            -71.113002,
            44.013563
          ],
          [
            -71.11295,
            44.013298
          ],
          [
            -71.1129,
            44.012908
          ],
          [
            -71.112887,
            44.012558
          ],
          [
            -71.112946,
            44.012073
          ],
          [
            -71.112977,
            44.011821
          ],
          [
            -71.113007,
            44.011732
          ],
          [
            -71.113271,
            44.01096
          ],
          [
            -71.114082,
            44.008847
          ],
          [
            -71.114395,
            44.008128
          ],
          [
            -71.114497,
            44.007821
          ],
          [
            -71.11454,
            44.007556
          ],
          [
            -71.11456,
            44.007317
          ],
          [
            -71.114564,
            44.006981
          ],
          [
            -71.114515,
            44.00654
          ],
          [
            -71.114457,
            44.006331
          ],
          [
            -71.114242,
            44.005664
          ],
          [
            -71.112959,
            44.002984
          ],
          [
            -71.112529,
            44.002159
          ],
          [
            -71.111865,
            44.000887
          ],
          [
            -71.111757,
            44.00068
          ],
          [
            -71.111286,
            44.000052
          ],
          [
            -71.110691,
            43.999273
          ],
          [
            -71.110312,
            43.998791
          ],
          [
            -71.110198,
            43.998618
          ],
          [
            -71.11009,
            43.998427
          ],
          [
            -71.110001,
            43.998236
          ],
          [
            -71.109922,
            43.998035
          ],
          [
            -71.109852,
            43.997806
          ],
          [
            -71.109803,
            43.997579
          ],
          [
            -71.109783,
            43.997388
          ],
          [
            -71.109775,
            43.997099
          ],
          [
            -71.109787,
            43.996877
          ],
          [
            -71.109824,
            43.996657
          ],
          [
            -71.109881,
            43.996447
          ],
          [
            -71.109977,
            43.996199
          ],
          [
            -71.11,
            43.99614
          ],
          [
            -71.110137,
            43.99586
          ],
          [
            -71.110194,
            43.995749
          ],
          [
            -71.110432,
            43.99531
          ],
          [
            -71.110617,
            43.995006
          ],
          [
            -71.110743,
            43.994791
          ],
          [
            -71.110888,
            43.994535
          ],
          [
            -71.110948,
            43.994422
          ],
          [
            -71.111272,
            43.994361
          ],
          [
            -71.111348,
            43.994326
          ],
          [
            -71.111396,
            43.994274
          ],
          [
            -71.111419,
            43.99421
          ],
          [
            -71.111393,
            43.994133
          ],
          [
            -71.111393,
            43.994133
          ],
          [
            -71.111129,
            43.993975
          ],
          [
            -71.111172,
            43.993783
          ],
          [
            -71.111218,
            43.993505
          ],
          [
            -71.111219,
            43.993318
          ],
          [
            -71.111212,
            43.993144
          ],
          [
            -71.111181,
            43.992926
          ],
          [
            -71.111136,
            43.992721
          ],
          [
            -71.111097,
            43.992582
          ],
          [
            -71.111004,
            43.992344
          ],
          [
            -71.110937,
            43.99221
          ],
          [
            -71.110835,
            43.992028
          ],
          [
            -71.110723,
            43.991849
          ],
          [
            -71.110402,
            43.991382
          ],
          [
            -71.110316,
            43.991249
          ],
          [
            -71.110239,
            43.99111
          ],
          [
            -71.110157,
            43.990948
          ],
          [
            -71.110062,
            43.990726
          ],
          [
            -71.110019,
            43.99059
          ],
          [
            -71.109985,
            43.990463
          ],
          [
            -71.109972,
            43.990386
          ],
          [
            -71.109954,
            43.990263
          ],
          [
            -71.109944,
            43.99011
          ],
          [
            -71.109944,
            43.989985
          ],
          [
            -71.109953,
            43.989861
          ],
          [
            -71.109973,
            43.989705
          ],
          [
            -71.110021,
            43.989503
          ],
          [
            -71.110067,
            43.989359
          ],
          [
            -71.110079,
            43.989323
          ],
          [
            -71.110219,
            43.988989
          ],
          [
            -71.110363,
            43.988646
          ],
          [
            -71.110374,
            43.98862
          ],
          [
            -71.110414,
            43.988522
          ],
          [
            -71.1105,
            43.988311
          ],
          [
            -71.110552,
            43.988184
          ],
          [
            -71.110632,
            43.987987
          ],
          [
            -71.110713,
            43.987797
          ],
          [
            -71.110951,
            43.987235
          ],
          [
            -71.111066,
            43.986962
          ],
          [
            -71.111222,
            43.986636
          ],
          [
            -71.111381,
            43.98632
          ],
          [
            -71.111549,
            43.98603
          ],
          [
            -71.111742,
            43.985739
          ],
          [
            -71.11212,
            43.985245
          ],
          [
            -71.112356,
            43.984931
          ],
          [
            -71.11248,
            43.984776
          ],
          [
            -71.112863,
            43.984266
          ],
          [
            -71.11322,
            43.9838
          ],
          [
            -71.113839,
            43.982992
          ],
          [
            -71.114336,
            43.982344
          ],
          [
            -71.114668,
            43.981914
          ],
          [
            -71.115403,
            43.98094
          ],
          [
            -71.115795,
            43.980441
          ],
          [
            -71.115943,
            43.980252
          ],
          [
            -71.115971,
            43.980214
          ],
          [
            -71.116185,
            43.979932
          ],
          [
            -71.11627,
            43.979821
          ],
          [
            -71.116293,
            43.97979
          ],
          [
            -71.116483,
            43.97953
          ],
          [
            -71.116579,
            43.979398
          ],
          [
            -71.11672,
            43.979186
          ],
          [
            -71.116892,
            43.978861
          ],
          [
            -71.116498,
            43.978875
          ],
          [
            -71.116359,
            43.978879
          ],
          [
            -71.116178,
            43.978887
          ],
          [
            -71.115866,
            43.978905
          ],
          [
            -71.115259,
            43.97894
          ],
          [
            -71.114845,
            43.978962
          ],
          [
            -71.11432,
            43.978991
          ],
          [
            -71.113855,
            43.979018
          ],
          [
            -71.113628,
            43.979033
          ],
          [
            -71.113422,
            43.979048
          ],
          [
            -71.113179,
            43.97907
          ],
          [
            -71.112942,
            43.9791
          ],
          [
            -71.112682,
            43.979135
          ],
          [
            -71.111945,
            43.979244
          ],
          [
            -71.111201,
            43.979351
          ],
          [
            -71.109771,
            43.979559
          ],
          [
            -71.109237,
            43.979634
          ],
          [
            -71.108865,
            43.979691
          ],
          [
            -71.10852,
            43.979752
          ],
          [
            -71.108256,
            43.97981
          ],
          [
            -71.107961,
            43.979889
          ],
          [
            -71.107611,
            43.980001
          ],
          [
            -71.107308,
            43.980114
          ],
          [
            -71.106863,
            43.980302
          ],
          [
            -71.106026,
            43.980679
          ],
          [
            -71.105674,
            43.980846
          ],
          [
            -71.105218,
            43.981048
          ],
          [
            -71.104585,
            43.981336
          ],
          [
            -71.102959,
            43.982077
          ],
          [
            -71.102191,
            43.982428
          ],
          [
            -71.10154,
            43.982722
          ],
          [
            -71.100632,
            43.983135
          ],
          [
            -71.100534,
            43.98318
          ],
          [
            -71.099773,
            43.983525
          ],
          [
            -71.098993,
            43.983884
          ],
          [
            -71.098729,
            43.984004
          ],
          [
            -71.098401,
            43.98415
          ],
          [
            -71.09799,
            43.984336
          ],
          [
            -71.09744,
            43.984588
          ],
          [
            -71.09614,
            43.985195
          ],
          [
            -71.095338,
            43.985618
          ],
          [
            -71.094541,
            43.986058
          ],
          [
            -71.092869,
            43.987057
          ],
          [
            -71.092034,
            43.987558
          ],
          [
            -71.091256,
            43.988025
          ],
          [
            -71.090324,
            43.988588
          ],
          [
            -71.089717,
            43.988948
          ],
          [
            -71.089239,
            43.989233
          ],
          [
            -71.088615,
            43.989603
          ],
          [
            -71.087809,
            43.990092
          ],
          [
            -71.087689,
            43.990162
          ],
          [
            -71.087273,
            43.99041
          ],
          [
            -71.086356,
            43.99096
          ],
          [
            -71.086136,
            43.991091
          ],
          [
            -71.085914,
            43.991223
          ],
          [
            -71.085769,
            43.991309
          ],
          [
            -71.085389,
            43.991538
          ],
          [
            -71.08436,
            43.992154
          ],
          [
            -71.083289,
            43.992788
          ],
          [
            -71.083141,
            43.992876
          ],
          [
            -71.082995,
            43.992968
          ],
          [
            -71.082531,
            43.993262
          ],
          [
            -71.081847,
            43.993691
          ],
          [
            -71.081264,
            43.994036
          ],
          [
            -71.079634,
            43.994969
          ],
          [
            -71.078458,
            43.995612
          ],
          [
            -71.078198,
            43.995735
          ],
          [
            -71.077937,
            43.995865
          ],
          [
            -71.076995,
            43.996217
          ],
          [
            -71.076639,
            43.996335
          ],
          [
            -71.07637,
            43.996407
          ],
          [
            -71.076099,
            43.996473
          ],
          [
            -71.075777,
            43.996548
          ],
          [
            -71.075312,
            43.996657
          ],
          [
            -71.074799,
            43.996749
          ],
          [
            -71.073994,
            43.996863
          ],
          [
            -71.073394,
            43.996907
          ],
          [
            -71.072823,
            43.996926
          ],
          [
            -71.072176,
            43.996928
          ],
          [
            -71.071571,
            43.996904
          ],
          [
            -71.070668,
            43.99683
          ],
          [
            -71.070324,
            43.996795
          ],
          [
            -71.069959,
            43.996743
          ],
          [
            -71.069495,
            43.996657
          ],
          [
            -71.069017,
            43.996551
          ],
          [
            -71.068132,
            43.996326
          ],
          [
            -71.067746,
            43.996218
          ],
          [
            -71.067361,
            43.996111
          ],
          [
            -71.067187,
            43.996067
          ],
          [
            -71.066995,
            43.996019
          ],
          [
            -71.066373,
            43.995881
          ],
          [
            -71.06633,
            43.995872
          ],
          [
            -71.065944,
            43.995788
          ],
          [
            -71.065616,
            43.995732
          ],
          [
            -71.065502,
            43.995712
          ],
          [
            -71.065207,
            43.995668
          ],
          [
            -71.065055,
            43.995646
          ],
          [
            -71.064761,
            43.995618
          ],
          [
            -71.064546,
            43.995598
          ],
          [
            -71.064342,
            43.995589
          ],
          [
            -71.063457,
            43.995547
          ],
          [
            -71.062601,
            43.995511
          ],
          [
            -71.062125,
            43.995485
          ],
          [
            -71.061605,
            43.995438
          ],
          [
            -71.061228,
            43.995394
          ],
          [
            -71.060731,
            43.995333
          ],
          [
            -71.06025,
            43.995275
          ],
          [
            -71.05911,
            43.995144
          ],
          [
            -71.058949,
            43.995124
          ],
          [
            -71.05865,
            43.995082
          ],
          [
            -71.058495,
            43.995067
          ],
          [
            -71.057111,
            43.994895
          ],
          [
            -71.056559,
            43.994812
          ],
          [
            -71.056196,
            43.994744
          ],
          [
            -71.055866,
            43.994664
          ],
          [
            -71.055596,
            43.994579
          ],
          [
            -71.055299,
            43.994472
          ],
          [
            -71.054966,
            43.994342
          ],
          [
            -71.054658,
            43.994194
          ],
          [
            -71.054016,
            43.993859
          ],
          [
            -71.05368,
            43.993673
          ],
          [
            -71.053626,
            43.993645
          ],
          [
            -71.053408,
            43.993533
          ],
          [
            -71.053142,
            43.993395
          ],
          [
            -71.052806,
            43.993222
          ],
          [
            -71.051855,
            43.992732
          ],
          [
            -71.050606,
            43.992177
          ],
          [
            -71.049941,
            43.991952
          ],
          [
            -71.049299,
            43.991851
          ],
          [
            -71.04871,
            43.991792
          ],
          [
            -71.048123,
            43.991774
          ],
          [
            -71.04768,
            43.991788
          ],
          [
            -71.047042,
            43.991797
          ],
          [
            -71.046651,
            43.991806
          ],
          [
            -71.046187,
            43.991822
          ],
          [
            -71.045743,
            43.991853
          ],
          [
            -71.045467,
            43.991883
          ],
          [
            -71.045108,
            43.991926
          ],
          [
            -71.044429,
            43.99203
          ],
          [
            -71.043283,
            43.992317
          ],
          [
            -71.042429,
            43.99261
          ],
          [
            -71.042202,
            43.992688
          ],
          [
            -71.041285,
            43.993139
          ],
          [
            -71.04102,
            43.993269
          ],
          [
            -71.039902,
            43.993883
          ],
          [
            -71.039764,
            43.99397
          ],
          [
            -71.039381,
            43.994209
          ],
          [
            -71.038731,
            43.994616
          ],
          [
            -71.038015,
            43.994986
          ],
          [
            -71.037846,
            43.995073
          ],
          [
            -71.037494,
            43.995198
          ],
          [
            -71.037017,
            43.995366
          ],
          [
            -71.03637,
            43.995509
          ],
          [
            -71.0358,
            43.995576
          ],
          [
            -71.03528,
            43.995614
          ],
          [
            -71.034526,
            43.995623
          ],
          [
            -71.033574,
            43.995627
          ],
          [
            -71.032947,
            43.99563
          ],
          [
            -71.032148,
            43.995638
          ],
          [
            -71.030697,
            43.995696
          ],
          [
            -71.030003,
            43.995778
          ],
          [
            -71.029427,
            43.995946
          ],
          [
            -71.02902,
            43.996065
          ],
          [
            -71.028411,
            43.996342
          ],
          [
            -71.028356,
            43.996367
          ],
          [
            -71.02803,
            43.996513
          ],
          [
            -71.027848,
            43.996588
          ],
          [
            -71.027524,
            43.996722
          ],
          [
            -71.026661,
            43.997011
          ],
          [
            -71.025638,
            43.997263
          ],
          [
            -71.024719,
            43.99743
          ],
          [
            -71.0241,
            43.997502
          ],
          [
            -71.024055,
            43.997507
          ],
          [
            -71.023299,
            43.997592
          ],
          [
            -71.023268,
            43.997596
          ],
          [
            -71.022315,
            43.997699
          ],
          [
            -71.021901,
            43.997756
          ],
          [
            -71.021276,
            43.997831
          ],
          [
            -71.020829,
            43.997884
          ],
          [
            -71.019911,
            43.997979
          ],
          [
            -71.018957,
            43.998078
          ],
          [
            -71.018619,
            43.998116
          ],
          [
            -71.018212,
            43.998168
          ],
          [
            -71.01556,
            43.998492
          ],
          [
            -71.014993,
            43.99856
          ],
          [
            -71.014623,
            43.998602
          ],
          [
            -71.013397,
            43.998733
          ],
          [
            -71.012824,
            43.998798
          ],
          [
            -71.012258,
            43.998854
          ],
          [
            -71.011249,
            43.998926
          ],
          [
            -71.010779,
            43.998944
          ],
          [
            -71.010315,
            43.998958
          ],
          [
            -71.009854,
            43.998961
          ],
          [
            -71.009413,
            43.998962
          ],
          [
            -71.008827,
            43.998955
          ],
          [
            -71.007997,
            43.998943
          ],
          [
            -71.00686,
            43.998926
          ],
          [
            -71.006271,
            43.998922
          ],
          [
            -71.005217,
            43.998903
          ],
          [
            -71.004418,
            43.998894
          ],
          [
            -71.004086,
            43.998891
          ],
          [
            -71.003896,
            43.998888
          ],
          [
            -71.003477,
            43.998882
          ],
          [
            -71.002216,
            43.998862
          ],
          [
            -71.00173,
            43.998854
          ],
          [
            -71.00144,
            43.998855
          ],
          [
            -71.000918,
            43.998878
          ],
          [
            -71.00061,
            43.998918
          ],
          [
            -71.000237,
            43.998989
          ],
          [
            -70.99997,
            43.999054
          ],
          [
            -70.999604,
            43.999166
          ],
          [
            -70.999273,
            43.999295
          ],
          [
            -70.999046,
            43.999401
          ],
          [
            -70.99883,
            43.99952
          ],
          [
            -70.998633,
            43.999634
          ],
          [
            -70.998417,
            43.99978
          ],
          [
            -70.998123,
            44.000007
          ],
          [
            -70.997884,
            44.000195
          ],
          [
            -70.997629,
            44.000395
          ],
          [
            -70.996831,
            44.001032
          ],
          [
            -70.996745,
            44.001108
          ],
          [
            -70.996721,
            44.00113
          ],
          [
            -70.996688,
            44.001159
          ],
          [
            -70.994291,
            44.003351
          ],
          [
            -70.994268,
            44.003371
          ],
          [
            -70.993805,
            44.003795
          ],
          [
            -70.993296,
            44.00426
          ],
          [
            -70.991496,
            44.005903
          ],
          [
            -70.991255,
            44.006119
          ],
          [
            -70.99019,
            44.007076
          ],
          [
            -70.989852,
            44.00738
          ],
          [
            -70.989807,
            44.00742
          ],
          [
            -70.989538,
            44.007658
          ],
          [
            -70.989364,
            44.007812
          ],
          [
            -70.988107,
            44.008925
          ],
          [
            -70.98773,
            44.009348
          ],
          [
            -70.987498,
            44.009734
          ],
          [
            -70.987304,
            44.010143
          ],
          [
            -70.986642,
            44.011629
          ],
          [
            -70.98645,
            44.011958
          ],
          [
            -70.986214,
            44.012263
          ],
          [
            -70.985954,
            44.012514
          ],
          [
            -70.985786,
            44.012662
          ],
          [
            -70.985681,
            44.012754
          ],
          [
            -70.985473,
            44.012918
          ],
          [
            -70.985309,
            44.013046
          ],
          [
            -70.984826,
            44.013417
          ],
          [
            -70.984131,
            44.013967
          ],
          [
            -70.983459,
            44.014511
          ],
          [
            -70.983302,
            44.014632
          ],
          [
            -70.9832,
            44.014711
          ],
          [
            -70.983093,
            44.014793
          ],
          [
            -70.982734,
            44.015073
          ],
          [
            -70.9822,
            44.01549
          ],
          [
            -70.981651,
            44.015922
          ],
          [
            -70.981592,
            44.015966
          ],
          [
            -70.98056,
            44.016792
          ],
          [
            -70.980535,
            44.016813
          ],
          [
            -70.980175,
            44.017101
          ],
          [
            -70.980081,
            44.017176
          ],
          [
            -70.979369,
            44.017739
          ],
          [
            -70.97917,
            44.017896
          ],
          [
            -70.978314,
            44.018576
          ],
          [
            -70.977265,
            44.019408
          ],
          [
            -70.97712,
            44.019524
          ],
          [
            -70.977085,
            44.019552
          ],
          [
            -70.976848,
            44.019742
          ],
          [
            -70.976757,
            44.019815
          ],
          [
            -70.976649,
            44.019901
          ],
          [
            -70.976518,
            44.020007
          ],
          [
            -70.976387,
            44.020111
          ],
          [
            -70.976361,
            44.020132
          ],
          [
            -70.975512,
            44.020811
          ],
          [
            -70.975371,
            44.020923
          ],
          [
            -70.975104,
            44.021138
          ],
          [
            -70.974878,
            44.021308
          ],
          [
            -70.974739,
            44.021417
          ],
          [
            -70.974589,
            44.021507
          ],
          [
            -70.974443,
            44.021565
          ],
          [
            -70.974345,
            44.021591
          ],
          [
            -70.974174,
            44.021611
          ],
          [
            -70.974062,
            44.02161
          ],
          [
            -70.973806,
            44.021564
          ],
          [
            -70.973575,
            44.021478
          ],
          [
            -70.973351,
            44.021392
          ],
          [
            -70.973084,
            44.021282
          ],
          [
            -70.970886,
            44.020376
          ],
          [
            -70.970416,
            44.020203
          ],
          [
            -70.970281,
            44.020163
          ],
          [
            -70.969946,
            44.020063
          ],
          [
            -70.969619,
            44.01999
          ],
          [
            -70.969285,
            44.01993
          ],
          [
            -70.968665,
            44.019862
          ],
          [
            -70.968396,
            44.019848
          ],
          [
            -70.968197,
            44.019845
          ],
          [
            -70.968039,
            44.019843
          ],
          [
            -70.967276,
            44.019892
          ],
          [
            -70.96671,
            44.019942
          ],
          [
            -70.965778,
            44.020024
          ],
          [
            -70.964556,
            44.020135
          ],
          [
            -70.963799,
            44.020204
          ],
          [
            -70.963508,
            44.020231
          ],
          [
            -70.962662,
            44.020308
          ],
          [
            -70.961309,
            44.020431
          ],
          [
            -70.960123,
            44.020583
          ],
          [
            -70.959893,
            44.020612
          ],
          [
            -70.957747,
            44.020886
          ],
          [
            -70.957047,
            44.020969
          ],
          [
            -70.955959,
            44.02111
          ],
          [
            -70.954941,
            44.021242
          ],
          [
            -70.954156,
            44.021338
          ],
          [
            -70.953744,
            44.021389
          ],
          [
            -70.95193,
            44.021638
          ],
          [
            -70.951135,
            44.021815
          ],
          [
            -70.951093,
            44.021827
          ],
          [
            -70.949327,
            44.022323
          ],
          [
            -70.948438,
            44.022565
          ],
          [
            -70.947557,
            44.022767
          ],
          [
            -70.94562,
            44.023214
          ],
          [
            -70.943089,
            44.023797
          ],
          [
            -70.941684,
            44.024116
          ],
          [
            -70.939552,
            44.024599
          ],
          [
            -70.937316,
            44.025094
          ],
          [
            -70.931909,
            44.026329
          ],
          [
            -70.926005,
            44.027736
          ],
          [
            -70.922481,
            44.028577
          ],
          [
            -70.920894,
            44.028946
          ],
          [
            -70.920045,
            44.029156
          ],
          [
            -70.919315,
            44.029324
          ],
          [
            -70.9191,
            44.029373
          ],
          [
            -70.918332,
            44.029562
          ],
          [
            -70.917581,
            44.029728
          ],
          [
            -70.916969,
            44.029852
          ],
          [
            -70.916343,
            44.029922
          ],
          [
            -70.915651,
            44.029942
          ],
          [
            -70.915019,
            44.029891
          ],
          [
            -70.914535,
            44.029832
          ],
          [
            -70.913805,
            44.029661
          ],
          [
            -70.912572,
            44.029263
          ],
          [
            -70.911995,
            44.029097
          ],
          [
            -70.911479,
            44.028974
          ],
          [
            -70.910873,
            44.028888
          ],
          [
            -70.910216,
            44.028838
          ],
          [
            -70.909723,
            44.02884
          ],
          [
            -70.909223,
            44.028867
          ],
          [
            -70.90854,
            44.028962
          ],
          [
            -70.907096,
            44.029244
          ],
          [
            -70.906449,
            44.029329
          ],
          [
            -70.905302,
            44.029434
          ],
          [
            -70.904768,
            44.029488
          ],
          [
            -70.904304,
            44.029587
          ],
          [
            -70.903848,
            44.029705
          ],
          [
            -70.903284,
            44.029916
          ],
          [
            -70.902219,
            44.030462
          ],
          [
            -70.900542,
            44.031319
          ],
          [
            -70.900283,
            44.031472
          ],
          [
            -70.899583,
            44.031784
          ],
          [
            -70.899177,
            44.031914
          ],
          [
            -70.898481,
            44.032125
          ],
          [
            -70.897715,
            44.032286
          ],
          [
            -70.895719,
            44.032744
          ],
          [
            -70.891091,
            44.034548
          ],
          [
            -70.887826,
            44.03601
          ],
          [
            -70.887033,
            44.036513
          ],
          [
            -70.885637,
            44.038044
          ],
          [
            -70.885066,
            44.038455
          ],
          [
            -70.884147,
            44.038935
          ],
          [
            -70.880628,
            44.04029
          ],
          [
            -70.879407,
            44.040847
          ],
          [
            -70.879155,
            44.040972
          ],
          [
            -70.879106,
            44.040996
          ],
          [
            -70.877769,
            44.041628
          ],
          [
            -70.874806,
            44.043129
          ],
          [
            -70.873294,
            44.043752
          ],
          [
            -70.873349,
            44.04384
          ],
          [
            -70.874354,
            44.04536
          ],
          [
            -70.874856,
            44.046087
          ],
          [
            -70.876121,
            44.047966
          ],
          [
            -70.876711,
            44.048777
          ],
          [
            -70.878411,
            44.05088
          ],
          [
            -70.878727,
            44.051275
          ],
          [
            -70.878983,
            44.051597
          ],
          [
            -70.879519,
            44.052374
          ],
          [
            -70.88004,
            44.05319
          ],
          [
            -70.880423,
            44.053755
          ],
          [
            -70.880502,
            44.053886
          ],
          [
            -70.880684,
            44.054188
          ],
          [
            -70.880909,
            44.054469
          ],
          [
            -70.881081,
            44.054726
          ],
          [
            -70.882314,
            44.05663
          ],
          [
            -70.882933,
            44.057677
          ],
          [
            -70.883443,
            44.058427
          ],
          [
            -70.883895,
            44.059199
          ],
          [
            -70.884129,
            44.05974
          ],
          [
            -70.884622,
            44.0606
          ],
          [
            -70.885871,
            44.06334
          ],
          [
            -70.885984,
            44.063558
          ],
          [
            -70.886124,
            44.06381
          ],
          [
            -70.886199,
            44.064024
          ],
          [
            -70.886229,
            44.064109
          ],
          [
            -70.886941,
            44.06553
          ],
          [
            -70.887334,
            44.066347
          ],
          [
            -70.888038,
            44.067387
          ],
          [
            -70.888521,
            44.068243
          ],
          [
            -70.888793,
            44.068692
          ],
          [
            -70.891576,
            44.071045
          ],
          [
            -70.891769,
            44.071211
          ],
          [
            -70.891838,
            44.07127
          ],
          [
            -70.892021,
            44.071426
          ],
          [
            -70.892776,
            44.072158
          ],
          [
            -70.893246,
            44.072532
          ],
          [
            -70.893442,
            44.072753
          ],
          [
            -70.894428,
            44.073568
          ],
          [
            -70.895718,
            44.074575
          ],
          [
            -70.896254,
            44.075136
          ],
          [
            -70.896674,
            44.07552
          ],
          [
            -70.900858,
            44.079339
          ],
          [
            -70.901259,
            44.079645
          ],
          [
            -70.901676,
            44.079734
          ],
          [
            -70.902229,
            44.079714
          ],
          [
            -70.902566,
            44.079652
          ],
          [
            -70.902633,
            44.079634
          ],
          [
            -70.902665,
            44.079626
          ],
          [
            -70.903057,
            44.07952
          ],
          [
            -70.903448,
            44.079414
          ],
          [
            -70.903482,
            44.079404
          ],
          [
            -70.90385,
            44.079294
          ],
          [
            -70.904158,
            44.079202
          ],
          [
            -70.90439,
            44.079128
          ],
          [
            -70.905521,
            44.078561
          ],
          [
            -70.906024,
            44.078473
          ],
          [
            -70.906937,
            44.078559
          ],
          [
            -70.907217,
            44.07865
          ],
          [
            -70.90732,
            44.078716
          ],
          [
            -70.908963,
            44.07999
          ],
          [
            -70.909895,
            44.080689
          ],
          [
            -70.911137,
            44.081341
          ],
          [
            -70.911412,
            44.081335
          ],
          [
            -70.911759,
            44.08122
          ],
          [
            -70.91219,
            44.081011
          ],
          [
            -70.912667,
            44.080868
          ],
          [
            -70.914503,
            44.080789
          ],
          [
            -70.915759,
            44.080791
          ],
          [
            -70.916155,
            44.080888
          ],
          [
            -70.916474,
            44.080974
          ],
          [
            -70.916735,
            44.081142
          ],
          [
            -70.91704,
            44.081319
          ],
          [
            -70.917274,
            44.081448
          ],
          [
            -70.917432,
            44.081518
          ],
          [
            -70.917739,
            44.081691
          ],
          [
            -70.918081,
            44.082023
          ],
          [
            -70.91837,
            44.082349
          ],
          [
            -70.919068,
            44.083448
          ],
          [
            -70.9195,
            44.084262
          ],
          [
            -70.919808,
            44.084649
          ],
          [
            -70.920016,
            44.084828
          ],
          [
            -70.920169,
            44.084913
          ],
          [
            -70.920356,
            44.084934
          ],
          [
            -70.920625,
            44.084945
          ],
          [
            -70.920792,
            44.084986
          ],
          [
            -70.92093,
            44.085173
          ],
          [
            -70.921054,
            44.085581
          ],
          [
            -70.921154,
            44.085904
          ],
          [
            -70.921214,
            44.086202
          ],
          [
            -70.921372,
            44.086618
          ],
          [
            -70.92174,
            44.087421
          ],
          [
            -70.921817,
            44.087782
          ],
          [
            -70.921809,
            44.088277
          ],
          [
            -70.921767,
            44.088803
          ],
          [
            -70.921745,
            44.088955
          ],
          [
            -70.921477,
            44.090184
          ],
          [
            -70.921391,
            44.090625
          ],
          [
            -70.921396,
            44.090945
          ],
          [
            -70.921442,
            44.091299
          ],
          [
            -70.921646,
            44.091585
          ],
          [
            -70.92185,
            44.091827
          ],
          [
            -70.921978,
            44.092041
          ],
          [
            -70.922037,
            44.092247
          ],
          [
            -70.922003,
            44.092673
          ],
          [
            -70.921922,
            44.092975
          ],
          [
            -70.921981,
            44.093792
          ],
          [
            -70.922088,
            44.094684
          ],
          [
            -70.922091,
            44.095345
          ],
          [
            -70.922043,
            44.096227
          ],
          [
            -70.922147,
            44.097077
          ],
          [
            -70.922271,
            44.097698
          ],
          [
            -70.922361,
            44.097792
          ],
          [
            -70.922413,
            44.097849
          ],
          [
            -70.92195,
            44.09815
          ],
          [
            -70.921749,
            44.098331
          ],
          [
            -70.921597,
            44.098475
          ],
          [
            -70.921364,
            44.098736
          ],
          [
            -70.921192,
            44.098987
          ],
          [
            -70.921165,
            44.099025
          ],
          [
            -70.921042,
            44.099255
          ],
          [
            -70.920871,
            44.099708
          ],
          [
            -70.920597,
            44.100605
          ],
          [
            -70.920468,
            44.101066
          ],
          [
            -70.92031,
            44.101592
          ],
          [
            -70.919905,
            44.103055
          ],
          [
            -70.919752,
            44.103901
          ],
          [
            -70.919725,
            44.104223
          ],
          [
            -70.919736,
            44.104457
          ],
          [
            -70.919825,
            44.104885
          ],
          [
            -70.919905,
            44.105164
          ],
          [
            -70.920012,
            44.105562
          ],
          [
            -70.920061,
            44.105743
          ],
          [
            -70.920492,
            44.107339
          ],
          [
            -70.920659,
            44.108019
          ],
          [
            -70.921058,
            44.109831
          ],
          [
            -70.921477,
            44.111628
          ],
          [
            -70.921571,
            44.112113
          ],
          [
            -70.921611,
            44.112394
          ],
          [
            -70.921603,
            44.112687
          ],
          [
            -70.921576,
            44.112966
          ],
          [
            -70.921533,
            44.11318
          ],
          [
            -70.921442,
            44.113509
          ],
          [
            -70.921174,
            44.114112
          ],
          [
            -70.920766,
            44.114886
          ],
          [
            -70.920171,
            44.115747
          ],
          [
            -70.91964,
            44.116448
          ],
          [
            -70.919259,
            44.1169
          ],
          [
            -70.91869,
            44.117534
          ],
          [
            -70.918113,
            44.118108
          ],
          [
            -70.917419,
            44.118733
          ],
          [
            -70.917406,
            44.118744
          ],
          [
            -70.916869,
            44.119186
          ],
          [
            -70.916381,
            44.119529
          ],
          [
            -70.915903,
            44.119856
          ],
          [
            -70.915123,
            44.120297
          ],
          [
            -70.914554,
            44.120578
          ],
          [
            -70.913948,
            44.120848
          ],
          [
            -70.913437,
            44.12104
          ],
          [
            -70.913102,
            44.121158
          ],
          [
            -70.912339,
            44.121394
          ],
          [
            -70.911491,
            44.121616
          ],
          [
            -70.910507,
            44.121847
          ],
          [
            -70.909265,
            44.122101
          ],
          [
            -70.907765,
            44.122374
          ],
          [
            -70.906705,
            44.122529
          ],
          [
            -70.906352,
            44.12258
          ],
          [
            -70.905695,
            44.122648
          ],
          [
            -70.904979,
            44.122696
          ],
          [
            -70.904338,
            44.122715
          ],
          [
            -70.903536,
            44.122717
          ],
          [
            -70.903013,
            44.1227
          ],
          [
            -70.902462,
            44.122679
          ],
          [
            -70.901851,
            44.122659
          ],
          [
            -70.901604,
            44.122659
          ],
          [
            -70.901269,
            44.122673
          ],
          [
            -70.901076,
            44.122696
          ],
          [
            -70.900776,
            44.122738
          ],
          [
            -70.900605,
            44.122768
          ],
          [
            -70.9004,
            44.122821
          ],
          [
            -70.899676,
            44.123023
          ],
          [
            -70.898281,
            44.123397
          ],
          [
            -70.89601,
            44.124033
          ],
          [
            -70.894842,
            44.124387
          ],
          [
            -70.89411,
            44.124616
          ],
          [
            -70.893582,
            44.124814
          ],
          [
            -70.893135,
            44.125015
          ],
          [
            -70.892949,
            44.125118
          ],
          [
            -70.892824,
            44.125215
          ],
          [
            -70.892717,
            44.125315
          ],
          [
            -70.892633,
            44.125399
          ],
          [
            -70.892518,
            44.125531
          ],
          [
            -70.892411,
            44.125724
          ],
          [
            -70.892323,
            44.125897
          ],
          [
            -70.892037,
            44.126556
          ],
          [
            -70.891956,
            44.126791
          ],
          [
            -70.891864,
            44.126988
          ],
          [
            -70.8918,
            44.127126
          ],
          [
            -70.89113,
            44.128861
          ],
          [
            -70.890489,
            44.130336
          ],
          [
            -70.890327,
            44.130682
          ],
          [
            -70.889993,
            44.131393
          ],
          [
            -70.889806,
            44.131744
          ],
          [
            -70.889065,
            44.133108
          ],
          [
            -70.888626,
            44.133951
          ],
          [
            -70.88815,
            44.134901
          ],
          [
            -70.887647,
            44.135841
          ],
          [
            -70.887185,
            44.136783
          ],
          [
            -70.88662,
            44.137798
          ],
          [
            -70.886057,
            44.138834
          ],
          [
            -70.886022,
            44.138897
          ],
          [
            -70.886007,
            44.138923
          ],
          [
            -70.885859,
            44.139183
          ],
          [
            -70.885674,
            44.139122
          ],
          [
            -70.885809,
            44.138864
          ],
          [
            -70.886007,
            44.138923
          ],
          [
            -70.886022,
            44.138897
          ],
          [
            -70.886057,
            44.138834
          ],
          [
            -70.88662,
            44.137798
          ],
          [
            -70.887185,
            44.136783
          ],
          [
            -70.887647,
            44.135841
          ],
          [
            -70.88815,
            44.134901
          ],
          [
            -70.888626,
            44.133951
          ],
          [
            -70.889065,
            44.133108
          ],
          [
            -70.889806,
            44.131744
          ],
          [
            -70.889993,
            44.131393
          ],
          [
            -70.890327,
            44.130682
          ],
          [
            -70.890489,
            44.130336
          ],
          [
            -70.89113,
            44.128861
          ],
          [
            -70.8918,
            44.127126
          ],
          [
            -70.891956,
            44.126791
          ],
          [
            -70.892037,
            44.126556
          ],
          [
            -70.892323,
            44.125897
          ],
          [
            -70.892411,
            44.125724
          ],
          [
            -70.892518,
            44.125531
          ],
          [
            -70.892633,
            44.125399
          ],
          [
            -70.892717,
            44.125315
          ],
          [
            -70.892824,
            44.125215
          ],
          [
            -70.892949,
            44.125118
          ],
          [
            -70.893135,
            44.125015
          ],
          [
            -70.893582,
            44.124814
          ],
          [
            -70.89411,
            44.124616
          ],
          [
            -70.894842,
            44.124387
          ],
          [
            -70.89601,
            44.124033
          ],
          [
            -70.898281,
            44.123397
          ],
          [
            -70.899676,
            44.123023
          ],
          [
            -70.9004,
            44.122821
          ],
          [
            -70.900605,
            44.122768
          ],
          [
            -70.900776,
            44.122738
          ],
          [
            -70.901076,
            44.122696
          ],
          [
            -70.901269,
            44.122673
          ],
          [
            -70.901604,
            44.122659
          ],
          [
            -70.901851,
            44.122659
          ],
          [
            -70.902462,
            44.122679
          ],
          [
            -70.903013,
            44.1227
          ],
          [
            -70.903536,
            44.122717
          ],
          [
            -70.904338,
            44.122715
          ],
          [
            -70.904979,
            44.122696
          ],
          [
            -70.905695,
            44.122648
          ],
          [
            -70.906352,
            44.12258
          ],
          [
            -70.906705,
            44.122529
          ],
          [
            -70.907765,
            44.122374
          ],
          [
            -70.909265,
            44.122101
          ],
          [
            -70.910507,
            44.121847
          ],
          [
            -70.911491,
            44.121616
          ],
          [
            -70.912339,
            44.121394
          ],
          [
            -70.913102,
            44.121158
          ],
          [
            -70.913437,
            44.12104
          ],
          [
            -70.913948,
            44.120848
          ],
          [
            -70.914554,
            44.120578
          ],
          [
            -70.915123,
            44.120297
          ],
          [
            -70.915903,
            44.119856
          ],
          [
            -70.916381,
            44.119529
          ],
          [
            -70.916869,
            44.119186
          ],
          [
            -70.917406,
            44.118744
          ],
          [
            -70.917419,
            44.118733
          ],
          [
            -70.918113,
            44.118108
          ],
          [
            -70.91869,
            44.117534
          ],
          [
            -70.919259,
            44.1169
          ],
          [
            -70.91964,
            44.116448
          ],
          [
            -70.920171,
            44.115747
          ],
          [
            -70.920766,
            44.114886
          ],
          [
            -70.921174,
            44.114112
          ],
          [
            -70.921442,
            44.113509
          ],
          [
            -70.921533,
            44.11318
          ],
          [
            -70.921576,
            44.112966
          ],
          [
            -70.921603,
            44.112687
          ],
          [
            -70.921611,
            44.112394
          ],
          [
            -70.921571,
            44.112113
          ],
          [
            -70.921477,
            44.111628
          ],
          [
            -70.921058,
            44.109831
          ],
          [
            -70.920659,
            44.108019
          ],
          [
            -70.920492,
            44.107339
          ],
          [
            -70.920061,
            44.105743
          ],
          [
            -70.920012,
            44.105562
          ],
          [
            -70.919905,
            44.105164
          ],
          [
            -70.919825,
            44.104885
          ],
          [
            -70.919736,
            44.104457
          ],
          [
            -70.919725,
            44.104223
          ],
          [
            -70.919752,
            44.103901
          ],
          [
            -70.919905,
            44.103055
          ],
          [
            -70.92031,
            44.101592
          ],
          [
            -70.920468,
            44.101066
          ],
          [
            -70.920597,
            44.100605
          ],
          [
            -70.920871,
            44.099708
          ],
          [
            -70.921042,
            44.099255
          ],
          [
            -70.921165,
            44.099025
          ],
          [
            -70.921192,
            44.098987
          ],
          [
            -70.921364,
            44.098736
          ],
          [
            -70.921597,
            44.098475
          ],
          [
            -70.921749,
            44.098331
          ],
          [
            -70.92195,
            44.09815
          ],
          [
            -70.922413,
            44.097849
          ],
          [
            -70.922746,
            44.097656
          ],
          [
            -70.923719,
            44.09714
          ],
          [
            -70.924746,
            44.096677
          ],
          [
            -70.925369,
            44.09645
          ],
          [
            -70.925996,
            44.09623
          ],
          [
            -70.932085,
            44.094281
          ],
          [
            -70.937176,
            44.092544
          ],
          [
            -70.937578,
            44.092376
          ],
          [
            -70.938045,
            44.092132
          ],
          [
            -70.938391,
            44.091883
          ],
          [
            -70.93897,
            44.091398
          ],
          [
            -70.939244,
            44.091086
          ],
          [
            -70.939483,
            44.090746
          ],
          [
            -70.939727,
            44.090346
          ],
          [
            -70.940117,
            44.089715
          ],
          [
            -70.941407,
            44.087632
          ],
          [
            -70.941623,
            44.087285
          ],
          [
            -70.942833,
            44.085456
          ],
          [
            -70.943694,
            44.084252
          ],
          [
            -70.944074,
            44.083676
          ],
          [
            -70.944367,
            44.083229
          ],
          [
            -70.944563,
            44.082832
          ],
          [
            -70.944758,
            44.0824
          ],
          [
            -70.944927,
            44.081901
          ],
          [
            -70.945013,
            44.081587
          ],
          [
            -70.945064,
            44.081312
          ],
          [
            -70.945142,
            44.080882
          ],
          [
            -70.945171,
            44.080591
          ],
          [
            -70.945188,
            44.080244
          ],
          [
            -70.945171,
            44.078851
          ],
          [
            -70.945171,
            44.07881
          ],
          [
            -70.945158,
            44.078
          ],
          [
            -70.945134,
            44.076697
          ],
          [
            -70.94513,
            44.076487
          ],
          [
            -70.945089,
            44.074883
          ],
          [
            -70.945096,
            44.074138
          ],
          [
            -70.945072,
            44.073402
          ],
          [
            -70.945094,
            44.072253
          ],
          [
            -70.94507,
            44.070322
          ],
          [
            -70.945059,
            44.070051
          ],
          [
            -70.945025,
            44.069564
          ],
          [
            -70.945015,
            44.069223
          ],
          [
            -70.94501,
            44.069166
          ],
          [
            -70.944993,
            44.068994
          ],
          [
            -70.944793,
            44.068066
          ],
          [
            -70.944761,
            44.06786
          ],
          [
            -70.94474,
            44.067572
          ],
          [
            -70.944756,
            44.067326
          ],
          [
            -70.944855,
            44.066898
          ],
          [
            -70.945035,
            44.066374
          ],
          [
            -70.945038,
            44.066364
          ],
          [
            -70.945137,
            44.066083
          ],
          [
            -70.945241,
            44.065886
          ],
          [
            -70.945314,
            44.065743
          ],
          [
            -70.945501,
            44.065464
          ],
          [
            -70.945716,
            44.065242
          ],
          [
            -70.945944,
            44.065037
          ],
          [
            -70.946702,
            44.064497
          ],
          [
            -70.947569,
            44.063854
          ],
          [
            -70.948063,
            44.063468
          ],
          [
            -70.948621,
            44.063046
          ],
          [
            -70.949506,
            44.062354
          ],
          [
            -70.949946,
            44.062012
          ],
          [
            -70.950281,
            44.061709
          ],
          [
            -70.950651,
            44.061304
          ],
          [
            -70.950697,
            44.061255
          ],
          [
            -70.951164,
            44.060701
          ],
          [
            -70.951906,
            44.059671
          ],
          [
            -70.952226,
            44.059228
          ],
          [
            -70.954444,
            44.056351
          ],
          [
            -70.954853,
            44.055774
          ],
          [
            -70.954929,
            44.05553
          ],
          [
            -70.955116,
            44.054805
          ],
          [
            -70.955165,
            44.054435
          ],
          [
            -70.955229,
            44.053958
          ],
          [
            -70.955219,
            44.052864
          ],
          [
            -70.955249,
            44.052604
          ],
          [
            -70.955326,
            44.052284
          ],
          [
            -70.955463,
            44.051872
          ],
          [
            -70.95593,
            44.050892
          ],
          [
            -70.95608,
            44.050526
          ],
          [
            -70.956329,
            44.049859
          ],
          [
            -70.956474,
            44.049375
          ],
          [
            -70.956549,
            44.048999
          ],
          [
            -70.956556,
            44.04891
          ],
          [
            -70.956574,
            44.048658
          ],
          [
            -70.956568,
            44.048405
          ],
          [
            -70.956506,
            44.047751
          ],
          [
            -70.95648,
            44.047341
          ],
          [
            -70.956496,
            44.046949
          ],
          [
            -70.956599,
            44.046578
          ],
          [
            -70.956773,
            44.046223
          ],
          [
            -70.956815,
            44.046137
          ],
          [
            -70.957322,
            44.045183
          ],
          [
            -70.957515,
            44.044836
          ],
          [
            -70.957754,
            44.044455
          ],
          [
            -70.958008,
            44.044134
          ],
          [
            -70.958826,
            44.043424
          ],
          [
            -70.958925,
            44.043338
          ],
          [
            -70.96068,
            44.042044
          ],
          [
            -70.961267,
            44.04159
          ],
          [
            -70.961648,
            44.041266
          ],
          [
            -70.96229,
            44.040691
          ],
          [
            -70.962737,
            44.040262
          ],
          [
            -70.963474,
            44.039281
          ],
          [
            -70.96449,
            44.03766
          ],
          [
            -70.965556,
            44.036058
          ],
          [
            -70.96607,
            44.035287
          ],
          [
            -70.966384,
            44.034811
          ],
          [
            -70.9666,
            44.034485
          ],
          [
            -70.966691,
            44.034346
          ],
          [
            -70.96677,
            44.034228
          ],
          [
            -70.966907,
            44.034019
          ],
          [
            -70.967817,
            44.032643
          ],
          [
            -70.968874,
            44.031015
          ],
          [
            -70.969046,
            44.030749
          ],
          [
            -70.969539,
            44.029961
          ],
          [
            -70.970117,
            44.02903
          ],
          [
            -70.970309,
            44.028719
          ],
          [
            -70.970473,
            44.028431
          ],
          [
            -70.970789,
            44.027958
          ],
          [
            -70.971021,
            44.027579
          ],
          [
            -70.971291,
            44.027122
          ],
          [
            -70.971797,
            44.02629
          ],
          [
            -70.972049,
            44.025899
          ],
          [
            -70.973174,
            44.024096
          ],
          [
            -70.973321,
            44.023849
          ],
          [
            -70.973594,
            44.023391
          ],
          [
            -70.973636,
            44.023321
          ],
          [
            -70.974133,
            44.022518
          ],
          [
            -70.974179,
            44.022443
          ],
          [
            -70.974458,
            44.021993
          ],
          [
            -70.974778,
            44.021516
          ],
          [
            -70.974809,
            44.021469
          ],
          [
            -70.974878,
            44.021308
          ],
          [
            -70.975104,
            44.021138
          ],
          [
            -70.975371,
            44.020923
          ],
          [
            -70.975512,
            44.020811
          ],
          [
            -70.976361,
            44.020132
          ],
          [
            -70.976387,
            44.020111
          ],
          [
            -70.976518,
            44.020007
          ],
          [
            -70.976649,
            44.019901
          ],
          [
            -70.976757,
            44.019815
          ],
          [
            -70.976848,
            44.019742
          ],
          [
            -70.977085,
            44.019552
          ],
          [
            -70.97712,
            44.019524
          ],
          [
            -70.977265,
            44.019408
          ],
          [
            -70.978314,
            44.018576
          ],
          [
            -70.97917,
            44.017896
          ],
          [
            -70.979369,
            44.017739
          ],
          [
            -70.980081,
            44.017176
          ],
          [
            -70.980175,
            44.017101
          ],
          [
            -70.980535,
            44.016813
          ],
          [
            -70.98056,
            44.016792
          ],
          [
            -70.980964,
            44.016469
          ]
        ],
        "type": "LineString"
      }
    }
  ]
}