{
  "type": "FeatureCollection",
  "features": [
    {
      "type": "Feature",
      "properties": {
        "name": "727 Ocean Sunset Bar East Boothbay ME",
        "icon": "utensils",
        "color": "purple",
        "detail": "727 Ocean Sunset Bar\n\n\ud83d\udccd At Smuggler's Cove Inn, 727 Ocean Point Rd, East Boothbay, ME\n\nA cocktail bar at Smuggler's Cove Inn with genuinely stunning Linekin Bay views \u2014 creative craft cocktails, local brews, and small plates: oysters, fish tacos, sliders, and a cheese/charcuterie board built on locally produced meats and cheeses. The setting is the main draw as much as the food.\n\nMust Order\n- Fried chicken wings \u2014 called out as large and crispy\n- Cheese/charcuterie board\n- Fish tacos\n\nTips\n- Very limited hours: Monday, Tuesday, and Thursday only, 3pm\u20138:30pm \u2014 closed Wednesday and (per available info) weekends, so this takes real planning to hit.\n- Go for sunset \u2014 that's the entire point of the location, right on Linekin Bay.\n- One review flagged a discrepancy between menu price and actual charge \u2014 worth confirming prices verbally if anything seems off.\n- On the way out toward Ocean Point / Ocean Point Preserve, so easy to combine with that stop.",
        "website": "https://www.smugglerscoveinn.com/727-ocean-sunset-bar/"
      },
      "geometry": {
        "type": "Point",
        "coordinates": [
          -69.590864,
          43.8316214
        ]
      }
    },
    {
      "type": "Feature",
      "properties": {
        "name": "Aba's Falafel Rhinebeck, NY",
        "icon": "sandwich",
        "color": "purple",
        "detail": "Aba's Falafel\n\n\ud83d\udccd Rhinebeck, NY\n\nAn Israeli-owned counter-service spot consistently rated Rhinebeck's highest-reviewed restaurant, serving the freshest and most expertly seasoned falafel in the Hudson Valley.\n\nMust Order\n- Falafel wrap \u2014 made fresh throughout the day \u2014 the definitive order\n- Hummus bowl \u2014 rich and hand-made\n- Sabich \u2014 fried eggplant sandwich with egg and tahini\n\nTips\n- Expect a line on weekends \u2014 moves fast\n- Pairs perfectly with a walk through Rhinebeck village",
        "website": "https://www.google.com/maps/search/Aba's+Falafel+Rhinebeck,+NY"
      },
      "geometry": {
        "type": "Point",
        "coordinates": [
          -73.9142,
          41.9262
        ]
      }
    },
    {
      "type": "Feature",
      "properties": {
        "name": "Aldermere Farm Rockport ME",
        "icon": "landmark",
        "color": "purple",
        "detail": "Aldermere Farm\n\n\ud83d\udccd 20 Russell Avenue, Rockport ME\n\nA working farm and preserve known for its Belted Galloway cattle (\"Oreo cows\") \u2014 a herd visible right from the road. A short quarter-mile trail leads to an overlook of Lily Pond, and a separate 0.4-mile path drops down to the shore of Penobscot Bay.\n\nTips\n- Free and easy \u2014 flat, family-friendly walking paths.\n- The cattle are often visible right from Russell Avenue, even without walking the trails.\n- Coordinates above are an approximation (Rockport town center) \u2014 worth confirming the exact farm entrance against Google Maps before you go.",
        "website": ""
      },
      "geometry": {
        "type": "Point",
        "coordinates": [
          -69.0761,
          44.1845
        ]
      }
    },
    {
      "type": "Feature",
      "properties": {
        "name": "American Flatbread 1 Stowe VT",
        "icon": "sandwich",
        "color": "purple",
        "detail": "American Flatbread in Stowe is a popular pizza restaurant known for its delicious variety of pizzas. It typically attracts families, groups of friends, and gatherings, making it a go-to spot for casual dining experiences. The atmosphere is casual and lively, suitable for group outings. Customers consistently praise the fabulous food and attentive service. The soup of the day is noted for its flavor and heartiness, and the large pizzas offer good value for shared dining. However, some reviews mention that the serving staff can feel overwhelmed during busy times, and there was an instance of reservation mishaps that affected wait times.",
        "website": "https://www.google.com/maps/place/American+Flatbread/@44.4771113,-72.7042647,6585m/data=!3m1!1e3!4m11!3m10!1s0x4cb59755a7ad2741:0x1ffd4393d2454ce2!5m4!1s2026-09-21!2i4!4m1!1i2!8m2!3d44.4750536!4d-72.7025164!16s%2Fg%2F11s7ny929l?entry=ttu&g_ep=EgoyMDI2MDYxMC4wIKXMDSoASAFQAw%3D%3D"
      },
      "geometry": {
        "type": "Point",
        "coordinates": [
          -72.70229716155156,
          44.474781982372285
        ]
      }
    },
    {
      "type": "Feature",
      "properties": {
        "name": "Andre The Seal Statue",
        "icon": "utensils",
        "color": "purple",
        "detail": "",
        "website": "https://www.google.com/maps/place/Andre+The+Seal+Statue/@44.1862497,-69.0760483,912m/data=!3m1!1e3!4m11!1m3!2m2!1sThings+to+do!6e1!3m6!1s0x4cadd74a9f6c68c7:0xc864ed8298abc7fd!8m2!3d44.1862136!4d-69.0737224!15sCgxUaGluZ3MgdG8gZG9aDiIMdGhpbmdzIHRvIGRvkgETaGlzdG9yaWNhbF9sYW5kbWFya5oBI0NoWkRTVWhOTUc5blMwVkpRMEZuU1VSMWVWbERiVmwzRUFF4AEA-gEECAAQKQ!16s%2Fg%2F11g0g8pdyr?entry=ttu&g_ep=EgoyMDI2MDcxMy4wIKXMDSoASAFQAw%3D%3D"
      },
      "geometry": {
        "type": "Point",
        "coordinates": [
          -69.0727936,
          44.1873577
        ]
      }
    },
    {
      "type": "Feature",
      "properties": {
        "name": "Ann's Book Bistro Damariscotta ME",
        "icon": "utensils",
        "color": "purple",
        "detail": "Ann's Book Bistro\n\n\ud83d\udccd 17 Back Meadow Rd, Damariscotta, ME\n\nFull name is Ann's Book Bistro \u2014 a northern Spanish restaurant built around authentic paella, run by Chef Chris Padil, who has El Bulli (Barcelona) experience. The space doubles as a bookshop, with a curated collection of books available to browse or borrow \u2014 a genuinely distinctive touch, not a gimmick. Menu runs comfort food alongside small plates, with Monday pasta nights (salad, soup, up to 5 pasta small plates for $19). Reviews are overwhelmingly positive on execution and atmosphere, with some flagging the cost as high relative to portion size.\n\nMust Order\n- Paella \u2014 the signature dish\n- Salmon crudo\n- Burrata\n- Seafood stew (Cazuela)\n- Argentinian Churrasco\n\nTips\n- Closed Sunday\u2013Tuesday; open Wednesday\u2013Saturday, 11am\u20132pm and 4pm\u20139pm. Happy hour Wed\u2013Fri, 4pm\u20136pm.\n- Monday pasta night ($19 for soup, salad, and multiple pasta small plates) is a genuinely different, cheaper way to experience the kitchen \u2014 but note it falls on a day the regular menu/hours above don't apply, so confirm this specifically.\n- Reservations recommended \u2014 small, popular room.\n- Budget for higher-than-average pricing relative to portions; go in expecting a special-occasion meal, not a bargain.",
        "website": "https://annsbookbistro.me/"
      },
      "geometry": {
        "type": "Point",
        "coordinates": [
          -69.5064476,
          44.0439639
        ]
      }
    },
    {
      "type": "Feature",
      "properties": {
        "name": "Aquinnah Cliffs & Gay Head Light Aquinnah MA",
        "icon": "anchor",
        "color": "purple",
        "detail": "Aquinnah Cliffs & Gay Head Light\n\n\ud83d\udccd Aquinnah MA\n\nDramatic multicolored clay cliffs (a National Natural Landmark) with the historic 1856 Gay Head Lighthouse at the western tip of Martha's Vineyard.\n\nTips\n- Worth the drive to the far end of the island \u2014 nothing else looks like this.\n- The cliffs are protected; stay on the paths and don't touch the clay.",
        "website": ""
      },
      "geometry": {
        "type": "Point",
        "coordinates": [
          -70.8347,
          41.3485
        ]
      }
    },
    {
      "type": "Feature",
      "properties": {
        "name": "Aragosta Stonington ME",
        "icon": "sandwich",
        "color": "purple",
        "detail": "Aragosta\n\n\ud83d\udccd Stonington ME\n\nAcclaimed waterfront tasting-menu restaurant spotlighting hyper-local Maine seafood and produce.\n\nMust Order\n- \n\nTips\n- Book well ahead \u2014 small, in-demand dining room.\n- Tasting menu format; plan for a longer meal.",
        "website": ""
      },
      "geometry": {
        "type": "Point",
        "coordinates": [
          -68.6633,
          44.1411
        ]
      }
    },
    {
      "type": "Feature",
      "properties": {
        "name": "Arch Bridge Bristol ME",
        "icon": "landmark",
        "color": "purple",
        "detail": "Arch Bridge\n\n\ud83d\udccd Benner Road, Bristol Mills, Bristol, ME\n\nA small stone arch bridge carrying Benner Road over the Pemaquid River, built from field stone, roughly quarried stone, and river cobbles laid directly on bedrock. Its exact construction date is uncertain, but circumstantial evidence points to before 1800, likely built by the Benner family \u2014 making it one of Maine's oldest stone bridges. The span is just 14 feet with a total length of 21 feet, and it remains remarkably well-preserved, having needed only modest repairs since it was built. Listed on the National Register of Historic Places in 2003.\n\nTips\n- A quick, easy stop \u2014 pair with the lighthouse and harbor sights covered in Bristol, ME on a day trip from Base Camp 3 Camden.",
        "website": ""
      },
      "geometry": {
        "type": "Point",
        "coordinates": [
          -69.55842213932247,
          43.8625561355544
        ]
      }
    },
    {
      "type": "Feature",
      "properties": {
        "name": "Archie's Lobster Southwest Harbor ME",
        "icon": "sandwich",
        "color": "purple",
        "detail": "Archie's Lobster is a casual seafood restaurant known for its delicious lobster rolls and lobster dinners. It typically attracts families and visitors, especially those exploring Acadia National Park. The overall vibe is relaxed and friendly, fitting for a budget-conscious dining experience. Customers consistently praise the tasty food, good value for the price, and the friendly service. Some common downsides mentioned include average flavor in some dishes and the potential for differing hours on holidays.",
        "website": "https://www.google.com/maps/place/Archie's+Lobster/@44.2792746,-68.3409427,9129m/data=!3m1!1e3!4m6!3m5!1s0x4caea35183a4f1d7:0xd9f29b8b74250d1d!8m2!3d44.2511988!4d-68.3480153!16s%2Fg%2F11nnzq37cg?entry=ttu&g_ep=EgoyMDI2MDYxMC4wIKXMDSoASAFQAw%3D%3D"
      },
      "geometry": {
        "type": "Point",
        "coordinates": [
          -68.34725267533653,
          44.2533533650745
        ]
      }
    },
    {
      "type": "Feature",
      "properties": {
        "name": "Arethusa Falls Crawford Notch NH",
        "icon": "footprints",
        "color": "purple",
        "detail": "Arethusa Falls\n\n\ud83d\udccd Crawford Notch NH\n\nAt 200 feet, the tallest waterfall in New Hampshire \u2014 a slender ribbon of water dropping through a shadowed granite canyon. The 2.7-mile round trip through hardwood forest is consistently beautiful; the falls reward with scale and setting that exceeds any expectation. Can be extended into a 5-mile loop over Frankenstein Cliff for panoramic Crawford Notch views.\n\nTips\n- Trailhead is at a pullout on Route 302 in Crawford Notch, 5 miles south of Bretton Woods.\n- The trail crosses Bemis Brook twice \u2014 straightforward in normal conditions.\n- Extend the hike to Frankenstein Cliff (5-mile loop) for one of the best views in the Notch.\n- Best flow in May and June; still striking through September.",
        "website": ""
      },
      "geometry": {
        "type": "Point",
        "coordinates": [
          -71.3878,
          44.1337
        ]
      }
    },
    {
      "type": "Feature",
      "properties": {
        "name": "Art's Dune Tours Provincetown MA",
        "icon": "star",
        "color": "purple",
        "detail": "Art's Dune Tours\n\n\ud83d\udccd Provincetown MA\n\nIconic 1.5-hour 4x4 tours through the Cape Cod National Seashore dunes with local history, wildlife, and artist colony heritage.\n\nTips\n- Book ahead \u2014 tours sell out in season.\n- Sunset tours are especially popular; reserve several days out.",
        "website": ""
      },
      "geometry": {
        "type": "Point",
        "coordinates": [
          -70.1864,
          42.0508
        ]
      }
    },
    {
      "type": "Feature",
      "properties": {
        "name": "Artist Bluff Franconia NH",
        "icon": "footprints",
        "color": "purple",
        "detail": "Artist Bluff\n\n\ud83d\udccd Franconia NH\n\nA 20-minute scramble above Echo Lake delivers one of the finest views in the White Mountains \u2014 Cannon Mountain rising directly overhead, the Notch framed between Cannon and Kinsman ridges, Echo Lake shimmering below, and the Franconia Range extending north. Almost no one does this trail despite the trailhead being at the main Cannon Mountain parking area. The most rewarding effort-to-view ratio in Franconia Notch.\n\nTips\n- Trailhead is at the Echo Lake parking area off Exit 3 on I-93.\n- The round trip is 0.7 miles \u2014 allow 45 minutes for the scramble and the views.\n- Often done in combination with the Bald Mountain trail next door (adds another 0.4 miles and another viewpoint).\n- Best in clear weather \u2014 the view is the entire payoff.",
        "website": ""
      },
      "geometry": {
        "type": "Point",
        "coordinates": [
          -71.6931,
          44.1584
        ]
      }
    },
    {
      "type": "Feature",
      "properties": {
        "name": "Au Comptoir Woodstock VT",
        "icon": "bar",
        "color": "purple",
        "detail": "",
        "website": "https://www.google.com/maps/place/Au+Comptoir/@43.6249607,-72.5243349,1203m/data=!3m1!1e3!4m12!1m5!2m4!1srestaurants+with+reservations.+!5m1!4e9!6e5!3m5!1s0x89e1d99b7360666d:0x5c5ce8604b178fe1!8m2!3d43.6249595!4d-72.5175018!16s%2Fg%2F11t80flmqj?entry=ttu&g_ep=EgoyMDI2MDYyMy4wIKXMDSoASAFQAw%3D%3D"
      },
      "geometry": {
        "type": "Point",
        "coordinates": [
          -72.51749840525228,
          43.62517792921872
        ]
      }
    },
    {
      "type": "Feature",
      "properties": {
        "name": "Back River Bistro Wiscasset ME",
        "icon": "utensils",
        "color": "purple",
        "detail": "Back River Bistro\n\n\ud83d\udccd 65 Gardiner Rd, Wiscasset, ME\n\nA gastropub built around supporting local farms, fisheries, and foragers, with a seasonal menu that shifts to match what's actually available. Known for fresh oysters on the half shell, calamari, mushroom toast, and heartier plates like pork schnitzel, duck, half chicken with delicata and apple cider glaze, and short rib with potato pav\u00e9 and gremolata. Crafted cocktails round out the menu. Rated 4.6 on Tripadvisor, ranked around #8 of 23 Wiscasset restaurants.\n\nMust Order\n- Oysters on the half shell\n- Calamari\n- Short rib with potato pav\u00e9, soubise, and potato chip gremolata\n- Half chicken with delicata, parsnip, and apple cider glaze\n\nTips\n- Open Tuesday\u2013Saturday, 4:30pm\u20139pm only \u2014 no lunch service, and closed Sunday/Monday.\n- Plan for $60\u201370/person \u2014 this is a real dinner-out price point, not a casual stop.\n- Menu is genuinely seasonal, so don't expect the same dishes twice across a trip.",
        "website": "https://www.backriverbistro.com/"
      },
      "geometry": {
        "type": "Point",
        "coordinates": [
          -69.667902,
          44.0092653
        ]
      }
    },
    {
      "type": "Feature",
      "properties": {
        "name": "Baltic Kitchen Littleton NH",
        "icon": "sandwich",
        "color": "purple",
        "detail": "Overview\nType: Polish restaurant  \nBest known for: Cozy atmosphere, delicious pierogis  \nLocation context: Mountain-town vibe  \nPrice level: $10\u201320 per person  \nVisit timing: Not mentioned  \n\nTypical Customers  \nDemographics: Not mentioned  \nGroup types: Couples, families, friends  \nCommon occasions: Casual dinner, quick bite  \n\nVibe & Setting  \nAtmosphere: Cozy  \nNoise level: Moderate  \nDecor & setting: Indoor seating, warm ambiance  \nService style: Friendly and attentive  \n\nRecommended Dishes  \nOverall dish consensus  \nReviewers strongly recommend the pierogis, kielbasa, and borscht as must-try items, praising their flavor and comforting nature.\n\nHow \u201ctop dishes\u201d are determined  \nTop dishes are selected based on their frequent mentions and strong praise in reviews, as well as their appearance in restaurant photos.\n\n| Rank | Dish              | Why it stands out                                                   | How often it\u2019s mentioned                     | Ideal for            |\n|------|-------------------|-------------------------------------------------------------------|---------------------------------------------|----------------------|\n| 1    | Pierogis         | Top tier flavor, comforting texture.                              | Repeatedly called out as a favorite.      | Sharing at the table  |\n| 2    | Kielbasa         | Incredible taste and quality.                                    | Mentioned in many reviews.                 | Hearty main          |\n| 3    | Borscht          | Scrumptious and highly praised in reviews.                       | Appears in numerous photos.                | Lighter option       |\n\nGood alternates / backup choices\n- Tomato bisque: Notable for its warmth and flavor.\n\nHighlights (non\u2011dish positives from reviews)  \nAtmosphere: Customers mention a cozy vibe that enhances the dining experience.  \nService: Staff are described as very kind and attentive.  \n\nCommon Issues (from reviews)  \nNone mentioned.  \n\nPractical Notes  \nReservation / wait: Not mentioned  \nAccessibility: Not mentioned  \nParking / transit: Not mentioned  \nBest use case: Great for casual dinners with family or friends.",
        "website": "https://www.google.com/maps/place/Baltic+Kitchen/@44.2991186,-71.7722191,7702m/data=!3m1!1e3!4m15!1m8!3m7!1s0x4cb469b6187f15c7:0xa9594392bb590b7f!2sLittleton,+NH+03561!3b1!8m2!3d44.3060969!4d-71.7703012!16zL20vMDFtOTV0!3m5!1s0x4cb46f0004d8f049:0xf1873aa650f084b0!8m2!3d44.3011969!4d-71.7684113!16s%2Fg%2F11m64zkwj7?entry=ttu&g_ep=EgoyMDI2MDYxMy4wIKXMDSoASAFQAw%3D%3D"
      },
      "geometry": {
        "type": "Point",
        "coordinates": [
          -71.76804632866579,
          44.30087305043203
        ]
      }
    },
    {
      "type": "Feature",
      "properties": {
        "name": "Banh Appetit Portland ME",
        "icon": "sandwich",
        "color": "purple",
        "detail": "B\u00e1nh App\u00e9tit\n\n\ud83d\udccd 171 Cumberland Avenue, Portland, ME\n\nB\u00e1nh App\u00e9tit is a family-run Vietnamese banh mi shop in Portland's Bayside neighborhood. The Infatuation named it one of the 13 Best B\u00e1nh M\u00ec in America \u2014 high praise for a small counter window.\n\nMust Order\n- Lemongrass chicken b\u00e1nh m\u00ec \u2014 fragrant, tender, and loaded\n- Beef b\u00e1nh m\u00ec \u2014 a classic done perfectly on a crisp baguette\n- Pho \u2014 rich and authentic, rarely found this good outside a major city\n- Vermicelli noodle bowls for a lighter option\n\nTips\n- Pickup only \u2014 no interior dining; small tables outside\n- Order ahead if possible \u2014 it gets busy at peak lunch hours\n- Generous portions at very reasonable prices\n- A short walk from downtown; worth the detour for the best b\u00e1nh m\u00ec in Maine",
        "website": "https://www.google.com/maps/place/Banh+Appetit,+171+Cumberland+Ave,+Portland,+ME"
      },
      "geometry": {
        "type": "Point",
        "coordinates": [
          -70.2543031,
          43.6624972
        ]
      }
    },
    {
      "type": "Feature",
      "properties": {
        "name": "Bard College Fisher Center Annandale-on-Hudson, NY",
        "icon": "ticket",
        "color": "purple",
        "detail": "Bard College Fisher Center\n\n\ud83d\udccd Annandale-on-Hudson, NY\n\nA Frank Gehry-designed stainless steel performing arts center on the Bard campus, hosting world-class theater, opera, and music.\n\nTips\n- Check fishercenter.bard. for Sept performances \u2014 fall season often active\n- The building is worth visiting architecturally even without a performance\n- On the same property as Montgomery Place \u2014 combine both\n- Also stop 13 of 33 on the Rhinebeck, Red Hook & Milan Scenic Tour (Tour 1)",
        "website": "https://www.google.com/maps/search/Bard+College+Fisher+Center+Annandale-on-Hudson,+NY"
      },
      "geometry": {
        "type": "Point",
        "coordinates": [
          -73.9088,
          42.0261
        ]
      }
    },
    {
      "type": "Feature",
      "properties": {
        "name": "Bass Harbor Head Lighthouse Acadia National Park ME",
        "icon": "anchor",
        "color": "purple",
        "detail": "Bass Harbor Head Lighthouse\n\n\ud83d\udccd Acadia National Park ME\n\nThe most photographed lighthouse in Maine, perched on pink granite ledges at the remote southwest corner of Mount Desert Island. The classic image \u2014 red-shuttered white tower above orange-streaked granite boulders \u2014 is at its best at sunset, when the light catches the granite and the lighthouse glows against the darkening forest. Easy 5-minute walk from the parking area.\n\nTips\n- Arrive 45\u201360 minutes before sunset for the best light on the rocks.\n- A narrow path descends to the granite ledges below the light \u2014 the best camera angle.\n- The quiet drive around the western side of the island through Bass Harbor and Bernard village is worth the trip on its own.\n- Combine with a meal in Southwest Harbor or a visit to Quietside Cafe on the return.",
        "website": ""
      },
      "geometry": {
        "type": "Point",
        "coordinates": [
          -68.3373,
          44.2224
        ]
      }
    },
    {
      "type": "Feature",
      "properties": {
        "name": "Beaver Brook Falls Wayside Colebrook NH",
        "icon": "mountain",
        "color": "purple",
        "detail": "Beaver Brook Falls Wayside\n\n\ud83d\udccd Colebrook NH\n\nRoadside 80-foot cascading waterfall in a scenic wayside park in the Great North Woods, with easy viewing access right off Route 145.\n\nTips\n- Easy roadside stop \u2014 no hike required for the main view.\n- Far north (~48 mi from Littleton) \u2014 best combined with other Colebrook stops.",
        "website": ""
      },
      "geometry": {
        "type": "Point",
        "coordinates": [
          -71.512,
          44.926
        ]
      }
    },
    {
      "type": "Feature",
      "properties": {
        "name": "Beech Hill Preserve",
        "icon": "gem",
        "color": "purple",
        "detail": "",
        "website": "https://www.google.com/maps/place/Beech+Hill+Preserve/@44.1659581,-69.2106881,18827m/data=!3m1!1e3!4m11!1m3!2m2!1sscenic+spot!6e1!3m6!1s0x4cadd0c19e11c51b:0x770a32480499b65a!8m2!3d44.1659581!4d-69.0978767!15sCgtzY2VuaWMgc3BvdFoNIgtzY2VuaWMgc3BvdJIBD25hdHVyZV9wcmVzZXJ2ZZoBI0NoWkRTVWhOTUc5blMwVkpRMEZuU1VSS056WlhTMkpCRUFF4AEA-gEECAAQQg!16s%2Fg%2F11clw07zjf?entry=ttu&g_ep=EgoyMDI2MDcxMy4wIKXMDSoASAFQAw%3D%3D"
      },
      "geometry": {
        "type": "Point",
        "coordinates": [
          -69.0978767,
          44.1659581
        ]
      }
    },
    {
      "type": "Feature",
      "properties": {
        "name": "Big Dave's Bagels & Deli Conway NH",
        "icon": "coffee",
        "color": "purple",
        "detail": "Overview\nType: Bagel Shop\n\nBest known for: Handcrafted bagels baked fresh daily; friendly service and local atmosphere.\n\nLocation context: Near the Kancamagus Highway, popular with locals and travelers.\n\nPrice level: Not mentioned\n\nVisit timing: Often busy with locals, indicative of its popularity.\n\nTypical Customers\nDemographics: Predominantly locals; frequented by families and travelers.\n\nGroup types: Solo diners, couples, friends, families.\n\nCommon occasions: Casual breakfast or brunch, quick bites.\n\nVibe & Setting\nAtmosphere: Casual and welcoming with a local vibe.\n\nNoise level: Moderate, with a lively feel during busy hours.\n\nDecor & setting: Small fast casual space with indoor seating.\n\nService style: Attentive and friendly service noted in reviews.\n\nRecommended Dishes\nOverall dish consensus: Reviewers frequently praise the bagels, especially the Bagel with Smoke Salmon and Maple Bagel, mentioning their freshness and flavor.\n\nHow \u201ctop dishes\u201d are determined: Top dishes are identified from menu items and reviews noting their popularity, frequency in photos, and strong praise from diners.\n\n| Rank | Dish                      | Why it stands out                                 | How often it\u2019s mentioned            | Ideal for                       |\n|------|--------------------------|--------------------------------------------------|------------------------------------|---------------------------------|\n| 1    | Bagel with Smoke Salmon  | Recognized for its fresh and flavorful topping.  | Repeatedly called out as a favorite. | Hearty main                    |\n| 2    | Maple Bagel              | Noted for its unique flavor and enjoyable texture. | Mentioned in many reviews.          | Lighter option                  |\n| 3    | [Fewer clearly highlighted dishes in reviews]          |                                                  | Fewer clearly highlighted dishes in reviews |                                 |\n\nGood alternates / backup choices  \n- [Other Bagel Option]: Praised for its rich flavor.  \n\nHighlights (non\u2011dish positives from reviews)\nFood Quality: Reviewers consistently mention the outstanding food quality, specifically the freshly baked bagels that stand out. \n\nService: Customers comment positively on the warm and friendly service provided by the staff.\n\nCommon Issues (from reviews)\nSeating Space: Some reviews mention limited seating, which can be a concern during busy hours.\n\nPractical Notes\nReservation / wait: Walk-in friendly; no specific reservation mention.  \n\nAccessibility: Not mentioned.\n\nParking / transit: Not mentioned.\n\nBest use case: Ideal for quick breakfast or brunch with friends.",
        "website": "https://www.google.com/maps/place/Big+Dave's+Bagels+%26+Deli/@44.0252792,-71.1301192,10474m/data=!3m1!1e3!4m6!3m5!1s0x4cb309c3558c2cb1:0x9e22ac29ed6cdfc9!8m2!3d44.0160297!4d-71.1098886!16s%2Fg%2F1tcy3xls?entry=ttu&g_ep=EgoyMDI2MDYxMy4wIKXMDSoASAFQAw%3D%3D"
      },
      "geometry": {
        "type": "Point",
        "coordinates": [
          -71.11039124043462,
          44.018032062373344
        ]
      }
    },
    {
      "type": "Feature",
      "properties": {
        "name": "Big Top Delicatessen Brunswick ME",
        "icon": "utensils",
        "color": "purple",
        "detail": "Big Top Delicatessen\n\n\ud83d\udccd 70 Maine St, Brunswick, ME\n\nA Brunswick institution \"crafting premium sandwiches since 1996\" \u2014 generous, affordable, made-to-order deli sandwiches and a strong breakfast menu at a small counter-service spot with a big local following.\n\nMust Order\n- Reuben \u2014 corned beef, sauerkraut, Swiss, 1000 Island, on rye\n- Philly Cheese Steak\n- Classic Italian \u2014 capicola, ham, salami, bologna, provolone\n- The Bailey \u2014 vegetarian, three cheeses, veggies, cucumber-dill dressing\n- Hand-formed 1/3 lb burgers, house bagels\n\nTips\n- Counter service, order at the register; outdoor seating available\n- Hours are inconsistent across sources (site says Tue-Sat 10am-4pm; other listings show earlier/later hours) \u2014 confirm day-of",
        "website": "https://www.bigtopdeli.com/"
      },
      "geometry": {
        "type": "Point",
        "coordinates": [
          -69.96556,
          43.91583
        ]
      }
    },
    {
      "type": "Feature",
      "properties": {
        "name": "Birch Harbor The Anvil Buck Cove Scenic Drive Winter Harbor ME",
        "icon": "mountain",
        "color": "purple",
        "detail": "View on AllTrails\n\nBirch Harbor, the Anvil & Buck Cove Scenic Drive\n\n\ud83d\udccd Schoodic Loop Road, Winter Harbor, ME (Schoodic Peninsula, Acadia National Park)\n\nA 13.1-mile loop drive around the Schoodic Peninsula \u2014 the mainland section of Acadia National Park, far less trafficked than Mount Desert Island. The roadway itself delivers views of Winter Harbor, coastal islands, Buck Cove, and Schoodic Harbor, with numerous pull-offs and short hikes accessible right from the road for anyone who wants to stretch their legs. Popular with both scenic drivers and road cyclists.\n\nTips\n- An Acadia entrance pass is required.\n- Dogs welcome on leash.\n- Combine with dedicated stops already in this vault along the same loop \u2014 Schoodic Point, Schoodic Head, and Schoodic Woods Campground \u2014 rather than treating this as a separate outing.",
        "website": "https://www.alltrails.com/trail/us/maine/birch-harbor-the-anvil-buck-cove"
      },
      "geometry": {
        "type": "Point",
        "coordinates": [
          -68.0461,
          44.3496
        ]
      }
    },
    {
      "type": "Feature",
      "properties": {
        "name": "Bizibuns Brunswick ME",
        "icon": "utensils",
        "color": "purple",
        "detail": "Bizibuns\n\n\ud83d\udccd 170 Maine St, Brunswick, ME (address as of 2026 \u2014 some directories still show a stale \"156 Maine St\")\n\nStarted as a food truck (2023 Press Herald profile), now operating from a fixed Maine Street location \u2014 known for craveable fried chicken sandwiches with standout seasoning, plus a rotating globally-inspired menu of bowls and wraps.\n\nMust Order\n- Spicy fried chicken sandwich \u2014 brioche bun, slaw, hot honey\n- Classic fried chicken sandwich\n- Smoky lamb & rice bowl\n- Falafel wrap \u2014 crisp falafel, pickled red onion, dill pickle, salad, sauce\n- Tuna poke bowl\n\nTips\n- Counter/takeout service, limited hours (roughly Tue-Fri or Tue-Sat, 9/10am-3pm, closed Sun/Mon)\n- Thinnest, most inconsistent web footprint of this batch \u2014 confirm current address and hours by phone (617-678-0100) or Instagram @bizibuns before finalizing plans",
        "website": ""
      },
      "geometry": {
        "type": "Point",
        "coordinates": [
          -69.964488,
          43.913512
        ]
      }
    },
    {
      "type": "Feature",
      "properties": {
        "name": "Blarney Dogs Brunswick ME",
        "icon": "utensils",
        "color": "purple",
        "detail": "Blarney Dogs\n\n\ud83d\udccd 16 Station Ave, Suite 102, Brunswick, ME (inside/adjacent to Byrnes Irish Pub, Brunswick Station complex)\n\nA hot-dog-centric concept from the well-regarded Byrnes Irish Pub \u2014 natural-casing dogs and red snappers loaded with pub toppings, served in a lively Irish-pub atmosphere near the Amtrak Downeaster station.\n\nMust Order\n- Whiskey Dog\n- Downtown Dog\n- Taco Dog\n\nTips\n- Dine-in only \u2014 reported no delivery/takeout\n- Hours and reservation policy weren't confirmed online \u2014 worth a call ahead, shared location with Byrnes Irish Pub",
        "website": ""
      },
      "geometry": {
        "type": "Point",
        "coordinates": [
          -69.9657,
          43.9114
        ]
      }
    },
    {
      "type": "Feature",
      "properties": {
        "name": "Blue Hill At Stone Barns Mount Pleasant NY",
        "icon": "utensils",
        "color": "purple",
        "detail": "Overview\nType: Fine Dining Restaurant  \nBest known for: Impeccable service, fresh vegetables from the farm  \nLocation context: Stone Barns, New York  \nPrice level: $100+ per person  \nVisit timing: Dinner service only, reservations recommended  \n\nTypical Customers\nDemographics: Couples and special occasion diners  \nGroup types: Couples, families, larger groups for celebrations  \nCommon occasions: Anniversary celebrations, fine dining experiences  \n\nVibe & Setting\nAtmosphere: Formal, attentive service  \nNoise level: Moderate  \nDecor & setting: Indoor dining with a cozy atmosphere  \nService style: Highly attentive, professional  \n\nRecommended Dishes\nOverall dish consensus  \nReviewers agree on the fresh, seasonal dishes, notably praising the pizzas and vegetable preparations as standout items.  \n\nHow \u201ctop dishes\u201d are determined  \nTop dishes are chosen based on mentions in reviews and the menu, highlighting those praised for flavor and popularity in photos.  \n\n| Rank | Dish                    | Why it stands out                                    | How often it\u2019s mentioned      | Ideal for                  |\n|------|-----------------------|----------------------------------------------------|-------------------------------|----------------------------|\n| 1    | Personal pizza        | Unique flavor and loved by many reviewers.          | Repeatedly called out as a favorite. | Sharing at the table      |\n| 2    | Seasonal vegetables    | Fresh and tastily prepared, highly praised.          | Appears in numerous photos.      | Lighter option            |\n| 3    | Vegetable dishes       | Noteworthy for freshness, ideal for veggie lovers.   | Mentioned in many reviews.      | Hearty main               |\n\nGood alternates / backup choices  \n- Appetizers: Frequently praised for their creativity and flavor.  \n- Desserts: Generally well-received but with less consensus.  \n\nHighlights (non-dish positives from reviews)\nService quality: Many reviewers commend the attentive and warm service provided throughout the meal.  \n\nAmbiance: The atmosphere is described as cozy and welcoming, enhancing the overall dining experience.  \n\nCommon Issues (from reviews)\nReservation necessity: It\u2019s noted that reservations are a must, especially on weekends.  \n\nWait times: Some diners indicated there can be long waits to be seated during peak times.  \n\nPractical Notes\nReservation / wait: Reservations highly recommended.  \nAccessibility: Not mentioned.  \nParking / transit: Not mentioned.  \nBest use case: Best for special occasions and fine dining experiences.",
        "website": "https://www.google.com/maps/place/Blue+Hill+At+Stone+Barns/@41.1042276,-73.8311315,835m/data=!3m1!1e3!4m14!1m7!3m6!1s0x89c2bff2210f1713:0x386e478ff8aceb5!2sBlue+Hill+At+Stone+Barns!8m2!3d41.1042276!4d-73.8285566!16s%2Fm%2F0zs9tdv!3m5!1s0x89c2bff2210f1713:0x386e478ff8aceb5!8m2!3d41.1042276!4d-73.8285566!16s%2Fm%2F0zs9tdv?entry=ttu&g_ep=EgoyMDI2MDYxMy4wIKXMDSoASAFQAw%3D%3D"
      },
      "geometry": {
        "type": "Point",
        "coordinates": [
          -73.82854640684273,
          41.10421551822097
        ]
      }
    },
    {
      "type": "Feature",
      "properties": {
        "name": "Bowdoin College",
        "icon": "landmark",
        "color": "purple",
        "detail": "",
        "website": "https://www.google.com/maps/place/Bowdoin+College/@43.9076929,-69.9687607,787m/data=!3m1!1e3!4m10!1m2!2m1!1sbowdoin+college!3m6!1s0x4cad873e343ba803:0xa9b08c7cc377609!8m2!3d43.9076929!4d-69.9639971!15sCg9ib3dkb2luIGNvbGxlZ2WSARJwcml2YXRlX3VuaXZlcnNpdHngAQA!16zL20vMDFjMzMz?entry=ttu&g_ep=EgoyMDI2MDcyOS4wIKXMDSoASAFQAw%3D%3D"
      },
      "geometry": {
        "type": "Point",
        "coordinates": [
          -69.9640036063209,
          43.907820291895064
        ]
      }
    },
    {
      "type": "Feature",
      "properties": {
        "name": "Brave The Flames Tannersville NY",
        "icon": "sandwich",
        "color": "purple",
        "detail": "Overview\nType: Restaurant\n\nBest known for: Excellent burgers and vegan options.\n\nLocation context: Not mentioned.\n\nPrice level: $20\u201330 per person\n\nVisit timing: Not mentioned.\n\nTypical Customers\nDemographics: Mostly locals and groups.\n\nGroup types: Friends, families, larger groups.\n\nCommon occasions: Casual dinner, gatherings after skiing.\n\nVibe & Setting\nAtmosphere: Casual and welcoming.\n\nNoise level: Moderate.\n\nDecor & setting: Indoor seating with cozy ambiance.\n\nService style: Friendly and accommodating.\n\nRecommended Dishes\nOverall dish consensus\nReviewers recommend the burgers and vegan options, particularly the Black Bean Burger and vegan dishes such as the vegan smash burger.\n\nHow \u201ctop dishes\u201d are determined\nTop dishes are chosen based solely on mentions in reviews and the menu, focusing on popularity and strong praise from customers.\n\n| Rank | Dish                 | Why it stands out                                       | How often it\u2019s mentioned          | Ideal for                  |\n|------|----------------------|--------------------------------------------------------|----------------------------------|----------------------------|\n| 1    | Black Bean Burger     | Praised for its flavor and satisfying portion size.   | Mentioned in many reviews.      | Hearty main option.       |\n| 2    | Vegan smash burger    | Noted as a standout for vegan diners.                  | Frequently highlighted.          | Lighter option for sharing.|\n| 3    | Vegan cheesesteak     | Loved for its taste and fulfilling quality.            | Appears in numerous photos.     | Comfort food.             |\n\nGood alternates / backup choices\n- El Gringo Loco Salad: Known for its fresh ingredients and satisfying textures.\n- Hummus: Recommended for being a good starter option.\n\nHighlights (non\u2011dish positives from reviews)\nService: Many reviews mention the friendly and attentive staff, which enhances the dining experience.\n\nAmbiance: The casual and cozy atmosphere makes it suitable for relaxed meals.\n\nCommon Issues (from reviews)\nParking: Some customers note that parking can be confusing and limited during busy times.\n\nWait times: A few reviews mention long waits during peak hours, but the service remains attentive.\n\nPractical Notes\nReservation / wait: Walk-in friendly, but can get busy, especially during dinner.\n\nAccessibility: Not mentioned.\n\nParking / transit: Street parking is available, but can be tricky.\n\nBest use case: Ideal for groups looking for a casual dinner spot with great burgers.",
        "website": "https://www.google.com/maps/place/Brave+The+Flames/@42.1921788,-74.1338275,1280m/data=!3m1!1e3!4m11!1m4!2m3!1sThai+Spice+Cafe+%E2%80%93+Well-liked+Thai+on+Raymond+Avenue!5m1!4e3!3m5!1s0x89ddad1f481249e1:0x7c36268c9a23e52f!8m2!3d42.1957858!4d-74.1367958!16s%2Fg%2F11vj5gb554?entry=ttu&g_ep=EgoyMDI2MDYxMy4wIKXMDSoASAFQAw%3D%3D"
      },
      "geometry": {
        "type": "Point",
        "coordinates": [
          -74.13665147532325,
          42.19592354744652
        ]
      }
    },
    {
      "type": "Feature",
      "properties": {
        "name": "Bred in the Bone Damariscotta ME",
        "icon": "utensils",
        "color": "purple",
        "detail": "Bred in the Bone\n\n\ud83d\udccd 133 Main St, Damariscotta, ME\n\nA cozy Mediterranean-inspired restaurant with a deliberately short, weekly-changing menu \u2014 pappardelle, scallops, and tuna alongside dessert standouts like tiramisu, affogato, and olive cakes. The room leans into deep colors and exposed brick for a charming, thoughtful feel, backed by an extensive wine list. Google rates it 4.8; ranked around #7 of 33 restaurants in Damariscotta.\n\nMust Order\n- Pappardelle\n- Scallops\n- Tiramisu or affogato for dessert\n\nTips\n- Short menu by design \u2014 check what's currently running since it changes weekly, plus regular specials.\n- Reservations recommended given the small room and short menu (limited covers per night).\n- Good wine list \u2014 worth asking staff for a pairing if you're ordering the tasting-style small plates.",
        "website": "https://www.bitbmaine.com/"
      },
      "geometry": {
        "type": "Point",
        "coordinates": [
          -69.5316638,
          44.0326687
        ]
      }
    },
    {
      "type": "Feature",
      "properties": {
        "name": "Brewster Flats Brewster MA",
        "icon": "star",
        "color": "purple",
        "detail": "Brewster Flats\n\n\ud83d\udccd Brewster MA\n\nAt low tide the bay recedes up to 2 miles, exposing vast sand flats and tide pools \u2014 one of the Cape's signature natural experiences.\n\nTips\n- Check a tide chart \u2014 you want to arrive 1\u20132 hours before low tide.\n- Access via Linnell Landing, Crosby Landing, or Paines Creek Beach.",
        "website": ""
      },
      "geometry": {
        "type": "Point",
        "coordinates": [
          -70.0775,
          41.7689
        ]
      }
    },
    {
      "type": "Feature",
      "properties": {
        "name": "Bubble and Bite Brunswick ME",
        "icon": "utensils",
        "color": "purple",
        "detail": "Bubble and Bite - Boba Tea & Asian Eats\n\n\ud83d\udccd 149 Maine St, Tontine Mall, Brunswick, ME (same building as Walter's Cafe)\n\nHand-crafted boba drinks and bold Asian street food flavors \u2014 a combination distinct from typical New England caf\u00e9 fare, convenient to Bowdoin College.\n\nMust Order\n- Boba flavors \u2014 Brown Sugar, Matcha Milk Tea, Classic Taro\n- Rice bowls, bao buns\n- Japanese-style fries, mochi waffles\n\nTips\n- Prefers pickup orders through their own site (bubblenbite.com); DoorDash also available\n- Hours: Sun 11:30am-5pm, Mon-Thu 11:30am-7pm, Fri-Sat 11:30am-8pm\n- Newer, smaller business with the thinnest web footprint of this batch \u2014 no independent press coverage found; worth a call-ahead confirmation before finalizing plans around it",
        "website": "https://www.bubblenbite.com/"
      },
      "geometry": {
        "type": "Point",
        "coordinates": [
          -69.964,
          43.9148
        ]
      }
    },
    {
      "type": "Feature",
      "properties": {
        "name": "Bug Light Park South Portland ME",
        "icon": "anchor",
        "color": "purple",
        "detail": "Bug Light Park\n\n\ud83d\udccd Spring Point Drive, South Portland, ME (~10 min from downtown Portland)\n\nBug Light Park is a breezy open-air park at the tip of the Spring Point peninsula in South Portland, just across the harbor from Portland's Old Port. It's named for the Spring Point Ledge Lighthouse \u2014 a compact, cast-iron sparkplug lighthouse nicknamed \"Bug Light\" \u2014 that sits at the end of a 900-foot granite breakwater you can walk out onto.\n\nThe views here are exceptional: Portland Harbor and its working waterfront to the north, Portland Head Light visible to the south, and Casco Bay stretching out to the east. The walk from the parking area to the end of the breakwater and back is about 1.5\u20132 miles and completely flat.\n\nTips\n- The breakwater walk is the highlight \u2014 sturdy shoes recommended as the granite blocks are uneven\n- Bug Light is privately owned but the grounds and breakwater are public\n- The adjacent Southern Maine Community College waterfront adds more walking paths\n- Great spot to watch lobster boats, tankers, and ferries move through the harbor\n- Free parking in the lot off Spring Point Drive\n- Combine with Portland Head Light (~5 min drive) for a full Cape Elizabeth morning",
        "website": "https://www.google.com/maps/place/Bug+Light+Park/@43.6506,-70.2441,15z"
      },
      "geometry": {
        "type": "Point",
        "coordinates": [
          -70.2441,
          43.6506
        ]
      }
    },
    {
      "type": "Feature",
      "properties": {
        "name": "Butler's Pantry Breakfast and Dinner Stowe VT",
        "icon": "coffee",
        "color": "purple",
        "detail": "The establishment is a restaurant known for its breakfast offerings, particularly popular for eggs Benedict and pastries. It attracts couples and families, often visited for brunch or casual dining experiences. The vibe is casual and welcoming, with reports of friendly service. Reviewers consistently praise the quality of food, prompt meal delivery, and the pleasant environment. Some downsides noted include higher prices and smaller portion sizes for children.",
        "website": "https://www.google.com/maps/place/Butler's+Pantry+Breakfast+and+Dinner/@44.4651613,-72.6893761,895m/data=!3m1!1e3!4m6!3m5!1s0x4cb5965469ce0ddd:0xc4586a474550d8cd!8m2!3d44.4650968!4d-72.6849471!16s%2Fg%2F11fyxdf7mp?entry=ttu&g_ep=EgoyMDI2MDYxMC4wIKXMDSoASAFQAw%3D%3D"
      },
      "geometry": {
        "type": "Point",
        "coordinates": [
          -72.68488996727096,
          44.46515686993604
        ]
      }
    },
    {
      "type": "Feature",
      "properties": {
        "name": "Buttermilk Kitchen at Marriner's-Camden Maine Camden ME",
        "icon": "sandwich",
        "color": "purple",
        "detail": "Buttermilk Kitchen at Marriner's\n\n\ud83d\udccd 35 Main St, Camden, ME\n\nA breakfast-and-lunch spot from chef Suzanne Vizethann, built around wholesome, scratch-made comfort food \u2014 the name is a nod to buttermilk, the byproduct of churning butter, and the kitchen's whole approach. Google-rated 4.8, a standout even among Camden's strong breakfast scene.\n\nMust Order\n- Chicken biscuit with red pepper jelly \u2014 the most-praised dish by a wide margin\n- Buttermilk drop biscuits\n- Pimento cheese grits\n- Blueberry pancakes and haddock chowder for a more classic Maine breakfast/lunch pick\n- Corned beef hash\n\nTips\n- Reasonable prices for the quality \u2014 reviewers consistently call it a good value.\n- Breakfast/lunch only \u2014 plan for morning or midday, not dinner.\n- (207) 236-4949 if you want to call ahead about wait times during peak season.",
        "website": "https://www.google.com/maps/place/Buttermilk+Kitchen+at+Marriner's-Camden+Maine/@44.2104565,-69.0675468,516m/data=!3m2!1e3!5s0x4cadd70b8c340ce1:0xb941bb80d4b04e9f!4m13!1m5!2m4!1sRestaurants!5m1!4e9!6e5!3m6!1s0x4cadd70065e5bba7:0xbe9364b64a2dd7da!8m2!3d44.2104565!4d-69.0645939!15sCgtSZXN0YXVyYW50c1oNIgtyZXN0YXVyYW50c5IBE2FtZXJpY2FuX3Jlc3RhdXJhbnSaAURDaTlEUVVsUlFVTnZaRU5vZEhsalJqbHZUMnhvWVZkRmVFTlVNRTUzVm10NFJWcFZNWEJqTTJSSlZXMTRWVTFGUlJBQuABAPoBBAghEEg!16s%2Fg%2F11vk7q8s87?entry=ttu&g_ep=EgoyMDI2MDYwOS4wIKXMDSoASAFQAw%3D%3D"
      },
      "geometry": {
        "type": "Point",
        "coordinates": [
          -69.06458213597075,
          44.21055540007724
        ]
      }
    },
    {
      "type": "Feature",
      "properties": {
        "name": "Cabbage Island Clambakes Boothbay Harbor ME",
        "icon": "utensils",
        "color": "purple",
        "detail": "Cabbage Island Clambakes\n\n\ud83d\udccd Ticket booth: Pier 6, Fisherman's Wharf Inn, 22 Commercial St, Boothbay Harbor, ME\n\nNot a restaurant so much as a full excursion: board the Bennie Alice for a scenic narrated cruise of Boothbay Harbor, land on a 5.5-acre private island, and eat a traditional Downeast clambake cooked right there \u2014 fish chowder, two whole lobsters, a pound of steamer clams, corn on the cob, potato, onion, egg, and blueberry cake, with coffee/tea/water included. Round trip runs about 3.5 hours. Rated 4.9 on Tripadvisor, ranked around #12 of 46 Boothbay Harbor restaurants \u2014 reviewers consistently call it the best value excursion in the area.\n\nMust Order\n- Nothing to choose \u2014 the full clambake spread is the whole point, and it's included in the ticket price.\n\nTips\n- Book ahead; this sells out in peak season.\n- Arrive at the ticket booth (Pier 6, Fisherman's Wharf Inn) one hour before departure for check-in.\n- Cash or check only \u2014 they do not accept credit or debit cards, at the booth, on the boat, or on the island.\n- Price is tied to market lobster rates and can shift, so confirm current pricing before booking.\n- Budget the better part of an afternoon \u2014 this isn't a quick meal, it's a half-day activity.",
        "website": "https://www.cabbageislandclambake.com/"
      },
      "geometry": {
        "type": "Point",
        "coordinates": [
          -69.6275249,
          43.8503707
        ]
      }
    },
    {
      "type": "Feature",
      "properties": {
        "name": "Cadillac Mountain Bar Harbor ME",
        "icon": "landmark",
        "color": "purple",
        "detail": "",
        "website": ""
      },
      "geometry": {
        "type": "Point",
        "coordinates": [
          -68.2274,
          44.3521
        ]
      }
    },
    {
      "type": "Feature",
      "properties": {
        "name": "Cafe Dim Sum Burlington VT",
        "icon": "utensils",
        "color": "purple",
        "detail": "Cafe Dim Sum\n\n\ud83d\udccd 95 St Paul St, Burlington, VT\n\nA genuine, cart-style dim sum spot near Church Street downtown \u2014 nearly 40 items on the menu, described by reviewers as authentic with genuine warmth. Joe Coffee 4.5\u2605 (321 reviews); Sirved 4.7\u2605; Tripadvisor 5.0 (smaller review base).\n\nMust Order\n- Pork shumai\n- Wonton noodle soup\n- Mapo tofu\n- Scallion pancakes\n- Sesame noodles\n- Chicken feet, for the adventurous\n\nTips\n- Limited hours: open Friday-Sunday only, 11am-9pm \u2014 closed Mon-Thu, plan around this\n- About 35-40 min from Stowe \u2014 worth a dedicated trip if the dates line up with the open days",
        "website": "https://www.google.com/maps/place/Cafe+Dim+Sum/@44.4778,-73.214,17z"
      },
      "geometry": {
        "type": "Point",
        "coordinates": [
          -73.214,
          44.4778
        ]
      }
    },
    {
      "type": "Feature",
      "properties": {
        "name": "Cafe This Way Bar Harbor ME",
        "icon": "sandwich",
        "color": "purple",
        "detail": "Open in Google Maps",
        "website": "https://www.google.com/maps/place/Cafe+This+Way/@44.3884952,-68.2068281,271a,35y,125.7h,44.9t/data=!3m1!1e3!4m15!1m8!3m7!1s0x4caebe4815802593:0x88e91a6528cad91b!2sBar+Harbor,+ME!3b1!8m2!3d44.3875617!4d-68.2042989!16zL20vMDJnMDZr!3m5!1s0x4caebf64acc2616d:0x887db249252fe6eb!8m2!3d44.3867582!4d-68.205179!16s%2Fg%2F1xfsnblf?entry=ttu&g_ep=EgoyMDI2MDYxMC4wIKXMDSoASAFQAw%3D%3D"
      },
      "geometry": {
        "type": "Point",
        "coordinates": [
          -68.2042989,
          44.3875617
        ]
      }
    },
    {
      "type": "Feature",
      "properties": {
        "name": "Cafe This Way",
        "icon": "wine",
        "color": "purple",
        "detail": "",
        "website": "https://www.google.com/maps/place/Cafe+This+Way/@44.3836467,-68.2425459,4524m/data=!3m1!1e3!4m13!1m5!2m4!1sRestaurants!5m1!4e9!6e5!3m6!1s0x4caebf64acc2616d:0x887db249252fe6eb!8m2!3d44.3867582!4d-68.205179!15sCgtSZXN0YXVyYW50c1oNIgtyZXN0YXVyYW50c5IBBGNhZmWaASNDaFpEU1VoTk1HOW5TMFZKUTBGblNVTktka3g2ZVZCbkVBReABAPoBBAgAEEs!16s%2Fg%2F1xfsnblf?entry=ttu&g_ep=EgoyMDI2MDcwOC4wIKXMDSoASAFQAw%3D%3D"
      },
      "geometry": {
        "type": "Point",
        "coordinates": [
          -68.20501813161653,
          44.387588310221
        ]
      }
    },
    {
      "type": "Feature",
      "properties": {
        "name": "Camden City Park ME",
        "icon": "landmark",
        "color": "purple",
        "detail": "Camden City Park (Laite Memorial Beach)\n\n\ud83d\udccd Bay View Street, between Cedar and Chestnut Hill Streets, Camden, ME\n\nThe town's official name for this spot is Laite Memorial Beach \u2014 a small, low-key harbor beach easy to miss from the road (you'll mostly see swings and a few picnic tables). No fees, easy access to Camden Harbor's water, and a swimming platform anchored about 100 feet offshore in summer for anyone up for a brisk Atlantic swim. Restrooms, picnic tables, and grills on site.\n\nTips\n- Open 6am\u201310pm daily.\n- Dogs allowed May 1\u2013Oct 1, but only during set hours (6\u201310pm and 6\u20138am) and never on the beach itself May through September \u2014 check current signage before bringing one.\n- Water quality is tested weekly through the Maine Healthy Beaches program.\n- About a half-mile walk from downtown \u2014 an easy add-on rather than a special trip.",
        "website": ""
      },
      "geometry": {
        "type": "Point",
        "coordinates": [
          -69.0585709,
          44.2028945
        ]
      }
    },
    {
      "type": "Feature",
      "properties": {
        "name": "Camden Hills State Park (Mount Battie) Camden ME",
        "icon": "mountain",
        "color": "purple",
        "detail": "Camden Hills State Park (Mount Battie)\n\n\ud83d\udccd 280 Belfast Road, Camden ME\n\nThe single most iconic view in Camden \u2014 Mount Battie's 800-foot summit overlooks Camden Harbor, Penobscot Bay, and the islands beyond (Cadillac Mountain is visible on a clear day). Tripadvisor Certificate of Excellence park, Mount Battie itself rated 5/5. Reachable either by a moderate 0.5-mile hiking trail or by driving the seasonal Mount Battie Auto Road straight to the summit parking lot.\n\nTips\n- The Auto Road (open ~May\u2013October, 7am\u2013sunset) means you don't have to hike at all \u2014 a good option if you'd rather skip the trail.\n- If hiking, the summit ledges are open and broad, not a narrow exposed scramble \u2014 much gentler than Beehive/Precipice in Acadia.\n- Also in the park: Mount Megunticook (highest peak in the range) and Maiden Cliff, a dramatic cliff-edge overlook \u2014 Maiden Cliff specifically has real drop-offs at the summit, worth weighing given vertigo sensitivity.\n- This is the view on your own Base Camp 3 cover photo \u2014 worth prioritizing early in the stay.\n- The summit viewpoint is also listed on Google Maps as \"Curtis Lighthouse Overlook\" \u2014 same spot, same 4.7 rating.",
        "website": ""
      },
      "geometry": {
        "type": "Point",
        "coordinates": [
          -69.047376,
          44.230138
        ]
      }
    },
    {
      "type": "Feature",
      "properties": {
        "name": "Cannon Mountain Aerial Tramway Franconia NH",
        "icon": "mountain",
        "color": "purple",
        "detail": "Cannon Mountain Aerial Tramway\n\n\ud83d\udccd Franconia NH\n\nThe oldest aerial tramway in North America, operating since 1938, carries passengers 2,022 vertical feet to the 4,080-foot summit of Cannon Mountain in 8 minutes. The summit observation deck delivers a panorama spanning Vermont's Green Mountains, the Presidential Range, and \u2014 on clear days \u2014 into Canada and the St. Lawrence. A summit trail adds another 200 feet to the true peak.\n\nTips\n- The tram runs daily in summer; tickets should be purchased online to avoid waits.\n- The summit can be 20\u00b0F cooler than the valley \u2014 bring a layer.\n- From the summit, the Rim Trail loop (1.5 miles) visits the true peak and several overlooks.\n- The Echo Lake beach and Artist Bluff hike are at the base of the tramway \u2014 easy to combine.",
        "website": ""
      },
      "geometry": {
        "type": "Point",
        "coordinates": [
          -71.6985,
          44.1598
        ]
      }
    },
    {
      "type": "Feature",
      "properties": {
        "name": "Cape Cod Canal Visitor Center Sandwich MA",
        "icon": "star",
        "color": "purple",
        "detail": "",
        "website": "https://www.google.com/maps/place/Cape+Cod+Canal+Visitor+Center/@41.773208,-70.5476871,8546m/data=!3m1!1e3!4m10!1m2!2m1!1sSandwich+ma+historical!3m6!1s0x89e4ca472ed04269:0xf13c04d401a60efa!8m2!3d41.7732051!4d-70.5000139!15sChZTYW5kd2ljaCBtYSBoaXN0b3JpY2FsWhgiFnNhbmR3aWNoIG1hIGhpc3RvcmljYWySAQZtdXNldW2aASRDaGREU1VoTk1HOW5TMFZKUTBGblNVUjZOSFo2YzJsM1JSQULgAQD6AQQIABBF!16s%2Fg%2F11bx9wwcxd?entry=ttu&g_ep=EgoyMDI2MDYxNi4wIKXMDSoASAFQAw%3D%3D"
      },
      "geometry": {
        "type": "Point",
        "coordinates": [
          -70.4999262329908,
          41.77506388442292
        ]
      }
    },
    {
      "type": "Feature",
      "properties": {
        "name": "Cape Cod National Seashore Truro MA",
        "icon": "star",
        "color": "purple",
        "detail": "",
        "website": "https://www.google.com/maps/place/Cape+Cod+National+Seashore/@42.0184255,-70.1580862,25753m/data=!3m1!1e3!4m15!1m8!3m7!1s0x89fb5f8d605190e5:0x70889a56ace16faa!2sTruro,+MA!3b1!8m2!3d42.0031966!4d-70.053449!16zL20vMHR5NW0!3m5!1s0x89fb42dcc768c5df:0xa8d1f6c2f162f608!8m2!3d41.9830785!4d-70.0532913!16zL20vMDlyMHI?entry=ttu&g_ep=EgoyMDI2MDYxNi4wIKXMDSoASAFQAw%3D%3D"
      },
      "geometry": {
        "type": "Point",
        "coordinates": [
          -70.0531995007621,
          41.98805974785063
        ]
      }
    },
    {
      "type": "Feature",
      "properties": {
        "name": "Carriage Roads Acadia National Park ME",
        "icon": "footprints",
        "color": "purple",
        "detail": "Carriage Roads\n\n\ud83d\udccd Acadia National Park ME\n\n45 miles of crushed-stone carriage roads built by John D. Rockefeller Jr. between 1913 and 1940, specifically to keep automobiles out of the park \u2014 a ban he personally enforced for decades. No motorized vehicles ever. The roads wind through forest, across 17 hand-built granite bridge arches of different designs, past Eagle Lake, Jordan Pond, and Bubble Pond. Biking these roads is the single most distinctive experience Acadia offers.\n\nTips\n- Rent bikes in Bar Harbor at Acadia Bike or Bar Harbor Bicycle Shop \u2014 all have carriage road maps.\n- The Eagle Lake loop (around the lake) is 5.8 miles and suitable for all abilities.\n- The network of bridges is a marvel \u2014 each one different; Rockefeller insisted no two be alike.\n- Start early; the roads near Jordan Pond get crowded by mid-morning in peak season.\n- The carriage roads are also excellent for walking \u2014 the surface is smooth and packed.",
        "website": ""
      },
      "geometry": {
        "type": "Point",
        "coordinates": [
          -68.2733,
          44.3386
        ]
      }
    },
    {
      "type": "Feature",
      "properties": {
        "name": "Casa Ortega Cornish NH",
        "icon": "sandwich",
        "color": "purple",
        "detail": "Overview  \nType: Restaurant  \n  \nBest known for: Authentic Mexican cuisine, great atmosphere  \n  \nLocation context: Wappingers Falls, NY  \n  \nPrice level: $20\u201330 per person  \n  \nVisit timing: Busy during dinner hours  \n  \nTypical Customers  \nDemographics: Locals  \n  \nGroup types: Couples, families, larger groups  \n  \nCommon occasions: Casual dinner, date night  \n  \nVibe & Setting  \nAtmosphere: Casual and lively  \n  \nNoise level: Moderate  \n  \nDecor & setting: Indoor seating, lively ambiance  \n  \nService style: Attentive and friendly  \n  \nRecommended Dishes  \nOverall dish consensus  \nReviewers highly recommend the tacos and entrees, particularly the Shrimp Tacos and Ribeye Tampique\u00f1a for their flavor and quality.  \n  \nHow \u201ctop dishes\u201d are determined  \nTop dishes are identified based on their frequency in reviews and menu mentions, including those labeled as popular or featured in photos.  \n  \n| Rank | Dish                          | Why it stands out                               | How often it\u2019s mentioned              | Ideal for                   |  \n|------|-------------------------------|------------------------------------------------|-------------------------------------|-----------------------------|  \n| 1    | Shrimp Tacos                 | Flavorful and well-prepared, a customer favorite. | Mentioned in numerous reviews       | Spice lovers                |  \n| 2    | Ribeye Tampique\u00f1a            | Tender and cooked perfectly, highly praised.    | Repeatedly called out as a favorite | Hearty main                |  \n| 3    | Chilaquiles Verdes           | Bright flavor, satisfying and comforting dish.  | Appears in many reviews             | Quick bite                 |  \n  \nGood alternates / backup choices  \n- Quesabirria Tacos: Notable for their rich flavor and generous portions.  \n- Sopa Azteca: Comforting and flavorful, a good choice for a light meal.  \n  \nHighlights (non\u2011dish positives from reviews)  \nService quality: Great service noted with a friendly and helpful staff.  \n  \nAmbiance: Many reviewers appreciate the lively atmosphere that enhances the dining experience.  \n  \nCommon Issues (from reviews)  \nBusy times: Wait times can be longer during dinner rush, especially on weekends.  \n  \nPractical Notes  \nReservation / wait: Walk-in friendly, but wait times can occur in peak hours.  \n  \nAccessibility: Not mentioned  \n  \nParking / transit: Street parking available, or public transit options nearby.  \n  \nBest use case: Great for casual dinners and lively date nights.",
        "website": "https://www.google.com/maps/place/Casa+Ortega/@28.7312326,-108.0448146,7961340m/data=!3m1!1e3!4m10!1m2!2m1!1sCasa+Ortega!3m6!1s0x89dd39519eff6e61:0xe0dd81965171db15!8m2!3d41.5975884!4d-73.9206196!15sCgtDYXNhIE9ydGVnYVoNIgtjYXNhIG9ydGVnYZIBEm1leGljYW5fcmVzdGF1cmFudOABAA!16s%2Fg%2F11nl7snq66?entry=ttu&g_ep=EgoyMDI2MDYxMy4wIKXMDSoASAFQAw%3D%3D"
      },
      "geometry": {
        "type": "Point",
        "coordinates": [
          -72.32138650447453,
          43.50187813579952
        ]
      }
    },
    {
      "type": "Feature",
      "properties": {
        "name": "Casa Susanna 1 Athens NY",
        "icon": "sandwich",
        "color": "purple",
        "detail": "Overview\nType: Restaurant\n\nBest known for: Unbelievable food and cocktails, excellent service.\n\nLocation context: Catskills\n\nPrice level: $40\u2013100\n\nVisit timing: Mentioned as good for brunch and dinner.\n\nTypical Customers\nDemographics: Locals and visitors, couples, families.\n\nGroup types: Couples, families, friends.\n\nCommon occasions: Brunch, casual dinners, special occasions.\n\nVibe & Setting\nAtmosphere: Cozy and lively.\n\nNoise level: Moderate.\n\nDecor & setting: Indoor seating, bar area.\n\nService style: Attentive and friendly.\n\nRecommended Dishes\nOverall dish consensus\nReviewers highly recommend the Duck Leg Confit and the Birria, praising their flavor and quality.\n\nHow \u201ctop dishes\u201d are determined\nTop dishes are chosen based on mentions and praise from reviewers, specifically those highlighted on the menu and described frequently in reviews.\n\n| Rank | Dish                | Why it stands out                               | How often it\u2019s mentioned            | Ideal for                 |\n|------|---------------------|------------------------------------------------|-----------------------------------|---------------------------|\n| 1    | Duck Leg Confit     | Noted for its incredible flavor and texture.   | Mentioned in many reviews       | Hearty main               |\n| 2    | Birria              | Praised for its strong flavors and quality.    | Frequently called out by diners | Sharing at the table      |\n\nGood alternates / backup choices\n- Scallop Tostada: Appreciated for its fresh taste and presentation.\n- Sausage Tamale: Mentioned as a comforting and satisfying option.\n- Monk Fish: Highlighted for its excellent preparation and flavor.\n\nHighlights (non\u2011dish positives from reviews)\nService: Reviewers consistently mention friendly and attentive service, enhancing the overall dining experience.\n\nAtmosphere: The cozy vibe and lively setting contribute to a warm dining experience.\n\nQuality of Ingredients: Diners rave about the use of quality and fresh ingredients in the dishes.\n\nCommon Issues (from reviews)\nWait Times: Some diners noted longer waits during peak hours, suggesting arriving early.\n\nReservation Advice: Reservations are recommended, especially for busy dinner hours.\n\nPractical Notes\nReservation / wait: Reservations recommended.\n\nAccessibility: Not mentioned.\n\nParking / transit: Not mentioned.\n\nBest use case: Great for brunch with friends or casual dinners.",
        "website": "https://www.google.com/maps/place/Casa+Susanna/@42.1084283,-74.1330219,79116m/data=!3m1!1e3!4m11!1m4!2m3!1sThai+Spice+Cafe+%E2%80%93+Well-liked+Thai+on+Raymond+Avenue!5m1!4e3!3m5!1s0x89ddbd17c23bb081:0x2b3ec0bc2094f1fd!8m2!3d42.2503276!4d-73.8886741!16s%2Fg%2F11twhkk4rh?entry=ttu&g_ep=EgoyMDI2MDYxMy4wIKXMDSoASAFQAw%3D%3D"
      },
      "geometry": {
        "type": "Point",
        "coordinates": [
          -73.89275551995887,
          42.26712167446115
        ]
      }
    },
    {
      "type": "Feature",
      "properties": {
        "name": "Casa Susanna Catskill NY",
        "icon": "sandwich",
        "color": "purple",
        "detail": "Overview\nType: Restaurant\n\nBest known for: Exceptional food quality, made with quality ingredients; flavorful dishes highlighting Mexican cuisine.\n\nLocation context: Not explicitly mentioned.\n\nPrice level: $40\u2013100\n\nVisit timing: Popular for brunch and dinner, tends to get busy.\n\nTypical Customers\nDemographics: Mostly locals and visitors.\n\nGroup types: Couples, small groups, families.\n\nCommon occasions: Casual dinners, brunches, and special occasions.\n\nVibe & Setting\nAtmosphere: Cozy and welcoming environment.\n\nNoise level: Moderate, lively atmosphere.\n\nDecor & setting: Indoor dining and bar seating.\n\nService style: Attentive and friendly service.\n\nRecommended Dishes\nOverall dish consensus  \nDuck Leg Confit and Birria are frequently praised for their rich flavors and quality ingredients.\n\nHow \u201ctop dishes\u201d are determined  \nTop dishes are identified based on user reviews and mentions of popular items, noted for their frequent appearances in positive reviews and photos on the Google Maps page.\n\n| Rank | Dish                  | Why it stands out                                   | How often it\u2019s mentioned                | Ideal for              |\n|------|-----------------------|----------------------------------------------------|----------------------------------------|-----------------------|\n| 1    | Duck Leg Confit       | Tender and flavorful, a standout dish at the restaurant. | Mentioned in many reviews              | Hearty main           |\n| 2    | Birria                | Rich and authentic flavors, highly recommended.    | Repeatedly called out as a favorite    | Sharing at the table   |\n| 3    | Scallop Tostada      | Unique and flavorful appetizer that enhances the dining experience. | Appears in numerous photos             | Lighter option        |\n\nGood alternates / backup choices  \n- Weekend Brunch: Known for a great brunch experience with flavorful dishes.\n- Sausage Tamale: Praised for its hearty and satisfying nature.\n\nHighlights (non\u2011dish positives from reviews)\nFood Quality: Reviewers frequently highlight the quality and freshness of ingredients, particularly heirloom corn tortillas made in-house.\n\nService Quality: Many reviews commend the attentive and friendly service that enhances the dining experience.\n\nCommon Issues (from reviews)\nWait Times: Some reviewers mention busy times on weekends leading to potential waits for tables.\n\nPractical Notes\nReservation / wait: Recommended to make reservations due to popularity.\n\nAccessibility: Not mentioned.\n\nParking / transit: Not mentioned.\n\nBest use case: Great for brunch or a casual dinner with friends or family.",
        "website": "https://www.google.com/maps/place/Casa+Susanna/@42.2503276,-73.891249,820m/data=!3m1!1e3!4m14!1m7!3m6!1s0x89ddbd17c23bb081:0x2b3ec0bc2094f1fd!2sCasa+Susanna!8m2!3d42.2503276!4d-73.8886741!16s%2Fg%2F11twhkk4rh!3m5!1s0x89ddbd17c23bb081:0x2b3ec0bc2094f1fd!8m2!3d42.2503276!4d-73.8886741!16s%2Fg%2F11twhkk4rh?entry=ttu&g_ep=EgoyMDI2MDYxMy4wIKXMDSoASAFQAw%3D%3D"
      },
      "geometry": {
        "type": "Point",
        "coordinates": [
          -73.88870517792711,
          42.250434801903175
        ]
      }
    },
    {
      "type": "Feature",
      "properties": {
        "name": "Castaways Bar & Grill at Bridgeview Marina Port Ewen NY",
        "icon": "sandwich",
        "color": "purple",
        "detail": "Overview\nType: Restaurant\n\nBest known for: Delicious food, lively atmosphere with music.\n\nLocation context: Near Raymond Avenue\n\nPrice level: $10\u201320 per person\n\nVisit timing: Popular during dinner hours and special events.\n\nTypical Customers\nDemographics: Mix of locals and visitors, with an inviting atmosphere for couples and families.\n\nGroup types: Couples, friends, families, larger groups.\n\nCommon occasions: Casual dinners, gatherings, special occasions.\n\nVibe & Setting\nAtmosphere: Lively and casual, suitable for both relaxed dining and socializing.\n\nNoise level: Moderate to loud.\n\nDecor & setting: Indoor seating with a stocked bar, several screens for entertainment.\n\nService style: Friendly and attentive, with some reviews mentioning slower service during busy times.\n\nRecommended Dishes\nOverall dish consensus\nReviewers frequently praise items like burgers, wings, and appetizers for their quality and flavor. The burger nights and wing nights are especially popular for their unique offerings.\n\nHow \u201ctop dishes\u201d are determined\nTop dishes are chosen based on frequent mentions in reviews, particularly those highlighted as popular or shown in multiple photos, indicating strong customer preference.\n\n| Rank | Dish                   | Why it stands out                                        | How often it\u2019s mentioned      | Ideal for                     |\n|------|-----------------------|--------------------------------------------------------|-------------------------------|-------------------------------|\n| 1    | Double Blue Burger    | Praised for its flavor; called the \"best thing tried\".| Mentioned in many reviews     | Hearty main                  |\n| 2    | Pulled Pork Nachos    | Noted for generous serving and comfort food appeal.    | Appears in numerous photos     | Sharing at the table         |\n| 3    | Crab Cakes            | Frequently recommended for being tasty and well-prepared.| Repeatedly called out as a favorite| Lighter option               |\n\nGood alternates / backup choices\n- Onion Rings: Known for being comforting and crispy.\n- Quesadilla: Mentioned for its satisfying size and flavor.\n\nHighlights (non-dish positives from reviews)\nAtmosphere: Customers enjoy the relaxed yet lively vibe, suitable for gatherings.\n\nService experience: Despite busy periods, many mentioned the friendly approach of staff.\n\nCommon Issues (from reviews)\nService speed: Some patrons experienced slow service during peak hours.\n\nNoise level: The lively atmosphere can lead to loud music, which not everyone appreciates.\n\nPractical Notes\nReservation / wait: Walk-in friendly; no mention of reservations needed.\n\nAccessibility: Not mentioned.\n\nParking / transit: Not mentioned.\n\nBest use case: Great for casual gatherings with friends or family.",
        "website": "https://www.google.com/maps/place/Castaways+Bar+%26+Grill+at+Bridgeview+Marina/@41.9078616,-73.9860731,3267m/data=!3m1!1e3!4m11!1m4!2m3!1sThai+Spice+Cafe+%E2%80%93+Well-liked+Thai+on+Raymond+Avenue!5m1!4e3!3m5!1s0x89dd0f453ae70723:0x62133f257353dad6!8m2!3d41.9110493!4d-73.9948528!16s%2Fg%2F11vr0zc8pq?entry=ttu&g_ep=EgoyMDI2MDYxMy4wIKXMDSoASAFQAw%3D%3D"
      },
      "geometry": {
        "type": "Point",
        "coordinates": [
          -73.99447832650473,
          41.9110205935254
        ]
      }
    },
    {
      "type": "Feature",
      "properties": {
        "name": "Cathedral Ledge North Conway NH",
        "icon": "mountain",
        "color": "purple",
        "detail": "Cathedral Ledge\n\n\ud83d\udccd North Conway NH\n\nDramatic granite cliff with a drive-to-the-top overlook plus rock climbing; one of the best sunset views in Mount Washington Valley.\n\nTips\n- Drive-up option available \u2014 no hike required for the overlook.\n- Great sunset spot.",
        "website": ""
      },
      "geometry": {
        "type": "Point",
        "coordinates": [
          -71.1494,
          44.0903
        ]
      }
    },
    {
      "type": "Feature",
      "properties": {
        "name": "Chase\u2019s Daily Belfast ME",
        "icon": "utensils",
        "color": "purple",
        "detail": "Chase\u2019s Daily\n\nChase\u2019s Daily is known in Belfast as a farm-driven cafe and bakery with a strong seasonal identity. It is widely associated with vegetarian-friendly cooking, produce-forward dishes, and baked goods that reflect the agricultural rhythm of Midcoast Maine.[cite:32][cite:23]\n\nIts appeal comes from the combination of downtown setting and ingredients-led menu, making it a favorite for a lighter lunch or breakfast-oriented stop. Local guides regularly include it among standout Belfast food destinations for visitors exploring Main Street.[cite:32]",
        "website": ""
      },
      "geometry": {
        "type": "Point",
        "coordinates": [
          -69.00690687946212,
          44.42603172787651
        ]
      }
    },
    {
      "type": "Feature",
      "properties": {
        "name": "Cheese Louise North Conway",
        "icon": "sandwich",
        "color": "purple",
        "detail": "",
        "website": "https://www.google.com/maps/place/Cheese+Louise+North+Conway/@44.0527722,-71.1284377,134a,48.2y,0.36t/data=!3m1!1e3!4m14!1m7!3m6!1s0x4cb3a0bf793f9bfb:0x6c5284ed20196b08!2sVia+Roma+Pizza+%26+Mediterranean!8m2!3d44.0363957!4d-71.1223054!16s%2Fg%2F11r9lxtgw!3m5!1s0x4cb3a17387f73ed1:0xf7e87bed181b4fd3!8m2!3d44.0529101!4d-71.1281215!16s%2Fg%2F11vy71cw09?entry=ttu&g_ep=EgoyMDI2MDcxMi4wIKXMDSoASAFQAw%3D%3D"
      },
      "geometry": {
        "type": "Point",
        "coordinates": [
          -71.12803604090551,
          44.05338353032771
        ]
      }
    },
    {
      "type": "Feature",
      "properties": {
        "name": "Cheese Louise Settlers Green Conway NH",
        "icon": "sandwich",
        "color": "purple",
        "detail": "Overview\nType: Casual dining restaurant\n\nBest known for: Delicious sandwiches and friendly service\n\nLocation context: Not mentioned\n\nPrice level: $10\u201320 per person\n\nVisit timing: Not mentioned\n\nTypical Customers\nDemographics: Locals and visitors\n\nGroup types: Solo, couples, friends, families\n\nCommon occasions: Casual dining, quick bites\n\nVibe & Setting\nAtmosphere: Casual and friendly\n\nNoise level: Not mentioned\n\nDecor & setting: Indoor seating, informal atmosphere\n\nService style: Attentive and friendly\n\nRecommended Dishes\nOverall dish consensus\nReviewers frequently recommend the Baconator and Parmesan-garlic fries, highlighted as must-try items for their unique flavor and quality.\n\nHow \u201ctop dishes\u201d are determined\nTop dishes are chosen based on mentions in reviews, popularity indicators, and dishes frequently seen in photos on the Google Maps page.\n\n| Rank | Dish                         | Why it stands out                                        | How often it\u2019s mentioned              | Ideal for               |\n|------|------------------------------|---------------------------------------------------------|---------------------------------------|-------------------------|\n| 1    | Baconator                    | Perfectly grilled with excellent fillings.              | Mentioned in many reviews             | Hearty main            |\n| 2    | Parmesan-garlic fries        | Unique slab cut, flavor-packed with a special sauce.    | Repeatedly called out as a favorite   | Sharing at the table    |\n| 3    | House lemonade               | Refreshing and a perfect complement to the meal.       | Mentioned as a preferred drink        | Casual dining           |\n\nGood alternates / backup choices\nNot mentioned.\n\nHighlights (non-dish positives from reviews)\nService: Reviewers appreciate the friendly and helpful staff, particularly the attentiveness of servers like Sam.\n\nFood quality: Mentioned as consistently delicious and well-prepared, making it a popular local choice.\n\nCommon Issues (from reviews)\nNot mentioned.\n\nPractical Notes\nReservation / wait: Walk-in friendly\n\nAccessibility: Not mentioned\n\nParking / transit: Not mentioned\n\nBest use case: Good for a casual meal with friends or family.",
        "website": "https://www.google.com/maps/place/Cheese+Louise+Settlers+Green/@44.0227534,-71.1150962,1549m/data=!3m1!1e3!4m6!3m5!1s0x4cb3a1969be46ecd:0x5fc06ba03e6074a!8m2!3d44.0234828!4d-71.1134029!16s%2Fg%2F11jdmmld0x?entry=ttu&g_ep=EgoyMDI2MDYxMy4wIKXMDSoASAFQAw%3D%3D"
      },
      "geometry": {
        "type": "Point",
        "coordinates": [
          -71.11334356001112,
          44.02376609963313
        ]
      }
    },
    {
      "type": "Feature",
      "properties": {
        "name": "Chleo Kingston, NY",
        "icon": "sandwich",
        "color": "purple",
        "detail": "Chleo\n\n\ud83d\udccd Kingston, NY\n\nA natural wine bar in Kingston's Stockade District serving European-inspired small plates with an outstanding, thoughtfully curated natural wine program.\n\nMust Order\n- Seasonal small plates \u2014 rotate with availability \u2014 always vegetable-forward\n- Wine by the glass \u2014 exceptional list; ask staff for guidance\n- Charcuterie board \u2014 carefully sourced\n\nTips\n- No reservations \u2014 arrive early or expect a wait\n- One of the most exciting spots in Kingston's rapidly evolving dining scene",
        "website": "https://www.google.com/maps/search/Chleo+Kingston,+NY"
      },
      "geometry": {
        "type": "Point",
        "coordinates": [
          -74.0189,
          41.9265
        ]
      }
    },
    {
      "type": "Feature",
      "properties": {
        "name": "Clan MacLaren",
        "icon": "sandwich",
        "color": "purple",
        "detail": "",
        "website": "https://www.google.com/maps/place/Clan+MacLaren/@44.08514,-69.200832,18853m/data=!3m1!1e3!4m13!1m5!2m4!1sRestaurants!5m1!4e9!6e5!3m6!1s0x4cadce28a95c9f01:0x647810ee0c67ca33!8m2!3d44.104298!4d-69.1090032!15sCgtSZXN0YXVyYW50c1oNIgtyZXN0YXVyYW50c5IBDXNhbmR3aWNoX3Nob3CaASNDaFpEU1VoTk1HOW5TMFZKUTBGblNVUnFiVTVRYVU5UkVBReABAPoBBAg6EEM!16s%2Fg%2F1tf35k5m?entry=ttu&g_ep=EgoyMDI2MDcxMy4wIKXMDSoASAFQAw%3D%3D"
      },
      "geometry": {
        "type": "Point",
        "coordinates": [
          -69.1090032,
          44.104298
        ]
      }
    },
    {
      "type": "Feature",
      "properties": {
        "name": "Clark Point Cafe Southwest Harbor ME",
        "icon": "coffee",
        "color": "purple",
        "detail": "Clark Point Cafe is a popular brunch spot known for its delicious breakfast offerings, especially the blueberry Dutch Baby Pancake and Smoked Salmon Benedict. It attracts a diverse clientele including families, couples, and tourists visiting Acadia National Park, often for casual dining occasions. The vibe is casual and welcoming, characterized by a cozy atmosphere and friendly service. Reviewers consistently praise the high-quality food, great coffee, and the comforting ambiance, while some mention limited hours as a potential downside.",
        "website": "https://www.google.com/maps/place/Clark+Point+Cafe/@44.2797099,-68.3263769,124m/data=!3m1!1e3!4m13!1m5!2m4!1sRestaurants!5m1!4e9!6e5!3m6!1s0x4caebd222ac4ab45:0xdf39d417079974b4!8m2!3d44.2797227!4d-68.3256279!15sCgtSZXN0YXVyYW50c1oNIgtyZXN0YXVyYW50c5IBBGNhZmWaASRDaGREU1VoTk1HOW5TMFZKUTBGblNVTlVObU0zVEhwM1JSQULgAQD6AQQIUxA_!16s%2Fg%2F11sv08cd7p?entry=ttu&g_ep=EgoyMDI2MDYxMC4wIKXMDSoASAFQAw%3D%3D"
      },
      "geometry": {
        "type": "Point",
        "coordinates": [
          -68.32560779109161,
          44.27974914300906
        ]
      }
    },
    {
      "type": "Feature",
      "properties": {
        "name": "Clean Slate Eatery Chatham MA",
        "icon": "utensils",
        "color": "purple",
        "detail": "Clean Slate Eatery\n\n\ud83d\udccd Chatham, MA\n\nUpscale New American restaurant with a multi-course, curated dining experience \u2014 expect $100+ per person. Alcohol served. Closed Sundays and Mondays, limited hours other days, open for dinner until 11 PM.\n\nTips\n- Reservations recommended given the tasting-menu-style format and limited operating days.\n- Standouts per reviews: scallops and desserts.",
        "website": "https://www.google.com/maps/place/Clean+Slate+Eatery/@41.6674575,-70.3086395,26493m/data=!3m1!1e3!4m13!1m5!2m4!1sRestaurants!5m1!4e9!6e5!3m6!1s0x89fb393f15f40cb7:0x9bd2b23c9d55500b!8m2!3d41.6674575!4d-70.1562042!15sCgtSZXN0YXVyYW50c1oNIgtyZXN0YXVyYW50c5IBCnJlc3RhdXJhbnSaASRDaGREU1VoTk1HOW5TMFZKUTBGblNVUkVielJtY2pkM1JSQULgAQD6AQQIexBF!16s%2Fg%2F11vqyyy3tt?entry=ttu&g_ep=EgoyMDI2MDcxOS4wIKXMDSoASAFQAw%3D%3D"
      },
      "geometry": {
        "type": "Point",
        "coordinates": [
          -70.15541799328865,
          41.67364269403762
        ]
      }
    },
    {
      "type": "Feature",
      "properties": {
        "name": "Cloudland Farm Pomfret VT",
        "icon": "utensils",
        "color": "purple",
        "detail": "",
        "website": "https://www.google.com/maps/place/Cloudland+Farm/@43.6903898,-72.5025598,794m/data=!3m2!1e3!4b1!4m6!3m5!1s0x4cb4d270b94f8c9b:0xff1ffee63ee8020f!8m2!3d43.6903898!4d-72.4999849!16s%2Fg%2F1tcyx0fw?entry=ttu&g_ep=EgoyMDI2MDYyMy4wIKXMDSoASAFQAw%3D%3D"
      },
      "geometry": {
        "type": "Point",
        "coordinates": [
          -72.5000358028205,
          43.69058415304851
        ]
      }
    },
    {
      "type": "Feature",
      "properties": {
        "name": "Coast Guard Beach Eastham MA",
        "icon": "waves",
        "color": "purple",
        "detail": "Coast Guard Beach\n\n\ud83d\udccd Eastham MA\n\nNPS-managed beach consistently voted among America's best, with sweeping dune views and strong Atlantic surf.\n\nTips\n- Parking is at the Salt Pond Visitor Center in summer \u2014 shuttle runs to the beach.\n- Strong surf \u2014 excellent for body surfing.",
        "website": ""
      },
      "geometry": {
        "type": "Point",
        "coordinates": [
          -69.9558,
          41.8392
        ]
      }
    },
    {
      "type": "Feature",
      "properties": {
        "name": "Coast Seafood Palm Beach County FL",
        "icon": "sandwich",
        "color": "purple",
        "detail": "Overview\nType: Seafood restaurant\n\nBest known for: Fresh seafood and excellent service\n\nLocation context: South J Street, near local neighborhoods\n\nPrice level: $20\u201360 per person\n\nVisit timing: Not mentioned\n\nTypical Customers\nDemographics: Locals and tourists\n\nGroup types: Couples, families, friends\n\nCommon occasions: Casual dinners, special occasions\n\nVibe & Setting\nAtmosphere: Cozy and intimate\n\nNoise level: Moderate\n\nDecor & setting: Indoor seating with casual decor\n\nService style: Attentive and friendly\n\nRecommended Dishes\nOverall dish consensus\nReviewers frequently praise the fresh seafood dishes, particularly the stone crab claws and shrimp and grits.\n\nHow \u201ctop dishes\u201d are determined\nTop dishes are chosen based on items mentioned in multiple reviews, being frequently ordered or highlighted in descriptions, and receiving positive comments directly associated with the dish.\n\nTop dishes to order\n| Rank | Dish                   | Why it stands out                                      | How often it\u2019s mentioned                     | Ideal for               |\n|------|------------------------|-------------------------------------------------------|---------------------------------------------|-------------------------|\n| 1    | Stone Crab Claws       | Described as fresh and a must-try seafood delight.   | Mentioned in many reviews                  | Sharing at the table    |\n| 2    | Shrimp and Grits      | Known for its comforting and flavorful combination.    | Appears in numerous photos                 | Hearty main             |\n| 3    | Swordfish              | Praised for being expertly cooked and delicious.      | Repeatedly called out as a favorite        | Special occasions        |\n\nGood alternates / backup choices\n- Ah\u00ed Tuna Tostada: Notably fresh and flavorful, good for sharing.\n- Greek Salad: Light and refreshing, ideal as a starter.\n- Caesar Salad with Chicken: A popular choice for those looking for a hearty salad option.\n\nHighlights (non\u2011dish positives from reviews)\nExcellent service: Multiple reviewers compliment the friendly and knowledgeable staff, enhancing the overall dining experience.\n\nCozy atmosphere: The restaurant is described as having a welcoming and laid-back vibe, perfect for relaxing over dinner.\n\nCommon Issues (from reviews)\nNot enough seating: Some customers noted a lack of space, which can lead to long waits during peak hours.\n\nLimited operating hours: Reviews mention that the restaurant is closed on certain days, which may affect planning.\n\nPractical Notes\nReservation / wait: Walk-in friendly; reservations recommended, especially during busy times.\n\nAccessibility: Not mentioned\n\nParking / transit: Street parking is available; check local regulations.\n\nBest use case: Great for casual dinners with friends or family gatherings.",
        "website": "https://www.google.com/maps/place/Coast+Seafood/@26.6154392,-80.0572629,19.52z/data=!4m13!1m5!2m4!1srestaurants!5m1!4e9!6e5!3m6!1s0x88d8d9002418ce15:0x4508d3b2b3bb7386!8m2!3d26.6151384!4d-80.0565203!15sCgtyZXN0YXVyYW50c1oNIgtyZXN0YXVyYW50c5IBEWZhbWlseV9yZXN0YXVyYW50mgFEQ2k5RFFVbFJRVU52WkVOb2RIbGpSamx2VDIxT1VscEhiR3BaVjNReVZXdGpkMVJ1U21GWU1EQjRWak5XY1dJeFJSQULgAQD6AQQIABA9!16s%2Fg%2F11y4h0gmcr?entry=ttu&g_ep=EgoyMDI2MDYxMC4wIKXMDSoASAFQAw%3D%3D"
      },
      "geometry": {
        "type": "Point",
        "coordinates": [
          -80.05644805363374,
          26.61517159812796
        ]
      }
    },
    {
      "type": "Feature",
      "properties": {
        "name": "Coastal Maine Botanical Gardens Boothbay Harbor ME",
        "icon": "leaf",
        "color": "purple",
        "detail": "Coastal Maine Botanical Gardens\n\n\ud83d\udccd 105 Botanical Gardens Drive, Boothbay, ME\n\nOver 300 acres of coastal gardens and natural spaces \u2014 one of the largest botanical gardens in New England, and consistently the top-rated attraction in the Boothbay region. Highlights include the Bibby and Harold Alfond Children's Garden, the Giles Rhododendron and Perennial Garden, a Native Butterfly House, and waterfront trails along the tidal Back River. The grounds also host rotating large-scale art installations, including Thomas Dambo's giant recycled-wood troll sculptures tucked into the woods.\n\nTips\n- Allow at least half a day \u2014 the grounds are genuinely extensive, and it's easy to lose several hours just in the Children's Garden and rhododendron garden alone.\n- Open daily 9am\u20135pm; buy tickets online in advance during peak summer to skip the gate line.\n- Free wheelchairs and $15\u201318 electric scooter rentals are available if walking the full 300 acres isn't realistic \u2014 there's also a 90-minute accessible cart tour led by docents, for up to five people.\n- Bring sunscreen, bug spray, comfortable shoes, and a refillable water bottle \u2014 stations are placed throughout the grounds.\n- No pets allowed (service animals excepted) \u2014 plan around this if traveling with a dog.\n- Combine with lunch at the on-site Kitchen Garden Cafe (see The Cafe) so you don't have to leave and re-enter.",
        "website": ""
      },
      "geometry": {
        "type": "Point",
        "coordinates": [
          -69.6594742,
          43.8720213
        ]
      }
    },
    {
      "type": "Feature",
      "properties": {
        "name": "Cornish-Windsor Covered Bridge Woodstock VT",
        "icon": "scroll",
        "color": "purple",
        "detail": "",
        "website": ""
      },
      "geometry": {
        "type": "Point",
        "coordinates": [
          -72.3846684,
          43.4739838
        ]
      }
    },
    {
      "type": "Feature",
      "properties": {
        "name": "Creek Meeting House Clinton NY",
        "icon": "landmark",
        "color": "purple",
        "detail": "Creek Meeting House\n\n\ud83d\udccd Clinton, NY\n\nIn the late 1700s Quakers settled in the area and began construction of the building now occupied by the Upton Lake Grange. Completed in 1782, the fieldstone Creek Meeting House, home of the Clinton Historical Society, is identified as a Quaker site by separate entrances for women and men and by the adjacent burial ground, one of the oldest in the county.\n\nTips\n- Exhibits; call 845/266-5494 for visitor information.\n- Stop 16 of 26 on the Hyde Park, Clinton & Pleasant Valley Scenic Tour (Tour 3).",
        "website": ""
      },
      "geometry": {
        "type": "Point",
        "coordinates": [
          -73.76194389132237,
          41.83172072837697
        ]
      }
    },
    {
      "type": "Feature",
      "properties": {
        "name": "Crockett Cove Woods Preserve Deer Isle ME",
        "icon": "footprints",
        "color": "purple",
        "detail": "Crockett Cove Woods Preserve\n\n\ud83d\udccd Deer Isle ME\n\n98-acre Nature Conservancy preserve of fog-shrouded coastal spruce forest with quiet walking trails.\n\nTips\n- Easy, quiet trail \u2014 good for a peaceful midday break.\n- Free to visit.",
        "website": ""
      },
      "geometry": {
        "type": "Point",
        "coordinates": [
          -68.6753,
          44.1297
        ]
      }
    },
    {
      "type": "Feature",
      "properties": {
        "name": "Crum Elbow Meeting House Hyde Park NY",
        "icon": "landmark",
        "color": "purple",
        "detail": "Crum Elbow Meeting House\n\n\ud83d\udccd Crum Elbow Rd, Hyde Park, NY 12538\n\nA simple, 2-story white frame structure with separate doors for the sexes, dating back to the late 1700s when Friends settled the eastern hills of Hyde Park, then part of Clinton. A narrow porch with milled supports was added mid-19th century. The burial ground contains many early stones.\n\nTips\n- Stop 22 of 26 on the Hyde Park, Clinton & Pleasant Valley Scenic Tour (Tour 3).",
        "website": ""
      },
      "geometry": {
        "type": "Point",
        "coordinates": [
          -73.8889601,
          41.7863004
        ]
      }
    },
    {
      "type": "Feature",
      "properties": {
        "name": "Dahlia's at The Asticou Hotel Northeast Harbor ME",
        "icon": "sandwich",
        "color": "purple",
        "detail": "Dahlia's is a restaurant located at the Asticou Hotel, known for its excellent food and well-trained staff. It attracts a diverse clientele, including travelers and locals, and is popular for various occasions such as family gatherings and casual dining. The overall vibe is upscale yet casual, making it suitable for both quiet meals and lively gatherings. Customers consistently praise the great menu, exceptional service, and the quality of the food, while there are no significant complaints mentioned in recent reviews.",
        "website": "https://www.google.com/maps/place/Dahlia's+at+The+Asticou+Hotel/@44.295516,-68.3002085,3142m/data=!3m1!1e3!4m6!3m5!1s0x4caebd4594324085:0x8566f5c13edbca3c!8m2!3d44.3035123!4d-68.281956!16s%2Fg%2F11zcgvjn_l?entry=ttu&g_ep=EgoyMDI2MDYxMC4wIKXMDSoASAFQAw%3D%3D"
      },
      "geometry": {
        "type": "Point",
        "coordinates": [
          -68.28185970243827,
          44.30405135704498
        ]
      }
    },
    {
      "type": "Feature",
      "properties": {
        "name": "Deer Mountain Campground Pittsburg NH",
        "icon": "hotel",
        "color": "purple",
        "detail": "Deer Mountain Campground\n\n\ud83d\udccd Pittsburg, NH\n\nA campground near First Connecticut Lake, in the far north of Pittsburg close to the Quebec border.\n\nTips\n- Very far north \u2014 good base for fishing the Connecticut Lakes chain or exploring the border area.",
        "website": "https://www.google.com/maps/search/?api=1&query=45.1912%2C%20-71.1920"
      },
      "geometry": {
        "type": "Point",
        "coordinates": [
          -71.192,
          45.1912
        ]
      }
    },
    {
      "type": "Feature",
      "properties": {
        "name": "Delectables By Danette",
        "icon": "utensils",
        "color": "purple",
        "detail": "",
        "website": "https://www.google.com/maps/place/Delectables+By+Danette/@44.0523908,-71.1286389,593m/data=!3m1!1e3!4m14!1m7!3m6!1s0x4cb3a0bf793f9bfb:0x6c5284ed20196b08!2sVia+Roma+Pizza+%26+Mediterranean!8m2!3d44.0363957!4d-71.1223054!16s%2Fg%2F11r9lxtgw!3m5!1s0x4cb3a0e3272705b1:0xac31b2cbada05ca6!8m2!3d44.0533711!4d-71.125332!16s%2Fg%2F11cnbmd0g8?entry=ttu&g_ep=EgoyMDI2MDcxMi4wIKXMDSoASAFQAw%3D%3D"
      },
      "geometry": {
        "type": "Point",
        "coordinates": [
          -71.12530415240954,
          44.053528848272116
        ]
      }
    },
    {
      "type": "Feature",
      "properties": {
        "name": "Devils Slide Stark NH",
        "icon": "mountain",
        "color": "purple",
        "detail": "Devil's Slide\n\n\ud83d\udccd Northside Road, Stark, NH\n\nA 750-foot dark granite cliff that forms an imposing backdrop for the tiny village of Stark, best known from the classic photo pairing it with the Stark Covered Bridge in the foreground. From Route 110 in the village center, cross the covered bridge and turn onto Northside Road for the trailhead. A moderate 1.6-mile out-and-back (620 ft gain) climbs via a switchback along a ledge band, through a break in the rock, and around to a perch directly above the cliffs \u2014 a bird's-eye view over the village, bridge, and the lazy Upper Ammonoosuc River below.\n\nTips\n- Combine with the Stark Covered Bridge itself, right at the trailhead.\n- Short but genuinely steep in the middle section \u2014 sturdy shoes recommended.",
        "website": "https://www.google.com/maps/search/?api=1&query=44.6053%2C%20-71.4147"
      },
      "geometry": {
        "type": "Point",
        "coordinates": [
          -71.4147,
          44.6053
        ]
      }
    },
    {
      "type": "Feature",
      "properties": {
        "name": "Diana's Baths Bartlett NH",
        "icon": "shopping-bag",
        "color": "purple",
        "detail": "Diana's Baths\n\n\ud83d\udccd Bartlett NH\n\nEasy 1.2-mile family-friendly hike to a series of cascading granite pools and small waterfalls in White Mountain National Forest.\n\nTips\n- Easy, family-friendly \u2014 good for kids.\n- Can be combined with the Echo Lake/Cathedral Ledge loop for a longer hike.",
        "website": ""
      },
      "geometry": {
        "type": "Point",
        "coordinates": [
          -71.1764,
          44.0989
        ]
      }
    },
    {
      "type": "Feature",
      "properties": {
        "name": "Diana's Kitchen & Bar Chatham MA",
        "icon": "sandwich",
        "color": "purple",
        "detail": "Overview\nType: Restaurant\n\nBest known for: Excellent food and service, cozy atmosphere.\n\nLocation context: Main St, Chatham\n\nPrice level: $10\u201330\n\nVisit timing: Popular for lunch and dinner.\n\nTypical Customers\nDemographics: Locals and visitors, mostly casual diners.\n\nGroup types: Couples, families, friends, larger groups.\n\nCommon occasions: Casual dinner, quick bite, special occasions.\n\nVibe & Setting\nAtmosphere: Cozy and friendly, casual dining environment.\n\nNoise level: Moderate.\n\nDecor & setting: Indoor seating; casual ambiance.\n\nService style: Attentive and friendly.\n\nRecommended Dishes\nOverall dish consensus\nReviewers highly recommend the half roasted chicken and the arugula and sweet potato salad for their incredible flavors and quality. The Braised Pork Roast is also praised for being excellent. \n\nHow \u201ctop dishes\u201d are determined\nTop dishes are chosen based on mentions from the Google Maps page and user reviews, focusing on popular items highlighted often with strong praise and those featured prominently in the photos.\n\n| Rank | Dish                         | Why it stands out                                | How often it\u2019s mentioned               | Ideal for                    |\n|------|------------------------------|--------------------------------------------------|--------------------------------------|------------------------------|\n| 1    | Half Roasted Chicken         | Incredible flavor and perfectly cooked.         | Mentioned in multiple reviews.      | Hearty main                  |\n| 2    | Arugula and Sweet Potato Salad | Surprising and delightful; highly praised.       | Repeatedly called out as a favorite.| Lighter option               |\n| 3    | Braised Pork Roast           | Amazing dish with a great flavor profile.       | Mentioned positively in reviews.    | Hearty main                  |\n\nGood alternates / backup choices\n- Hash: Fantastic and worth ordering extra sides.\n- Crab Chowder: Perfectly seasoned and delicious.\n\nHighlights (non\u2011dish positives from reviews)\nService quality: Staff are friendly and professional, contributing to a comfortable dining experience.\n\nAtmosphere: Cozy and inviting, enhancing the overall dining experience.\n\nCommon Issues (from reviews)\nNot mentioned.\n\nPractical Notes\nReservation / wait: Walk-in friendly; no long waits reported.\n\nAccessibility: Not mentioned.\n\nParking / transit: Street parking available; transit notes not mentioned.\n\nBest use case: Best for casual dinners and quick bites.",
        "website": "https://www.google.com/maps/place/Diana's+Kitchen+%26+Bar/@41.674299,-69.9654547,3217m/data=!3m1!1e3!4m13!1m5!2m4!1sRestaurants!5m1!4e9!6e5!3m6!1s0x89fb15b56d573311:0x782ebf0d96b39467!8m2!3d41.6824044!4d-69.9610282!15sCgtSZXN0YXVyYW50c1oNIgtyZXN0YXVyYW50c5IBCnJlc3RhdXJhbnSaAURDaTlEUVVsUlFVTnZaRU5vZEhsalJqbHZUMnh3TVU1R1JsVlZSR1JwVFRKS2FGUkhNV2hXUlVZd1kwWk9UbFpIWXhBQuABAPoBBAgAEEw!16s%2Fg%2F11ypkqk5rt?entry=ttu&g_ep=EgoyMDI2MDYxMC4wIKXMDSoASAFQAw%3D%3D"
      },
      "geometry": {
        "type": "Point",
        "coordinates": [
          -69.96094316720006,
          41.683174632378396
        ]
      }
    },
    {
      "type": "Feature",
      "properties": {
        "name": "Dixville Notch State Park Colebrook NH",
        "icon": "mountain",
        "color": "purple",
        "detail": "Dixville Notch State Park\n\n\ud83d\udccd Route 26, Dixville, NH (12 miles east of Route 3)\n\nHome to Table Rock, a steep but short climb (sources vary: 1.5 miles/700 ft gain to 3 miles/1,100 ft gain) to one of the most striking \u2014 and unnerving \u2014 overlooks in New Hampshire. The summit is a narrow ledge full of crevices never more than six feet wide, with a sheer 700-foot drop on every side, looking straight down at the former Balsams Resort and Lake Gloriette, plus Mt. Gloriette and the abandoned Balsams Wilderness Ski Area beyond.\n\nTips\n- Trailhead and parking are on Route 26, marked by a Dixville Notch Wayside sign, 12 miles east of Route 3.\n- Not for those with a fear of heights or exposed drops \u2014 Table Rock's perch is genuinely unnerving even for confident hikers.\n- Roughly 45 minutes to an hour round trip at a steady pace.",
        "website": "https://www.google.com/maps/search/?api=1&query=44.8625%2C%20-71.2917"
      },
      "geometry": {
        "type": "Point",
        "coordinates": [
          -71.2917,
          44.8625
        ]
      }
    },
    {
      "type": "Feature",
      "properties": {
        "name": "Dog Mountain Saint Johnsbury VT",
        "icon": "footprints",
        "color": "purple",
        "detail": "Dog Mountain\n\n\ud83d\udccd Saint Johnsbury VT\n\n150-acre nonprofit dog park with hiking trails, ponds, and the famous folk-art Dog Chapel built by Stephen Huneck.\n\nTips\n- Free to visit \u2014 bring the dog and let them roam off-leash.\n- The Dog Chapel is covered wall-to-wall in visitor notes and photos of pets \u2014 worth a slow walk through.",
        "website": ""
      },
      "geometry": {
        "type": "Point",
        "coordinates": [
          -72.001,
          44.435
        ]
      }
    },
    {
      "type": "Feature",
      "properties": {
        "name": "Dos Gatos Gastropub",
        "icon": "wine",
        "color": "purple",
        "detail": "",
        "website": "https://www.google.com/maps/place/Dos+Gatos+Gastropub/@44.4221712,-69.0166066,2023m/data=!3m1!1e3!4m13!1m5!2m4!1sRestaurants!5m1!4e9!6e5!3m6!1s0x4cae6fb5d213bc45:0xb879e6321de9b350!8m2!3d44.4263135!4d-69.0065053!15sCgtSZXN0YXVyYW50c1oNIgtyZXN0YXVyYW50c5IBCnJlc3RhdXJhbnSaAURDaTlEUVVsUlFVTnZaRU5vZEhsalJqbHZUMnMxYmsxRVRuUmlWbXd5VFZaT2RWb3djRWxVUmtwbVRucEplRlZHUlJBQuABAPoBBAgXEEo!16s%2Fg%2F11vlmrz4q9?entry=ttu&g_ep=EgoyMDI2MDcxMy4wIKXMDSoASAFQAw%3D%3D"
      },
      "geometry": {
        "type": "Point",
        "coordinates": [
          -69.00655070222243,
          44.42676323035811
        ]
      }
    },
    {
      "type": "Feature",
      "properties": {
        "name": "Dreamscape Coffee Woodstock VT",
        "icon": "star",
        "color": "purple",
        "detail": "",
        "website": ""
      },
      "geometry": {
        "type": "Point",
        "coordinates": [
          -72.5157979,
          43.6260044
        ]
      }
    },
    {
      "type": "Feature",
      "properties": {
        "name": "Drifters Chatham MA",
        "icon": "sandwich",
        "color": "purple",
        "detail": "Overview  \nType: Restaurant  \n  \nBest known for: Fresh oysters and delicious pasta dishes.  \n  \nLocation context: 2642 Main St  \n  \nPrice level: $30\u201350 per person  \n  \nVisit timing: Opens at 5 PM daily  \n  \nTypical Customers  \nDemographics: Locals and tourists  \n  \nGroup types: Couples, friends, families  \n  \nCommon occasions: Casual dinner, date night  \n  \nVibe & Setting  \nAtmosphere: Casual, cozy with a pub vibe  \n  \nNoise level: Moderate  \n  \nDecor & setting: Indoor seating, warm ambiance  \n  \nService style: Attentive and friendly  \n  \nRecommended Dishes  \nOverall dish consensus  \nReviewers consistently praise the moules frites, wings, and pasta dishes like the short rib pasta.  \n  \nHow \u201ctop dishes\u201d are determined  \nTop dishes are identified based on items frequently mentioned in reviews, noted as popular, or highlighted in photos.  \n  \n| Rank | Dish                | Why it stands out                                     | How often it\u2019s mentioned         | Ideal for                  |\n|------|--------------------|------------------------------------------------------|----------------------------------|-----------------------------|\n| 1    | Moules Frites      | Praised for fresh flavor and perfect preparation.    | Mentioned in many reviews        | Sharing at the table       |\n| 2    | Short Rib Pasta    | Celebrated for rich taste and hearty portion size.   | Repeatedly called out as a favorite| Hearty main               |\n| 3    | Buffalo Wings      | Known for excellent flavor and crispy texture.       | Appears in numerous reviews      | Casual snacks              |\n  \nGood alternates / backup choices  \n- Jayne Burger: Noted for its satisfying flavor, ideal for burger enthusiasts.  \n- Chicken Wings: Consistently good for sharing or as snacks.  \n- Espresso Martini: Complimented for a strong, delightful flavor.  \n  \nHighlights (non\u2011dish positives from reviews)  \nService quality: Staff is described as personable and knowledgeable, enhancing the dining experience.  \n  \nAtmosphere: The cozy pub-like environment contributes to a laid-back dining vibe, making it inviting.  \n  \nCommon Issues (from reviews)  \nTiming of service: Some reviews mention occasional slower service, but it's not considered a significant issue.  \n  \nPractical Notes  \nReservation / wait: Walk-in friendly, but reservations are advisable during peak times.  \n  \nAccessibility: Not mentioned  \n  \nParking / transit: Street parking available; not mentioned if there's valet.  \n  \nBest use case: Great for casual dinner dates or meals with friends.",
        "website": "https://www.google.com/maps/place/Drifters/@41.6784654,-70.0288148,351m/data=!3m1!1e3!4m11!1m3!2m2!1sfresh+oysters!6e5!3m6!1s0x89fb154b06b94e55:0x5c6ec2bf8e3b840b!8m2!3d41.6789929!4d-70.0268719!15sCg1mcmVzaCBveXN0ZXJzWg8iDWZyZXNoIG95c3RlcnOSAQpyZXN0YXVyYW50mgFEQ2k5RFFVbFJRVU52WkVOb2RIbGpSamx2VDJwa05sVlVVbFJqVkZKdlRtMDRkRmt5YkhCT1ZHUjZZbFJzWmxZeFJSQULgAQD6AQUIugEQNA!16s%2Fg%2F11s2l4371s?entry=ttu&g_ep=EgoyMDI2MDYxMC4wIKXMDSoASAFQAw%3D%3D"
      },
      "geometry": {
        "type": "Point",
        "coordinates": [
          -70.02687267112421,
          41.67909806646334
        ]
      }
    },
    {
      "type": "Feature",
      "properties": {
        "name": "Dutchess County Fairgrounds Rhinebeck NY",
        "icon": "landmark",
        "color": "purple",
        "detail": "Dutchess County Fairgrounds\n\n\ud83d\udccd Spring Brook Ave, Rhinebeck, NY 12572\n\nFairs have been held at this site since the mid-1840s. Since 1919 the Dutchess County Fair has been held here annually the third week of August, attracting thousands of visitors from all over the Northeast.\n\nTips\n- Stop 32 of 33 on the Rhinebeck, Red Hook & Milan Scenic Tour (Tour 1).",
        "website": ""
      },
      "geometry": {
        "type": "Point",
        "coordinates": [
          -73.9091277,
          41.9374935
        ]
      }
    },
    {
      "type": "Feature",
      "properties": {
        "name": "Eastern Promenade Portland ME",
        "icon": "scroll",
        "color": "purple",
        "detail": "Eastern Promenade\n\n\ud83d\udccd Eastern Promenade, Portland, ME\n\nThe Eastern Promenade is a 68-acre hilltop park running along Portland's eastern bluff above Casco Bay. It offers some of the best views in the city \u2014 on clear days you can see the Casco Bay islands, the open Atlantic, and the White Mountains of New Hampshire.\n\nThe park includes a paved multi-use trail (the East End Beach trail connects down to the water), a small sandy beach at the bottom, the site of Fort Allen, picnic areas, and a bandstand. It's a beloved local spot and one of Portland's great free pleasures.\n\nTips\n- Sunrise from the Promenade is exceptional \u2014 the east-facing bluff catches the first light over the bay\n- The paved trail is great for a morning walk or run with uninterrupted water views\n- East End Beach at the base is small but swimmable in summer\n- Connects to the Back Cove Trail Portland MEfor a longer loop around the peninsula",
        "website": "https://www.google.com/maps/place/Eastern+Promenade/@43.6647,-70.2382,17z"
      },
      "geometry": {
        "type": "Point",
        "coordinates": [
          -70.2382,
          43.6647
        ]
      }
    },
    {
      "type": "Feature",
      "properties": {
        "name": "Eastside Bevs & Bites Stowe VT",
        "icon": "sandwich",
        "color": "purple",
        "detail": "The place is a casual restaurant and bar known for its lively atmosphere, great food, and delicious drinks. It typically attracts families, couples, and groups of friends, often looking for a fun dining experience or entertainment during their visit, such as live music events.\n\nThe overall vibe is casual and welcoming, making it an ideal spot for relaxation and enjoyment. Patrons appreciate the fun decor and the vibrant ambiance, with a focus on social interaction. \n\nThe strongest positives highlighted in reviews include: 1) Delicious food and drinks, 2) Great service, often mentioned by staff members who engage positively with guests, 3) A lively atmosphere with enjoyable live music events.  \n\nCommon downsides noted by some reviewers include: 1) High prices for the quality of food, perceived as expensive, 2) Some descriptions of the food as basic compared to expectations, 3) Occasional issues with wait times during peak periods.",
        "website": "https://www.google.com/maps/place/Eastside+Bevs+%26+Bites/@44.4731829,-72.6972324,777m/data=!3m1!1e3!4m11!3m10!1s0x4cb5974fc026fab3:0x9be51aac17aa6434!5m4!1s2026-09-21!2i4!4m1!1i2!8m2!3d44.4740796!4d-72.6961106!16s%2Fg%2F11w82475p2?entry=ttu&g_ep=EgoyMDI2MDYxMC4wIKXMDSoASAFQAw%3D%3D"
      },
      "geometry": {
        "type": "Point",
        "coordinates": [
          -72.69606398191429,
          44.47404319014894
        ]
      }
    },
    {
      "type": "Feature",
      "properties": {
        "name": "Echo Lake, Cathedral Ledge & Whitehorse Ledge Loop North Conway NH",
        "icon": "mountain",
        "color": "purple",
        "detail": "Echo Lake, Cathedral Ledge & Whitehorse Ledge Loop\n\n\ud83d\udccd North Conway NH\n\nChallenging 4.9-mile loop connecting Echo Lake, two dramatic cliff-top ledges, and Diana's Baths \u2014 outstanding panoramic Mount Washington Valley views.\n\nTips\n- Plan for several hours \u2014 it's a full hike, not a quick stop.\n- Best views are from the ledges; bring water and good shoes.",
        "website": ""
      },
      "geometry": {
        "type": "Point",
        "coordinates": [
          -71.15,
          44.0833
        ]
      }
    },
    {
      "type": "Feature",
      "properties": {
        "name": "El Mirador Restaurante 1 Bethlehem NH",
        "icon": "sandwich",
        "color": "purple",
        "detail": "",
        "website": "https://www.google.com/maps/place/El+Mirador+Restaurante/@44.2777169,-71.7146162,14.61z/data=!4m15!1m8!3m7!1s0x4cb47756dc289165:0x63bc3e728494e263!2sBethlehem,+NH!3b1!8m2!3d44.2803843!4d-71.6875364!16zL20vMHhnNmY!3m5!1s0x4cb46f0325a70d8b:0x7106e795d7efcb7!8m2!3d44.2799545!4d-71.695505!16s%2Fg%2F11t1pkblkx?entry=ttu&g_ep=EgoyMDI2MDYyMy4wIKXMDSoASAFQAw%3D%3D"
      },
      "geometry": {
        "type": "Point",
        "coordinates": [
          -71.69545796017952,
          44.28080137269408
        ]
      }
    },
    {
      "type": "Feature",
      "properties": {
        "name": "El Mirador Restaurante Bethlehem NH",
        "icon": "sandwich",
        "color": "purple",
        "detail": "",
        "website": "https://www.google.com/maps/place/El+Mirador+Restaurante/@44.2799545,-71.6980799,782m/data=!3m2!1e3!4b1!4m6!3m5!1s0x4cb46f0325a70d8b:0x7106e795d7efcb7!8m2!3d44.2799545!4d-71.695505!16s%2Fg%2F11t1pkblkx?entry=ttu&g_ep=EgoyMDI2MDYxNi4wIKXMDSoASAFQAw%3D%3D"
      },
      "geometry": {
        "type": "Point",
        "coordinates": [
          -71.69553881112974,
          44.279908578769586
        ]
      }
    },
    {
      "type": "Feature",
      "properties": {
        "name": "Empire Chinese Kitchen Portland ME",
        "icon": "utensils",
        "color": "purple",
        "detail": "Empire Chinese Kitchen\n\n\ud83d\udccd 575 Congress St, Portland, ME\n\nMaine's first dedicated dim sum restaurant, established 2013. Reviewers consistently compare the Shanghai soup dumplings favorably to real Chinatown spots \u2014 a legitimate dim sum destination, not just a general Chinese restaurant with a few token items. Tripadvisor 4.5\u2605 (466 reviews, #6 of 511 Portland restaurants); Yelp 735 reviews; Restaurant Guru 4.8\u2605.\n\nMust Order\n- Shanghai soup dumplings \u2014 the standout, repeatedly singled out\n- Kung Pao chicken\n- Bacon fried rice\n- Garlic green beans\n- Gluten-free dumplings available\n\nTips\n- Specializes in dim sum, Cantonese stir-fry, and gluten-free options\n- Right on Congress St in the Arts District \u2014 easy to combine with other downtown Portland stops",
        "website": "https://www.google.com/maps/place/Empire+Chinese+Kitchen/@43.6558,-70.2611,17z"
      },
      "geometry": {
        "type": "Point",
        "coordinates": [
          -70.2611,
          43.6558
        ]
      }
    },
    {
      "type": "Feature",
      "properties": {
        "name": "F. H. Gillingham & Sons Woodstock VT",
        "icon": "shopping-bag",
        "color": "purple",
        "detail": "",
        "website": ""
      },
      "geometry": {
        "type": "Point",
        "coordinates": [
          -72.5187746,
          43.6255361
        ]
      }
    },
    {
      "type": "Feature",
      "properties": {
        "name": "FH Gillingham Woodstock VT",
        "icon": "shopping-bag",
        "color": "purple",
        "detail": "",
        "website": ""
      },
      "geometry": {
        "type": "Point",
        "coordinates": [
          -72.5187746,
          43.6255361
        ]
      }
    },
    {
      "type": "Feature",
      "properties": {
        "name": "Farmer and the Bell Woodstock VT",
        "icon": "leaf",
        "color": "purple",
        "detail": "",
        "website": ""
      },
      "geometry": {
        "type": "Point",
        "coordinates": [
          -72.5071027,
          43.6263445
        ]
      }
    },
    {
      "type": "Feature",
      "properties": {
        "name": "Farnsworth Art Museum Rockland ME",
        "icon": "landmark",
        "color": "purple",
        "detail": "Farnsworth Art Museum\n\n\ud83d\udccd Rockland ME\n\nPremier collection of American art with deep Maine/Wyeth family connections, spread across six floors in two buildings.\n\nTips\n- Allow at least 2 hours; the Wyeth Center alone is worth a dedicated visit.\n- Combine with CMCA a few blocks away.",
        "website": ""
      },
      "geometry": {
        "type": "Point",
        "coordinates": [
          -69.1086,
          44.1037
        ]
      }
    },
    {
      "type": "Feature",
      "properties": {
        "name": "Fat Puppy Fusion Brunswick ME",
        "icon": "utensils",
        "color": "purple",
        "detail": "Fat Puppy Fusion\n\n\ud83d\udccd 86 Union St, Brunswick, ME (at Brooks Feed & Farm)\n\nA gourmet hot dog truck doing genuinely inventive global riffs \u2014 house-made flatbread and toppings pulling from Persian, Welsh, Turkish, and Israeli traditions. The Portland Press Herald called it \"a rock concert of flavor.\" Strong vegetarian options too, unusual for a hot dog stand.\n\nMust Order\n- Chili Bandito \u2014 quarter-pound all-beef dog, house chili, cheddar, pickled jalape\u00f1os, chili-cheese Fritos, sour cream, on house flatbread\n- Persian Greyhound \u2014 their signature global-fusion dog\n\nTips\n- Seasonal \u2014 confirm it's currently open before planning around it (typically Tue-Fri, 11am-2:30pm in season)\n- Curbside/takeout only, no indoor seating\n- Call (207) 228-4208 for current hours/status",
        "website": "https://www.fatpuppyfusion.com/"
      },
      "geometry": {
        "type": "Point",
        "coordinates": [
          -69.9682565,
          43.9110048
        ]
      }
    },
    {
      "type": "Feature",
      "properties": {
        "name": "Feast & Floret Hudson, NY",
        "icon": "sandwich",
        "color": "purple",
        "detail": "Feast & Floret\n\n\ud83d\udccd Hudson, NY\n\nCurrently Hudson's most buzzed-about restaurant, serving inventive seasonal plates driven entirely by Hudson Valley farms.\n\nMust Order\n- Seasonal tasting plates \u2014 change with what arrived from farms\n- Vegetable-forward dishes \u2014 among the most creative in the valley\n\nTips\n- Reserve well in advance \u2014 tiny room, very high demand\n- Follow their Instagram for current menus",
        "website": "https://www.google.com/maps/search/Feast+&+Floret+Hudson,+NY"
      },
      "geometry": {
        "type": "Point",
        "coordinates": [
          -73.7879,
          42.2528
        ]
      }
    },
    {
      "type": "Feature",
      "properties": {
        "name": "First Parish Church Congress St Portland ME",
        "icon": "scroll",
        "color": "purple",
        "detail": "First Parish Church (Congress St)\n\n\ud83d\udccd 425 Congress Street, Portland, ME\n\nFirst Parish Church at 425 Congress Street is considered one of Portland's finest examples of Federal Period architecture. Commissioned in 1824 to replace a wooden meeting house called Old Jerusalem, its granite structure allowed it to survive the Great Fire of 1866.\n\nOne of the building's most notable features is the Simon Willard clock tower \u2014 the last remaining functioning clock tower of its kind.\n\nFun fact: First Parish Church is the oldest place of worship in the city of Portland.\n\nNote: Also featured on the Hidden Public Spaces walking tour \u2014 see First Parish Church Portland ME for garden and tour details.",
        "website": "https://www.google.com/maps/place/First+Parish+Church/@43.6586,-70.2582,17z"
      },
      "geometry": {
        "type": "Point",
        "coordinates": [
          -70.2582109,
          43.6586135
        ]
      }
    },
    {
      "type": "Feature",
      "properties": {
        "name": "First Parish Church Portland ME",
        "icon": "scroll",
        "color": "purple",
        "detail": "First Parish Church\n\nFirst Parish Church at 425 Congress Street was built in 1825 to replace Old Jerusalem, the wooden predecessor on the same site. Inside this stunning granite building hangs a 600-pound cut-glass chandelier with a cannonball fused in the chain.\n\nThe church has partnered with Portland By The Foot to provide guided tours to the public. Even without a tour, the public is always welcome to enjoy the lovely gardens surrounding the church \u2014 a wonderful spot to pause and meditate.\n\nFun fact: The Maine Constitution was drafted in the original wooden church (Old Jerusalem) in 1820.\n\nHighlights\n- 600-pound cut-glass chandelier with embedded cannonball\n- Peaceful surrounding gardens (always accessible)\n- Guided tours available via Portland By The Foot\n- Historic connection to the drafting of the Maine Constitution (1820)",
        "website": "https://www.google.com/maps/place/First+Parish+Church/@43.6586,\u221270.2582,17z"
      },
      "geometry": {
        "type": "Point",
        "coordinates": [
          -70.2582109,
          43.6586135
        ]
      }
    },
    {
      "type": "Feature",
      "properties": {
        "name": "Five Islands Lobster Co Georgetown ME",
        "icon": "sandwich",
        "color": "purple",
        "detail": "Five Islands Lobster Co.\n\n\ud83d\udccd Georgetown, ME\n\nIsland-studded harbor views with 4.82-rated casual lobster dining. One of the highest-rated lobster pounds on the Maine coast with consistent top reviews across platforms (2,368+ reviews).\n\nTips\n- Island-studded harbor setting\n- Consistently high ratings (4.82 across sources)\n- Casual waterfront dining\n- Popular and worth the visit",
        "website": ""
      },
      "geometry": {
        "type": "Point",
        "coordinates": [
          -69.55,
          43.9667
        ]
      }
    },
    {
      "type": "Feature",
      "properties": {
        "name": "Five Main on the River North Woodstock NH",
        "icon": "sandwich",
        "color": "purple",
        "detail": "Five Main on the River\n\n\ud83d\udccd North Woodstock NH\n\nRelaxed riverside restaurant and bar near Loon Mountain, known for burgers, ribs, river views, and live music.\n\nMust Order\n- Burgers\n- Ribs\n\nTips\n- Sit on the riverside deck if available.\n- Near Loon Mountain \u2014 good post-hike dinner.",
        "website": ""
      },
      "geometry": {
        "type": "Point",
        "coordinates": [
          -71.6868,
          44.0457
        ]
      }
    },
    {
      "type": "Feature",
      "properties": {
        "name": "Flume Gorge Visitor Center Franconia NH",
        "icon": "footprints",
        "color": "purple",
        "detail": "It\u2019s really hard to narrow down the absolute best thing to do in Franconia Notch State Park, but if hard-pressed, I\u2019d say that Flume Gorge is probably it. Not only is it great for everyone of all ages and abilities, it really lives up to the hype it receives online. This is such a fun 2-mile walk with not only the actual gorge to experience, but also covered bridges and overlooks with amazing mountain views.\n\nTip 1: Flume Gorge accepts reservations online that provide you with a 1-hour time slot window on the day you choose. Online tickets are discounted by $3 per person. Walk-in tickets are available at the ticket window, but since they only allow a certain number of people in at each time slot, there is a possibility you will have to wait, or come back another day. This generally only happens during peak season (fall) and on weekends. Click here to make your reservation online.\n\nIt\u2019s really hard to narrow down the absolute best thing to do in Franconia Notch State Park, but if hard-pressed, I\u2019d say that Flume Gorge is probably it. Not only is it great for everyone of all ages and abilities, it really lives up to the hype it receives online. This is such a fun 2-mile walk with not only the actual gorge to experience, but also covered bridges and overlooks with amazing mountain views.\n\nFlume Covered Bridge\n\nThe next two things on this list are sites within Flume Gorge, but they definitely deserve their own mentions! The first is Flume Covered Bridge, and this is the iconic red covered bridge that most people post about when talking about Flume Gorge. It\u2019s also the first site you\u2019ll see during your walk through the trail.\n\nIt\u2019s really hard to narrow down the absolute best thing to do in Franconia Notch State Park, but if hard-pressed, I\u2019d say that Flume Gorge is probably it. Not only is it great for everyone of all ages and abilities, it really lives up to the hype it receives online. This is such a fun 2-mile walk with not only the actual gorge to experience, but also covered bridges and overlooks with amazing mountain views.\n\nTip 1: Flume Gorge accepts reservations online that provide you with a 1-hour time slot window on the day you choose. Online tickets are discounted by $3 per person. Walk-in tickets are available at the ticket window, but since they only allow a certain number of people in at each time slot, there is a possibility you will have to wait, or come back another day. This generally only happens during peak season (fall) and on weekends. Click here to make your reservation online.\n\nSo I would like to set up a system whereby you ingest all of this data, create all of these places, populate the front matter of each. with critical information like the project, the base camp, the type of page that you're looking at. I mean, is it a destination?\n\nIs it a day camp? Is it a point of interest? Is it a daily agenda? Most pages will need coordinates, so I'll need for you to retrieve the coordinates.\n\nTip 1: Flume Gorge accepts reservations online that provide you with a 1-hour time slot window on the day you choose. Online tickets are discounted by $3 per person. Walk-in tickets are available at the ticket window, but since they only allow a certain number of people in at each time slot, there is a possibility you will have to wait, or come back another day. This generally only happens during peak season (fall) and on weekends. Click here to make your reservation online.",
        "website": ""
      },
      "geometry": {
        "type": "Point",
        "coordinates": [
          -71.6799271,
          44.097085
        ]
      }
    },
    {
      "type": "Feature",
      "properties": {
        "name": "Fon's Kitchen",
        "icon": "wine",
        "color": "purple",
        "detail": "",
        "website": "https://www.google.com/maps/place/Fon's+Kitchen/@44.4221712,-69.0166066,2023m/data=!3m1!1e3!4m13!1m5!2m4!1sRestaurants!5m1!4e9!6e5!3m6!1s0x4cae6fb09fb27a6d:0x35aadff6fb8fef2a!8m2!3d44.425928!4d-69.0064951!15sCgtSZXN0YXVyYW50c1oNIgtyZXN0YXVyYW50c5IBD3RoYWlfcmVzdGF1cmFudJoBI0NoWkRTVWhOTUc5blMwVkpRMEZuU1VONE4yVnRSbGhSRUFF4AEA-gEECBgQPg!16s%2Fg%2F11swtvm128?entry=ttu&g_ep=EgoyMDI2MDcxMy4wIKXMDSoASAFQAw%3D%3D"
      },
      "geometry": {
        "type": "Point",
        "coordinates": [
          -69.00642422598621,
          44.426242499262976
        ]
      }
    },
    {
      "type": "Feature",
      "properties": {
        "name": "Fore River Sanctuary Portland ME",
        "icon": "footprints",
        "color": "purple",
        "detail": "Fore River Sanctuary\n\n\ud83d\udccd Rowe Avenue trailhead, Portland, ME\n\nThe Fore River Sanctuary is an 85-acre nature preserve managed by Portland Trails, just a few miles west of downtown. Its network of easy wooded paths winds through mature forest along the Fore River estuary \u2014 and at the heart of it sits Jewell Falls, Maine's only urban waterfall.\n\nThe falls are modest but genuinely lovely: a 26-foot cascade tucked into a shaded ravine, with a small footbridge and benches. The hike to the falls from the Rowe Avenue trailhead is under a mile each way and suitable for any fitness level.\n\nTips\n- The full trail network is about 3 miles; the out-and-back to Jewell Falls is ~1.5 miles and takes 30\u201340 minutes\n- Trailhead parking is on Rowe Avenue off Brighton Avenue \u2014 small lot, arrive early on weekends\n- Bring bug spray in summer \u2014 the wetland sections can be buggy\n- Dogs welcome on leash",
        "website": "https://www.google.com/maps/place/Fore+River+Sanctuary/@43.6487,-70.3156,15z"
      },
      "geometry": {
        "type": "Point",
        "coordinates": [
          -70.3156,
          43.6487
        ]
      }
    },
    {
      "type": "Feature",
      "properties": {
        "name": "Fort Williams Park Cape Elizabeth ME",
        "icon": "landmark",
        "color": "purple",
        "detail": "Fort Williams Park\n\n\ud83d\udccd 1000 Shore Rd, Cape Elizabeth, ME\n\nA sprawling oceanfront park built on the grounds of a decommissioned Army post active through both World Wars \u2014 walkable concrete bunkers and gun emplacements sit alongside dramatic cliffs, open lawns, and Maine's most photographed lighthouse, Portland Head Light. Free to enter (parking fee applies), open sunrise to sunset.\n\nWhy go: Portland's most-photographed lighthouse plus walkable fort ruins on dramatic ocean cliffs \u2014 history and scenery in one stop.\n\nWho it's for: Everyone \u2014 families, dog owners, photographers, history buffs. Genuinely broad appeal.\n\nLikes: The lighthouse-and-cliffs view, ruins/bunkers kids can climb around, food trucks on-site, free entry.\n\nDislikes: Parking fills up fast in summer; can feel busy/touristy midday.\n\nTips\n- Walk the sea trail past the old armaments and overlooks \u2014 the ruins photograph especially well against the cliffs and crashing surf on a day with decent swell\n- Portland Head Light Museum & Gift Shop and the Cape Elizabeth Historical Society Museum are both on-site\n- Food trucks (including Bite Into Maine's lobster roll van) are regularly parked in the lot\n- Wheelchair accessible, dog-friendly (off-leash area available), good for kids \u2014 playgrounds, picnic tables, and a small beach at the lower park\n- Combine with Wharf Street or other Old Port stops \u2014 about a 15-20 min drive from downtown Portland",
        "website": "https://www.google.com/maps/place/Fort+Williams+Park/@43.6225834,-70.2106029,15z"
      },
      "geometry": {
        "type": "Point",
        "coordinates": [
          -70.2106029,
          43.6225834
        ]
      }
    },
    {
      "type": "Feature",
      "properties": {
        "name": "Fort at No 4 Charlestown NH",
        "icon": "scroll",
        "color": "purple",
        "detail": "The Fort at No. 4\n\n\ud83d\udccd 267 Springfield Road, Charlestown, NH\n\nOriginally a mid-18th-century stockade protecting Plantation Number 4 \u2014 the northernmost British settlement on the Connecticut River in the Province of New Hampshire until after the French and Indian War. Reconstructed in 1960 as an open-air living-history museum focused on 18th-century Upper Valley life, staffed by historians and reenactors depicting the fort's King George's War era. Hosts French and Indian War and Revolutionary War reenactment events most summers.\n\nTips\n- Seasonal operation \u2014 check current hours before visiting.\n- A genuinely immersive stop for colonial/frontier history, not just a static museum.",
        "website": "https://www.google.com/maps/search/?api=1&query=43.2548%2C%20-72.4313"
      },
      "geometry": {
        "type": "Point",
        "coordinates": [
          -72.4313,
          43.2548
        ]
      }
    },
    {
      "type": "Feature",
      "properties": {
        "name": "Freemans Grill Brewster MA",
        "icon": "beer",
        "color": "purple",
        "detail": "Overview  \nType: Restaurant  \n  \nBest known for: Delicious food, particularly popular chicken wings and clam chowder.  \n  \nLocation context: Located at a golf club, accessible to everyone.  \n  \nPrice level: $20\u201330 per person  \n  \nVisit timing: Not mentioned  \n  \nTypical Customers  \nDemographics: Locals and families  \n  \nGroup types: Families and groups  \n  \nCommon occasions: Casual dining, family outings  \n  \nVibe & Setting  \nAtmosphere: Casual and family-friendly  \n  \nNoise level: Moderate  \n  \nDecor & setting: Outdoor patio on the golf course  \n  \nService style: Attentive and friendly  \n  \nRecommended Dishes  \nOverall dish consensus  \nReviewers highly recommend the Chicken Wings and Captain's Clam Chowder due to their great flavor and freshness.  \n  \nHow \u201ctop dishes\u201d are determined  \nTop dishes are chosen based on menu highlights and repeated positive reviews focusing on items that receive consistent praise.  \n  \n| Rank | Dish                      | Why it stands out                                   | How often it\u2019s mentioned                | Ideal for            |  \n|------|---------------------------|---------------------------------------------------|-----------------------------------------|----------------------|  \n| 1    | Chicken Wings            | Noted for great flavor and satisfaction.          | Mentioned in many reviews               | Sharing at the table |  \n| 2    | Captain's Clam Chowder   | Praised for being fresh and hearty.               | Repeatedly called out as a favorite    | Hearty main         |  \n| 3    | Sandwiches               | Generally well-received for variety and taste.    | Mentioned sporadically                   | Casual lunch        |  \n| 4    | Burgers                  | Noted for delicious taste and generous portions.   | Mentioned in several reviews             | Hearty main         |  \n| 5    | Fish Tacos               | Compliments on flavor and presentation.           | A few mentions                           | Quick bite          |  \n| 6    | Salads                   | Good vegetarian option with fresh ingredients.    | Mentioned a few times                    | Lighter option      |  \nGood alternates / backup choices  \nFewer clearly highlighted dishes in reviews.  \n  \nHighlights (non\u2011dish positives from reviews)  \nFood quality: Fresh ingredients are consistently praised.  \n  \nService: Attentive staff with friendly service noted.  \n  \nSetting: Beautiful patio view overlooking the golf course.  \n  \nCommon Issues (from reviews)  \nNot applicable  \n  \nPractical Notes  \nReservation / wait: Walk-in friendly  \n  \nAccessibility: Not mentioned  \n  \nParking / transit: Street parking available  \n  \nBest use case: Best for family outings or casual dining.",
        "website": "https://www.google.com/maps/place/Freemans+Grill/@41.7343307,-70.0210265,820m/data=!3m3!1e3!4b1!5s0x89fb6ae91a994035:0xd319e7606df1d2f4!4m6!3m5!1s0x89fb6b43bd1fe6e1:0x30c767bbc8b03689!8m2!3d41.7343267!4d-70.0184516!16s%2Fg%2F11f780x2kg?entry=ttu&g_ep=EgoyMDI2MDYxMC4wIKXMDSoASAFQAw%3D%3D"
      },
      "geometry": {
        "type": "Point",
        "coordinates": [
          -70.01844966755291,
          41.73448688505398
        ]
      }
    },
    {
      "type": "Feature",
      "properties": {
        "name": "Freya's Rockport ME",
        "icon": "sandwich",
        "color": "purple",
        "detail": "Freyas is a gelato and crepe shop known for its unique flavor combinations and homemade waffle cones. It attracts families and food enthusiasts looking for a casual dessert experience. The overall vibe is laid-back and friendly, perfect for a quick stop or a family outing. Customers consistently praise the delicious flavors, particularly the dark chocolate gelato and unique sorbet combinations, along with the generous portion sizes. However, some reviews mention a desire for more savory crepe options as a downside.",
        "website": "https://www.google.com/maps/place/Freya's/@44.1866972,-69.0756946,742m/data=!3m1!1e3!4m6!3m5!1s0x4cadd704148ecfdf:0x8d0e45bde1d9ee00!8m2!3d44.1873254!4d-69.0727868!16s%2Fg%2F11s2j40_2x?entry=ttu&g_ep=EgoyMDI2MDYxMC4wIKXMDSoASAFQAw%3D%3D"
      },
      "geometry": {
        "type": "Point",
        "coordinates": [
          -69.07280241545506,
          44.18745761059984
        ]
      }
    },
    {
      "type": "Feature",
      "properties": {
        "name": "Friends of Sears Island 1",
        "icon": "landmark",
        "color": "purple",
        "detail": "",
        "website": "https://www.google.com/maps/place/Friends+of+Sears+Island/@44.4708154,-68.9663774,8069m/data=!3m1!1e3!4m11!1m3!2m2!1sscenic+spot!6e1!3m6!1s0x4cae65da3809b49b:0x9d640fa7f9b613d4!8m2!3d44.4551023!4d-68.8815894!15sCgtzY2VuaWMgc3BvdFoNIgtzY2VuaWMgc3BvdJIBD25hdHVyZV9wcmVzZXJ2ZZoBJENoZERTVWhOTUc5blMwVkpRMEZuU1VSNmVtTXlkSFozUlJBQuABAPoBBAgAEEE!16s%2Fg%2F1w34668c?entry=ttu&g_ep=EgoyMDI2MDcxMy4wIKXMDSoASAFQAw%3D%3D"
      },
      "geometry": {
        "type": "Point",
        "coordinates": [
          -68.8815894,
          44.4551023
        ]
      }
    },
    {
      "type": "Feature",
      "properties": {
        "name": "Friends of Sears Island",
        "icon": "landmark",
        "color": "purple",
        "detail": "",
        "website": "https://www.google.com/maps/place/Friends+of+Sears+Island/@44.4707433,-68.9663773,8069m/data=!3m1!1e3!4m13!1m5!2m4!1sattractions!5m1!4e9!6e1!3m6!1s0x4cae65da3809b49b:0x9d640fa7f9b613d4!8m2!3d44.4551023!4d-68.8815894!15sCgthdHRyYWN0aW9uc1oNIgthdHRyYWN0aW9uc5IBD25hdHVyZV9wcmVzZXJ2ZZoBI0NoWkRTVWhOTUc5blMwVkpRMEZuU1VSNE0yOHlURWxCRUFF4AEA-gEFCO4BEDw!16s%2Fg%2F1w34668c?entry=ttu&g_ep=EgoyMDI2MDcxMy4wIKXMDSoASAFQAw%3D%3D"
      },
      "geometry": {
        "type": "Point",
        "coordinates": [
          -68.8827893,
          44.458705
        ]
      }
    },
    {
      "type": "Feature",
      "properties": {
        "name": "George B Dorr Museum of Natural History Bar Harbor ME",
        "icon": "landmark",
        "color": "purple",
        "detail": "George B. Dorr Museum of Natural History\n\n\ud83d\udccd College of the Atlantic campus, Bar Harbor, ME\n\nNamed for George B. Dorr, the \"father of Acadia National Park\" \u2014 he spent over 40 years and much of his own inherited wealth acquiring and donating the land that became Sieur de Monts National Monument in 1916, then Acadia National Park in 1919. The museum, on the College of the Atlantic campus, has hands-on exhibits on Maine's terrestrial and marine wildlife, run largely by COA students.\n\nTips\n- Small and quick to visit \u2014 good rainy-day or between-hikes stop.\n- Pairs naturally with a walk around the COA campus and its waterfront.",
        "website": "https://www.google.com/maps/search/?api=1&query=44.3948%2C%20-68.2225"
      },
      "geometry": {
        "type": "Point",
        "coordinates": [
          -68.2225,
          44.3948
        ]
      }
    },
    {
      "type": "Feature",
      "properties": {
        "name": "Georges River Land Trust",
        "icon": "landmark",
        "color": "purple",
        "detail": "",
        "website": "https://www.google.com/maps/place/Georges+River+Land+Trust/@44.0995839,-69.1264774,2564m/data=!3m1!1e3!4m11!1m3!2m2!1seasy+hike!6e1!3m6!1s0x4cadd1d613f76f05:0xa716f61a253461e0!8m2!3d44.1049567!4d-69.1031238!15sCgllYXN5IGhpa2VaCyIJZWFzeSBoaWtlkgEXbm9uX3Byb2ZpdF9vcmdhbml6YXRpb26aASNDaFpEU1VoTk1HOW5TMFZKUTBGblNVTmZkV0ZmVmxOQkVBReABAPoBBAgAED8!16s%2Fg%2F1tdf0yy8?entry=ttu&g_ep=EgoyMDI2MDcxMy4wIKXMDSoASAFQAw%3D%3D"
      },
      "geometry": {
        "type": "Point",
        "coordinates": [
          -69.1031238,
          44.1049567
        ]
      }
    },
    {
      "type": "Feature",
      "properties": {
        "name": "Gile Mountain fire tower (Norwich) Woodstock VT",
        "icon": "footprints",
        "color": "purple",
        "detail": "",
        "website": ""
      },
      "geometry": {
        "type": "Point",
        "coordinates": [
          -72.3514605,
          43.7890831
        ]
      }
    },
    {
      "type": "Feature",
      "properties": {
        "name": "Glen Ellis Falls Pinkham Notch NH",
        "icon": "footprints",
        "color": "purple",
        "detail": "Glen Ellis Falls\n\n\ud83d\udccd Pinkham Notch NH\n\nA 65-foot waterfall where the Ellis River shoots through a narrow granite flume and plunges into a pool in a dramatic rocky gorge. One of the most visually powerful waterfalls in the White Mountains \u2014 the combination of the narrow slot, the vertical drop, and the surrounding boulders creates something genuinely spectacular. A 10-minute walk from the parking area on Route 16.\n\nTips\n- The trailhead is on Route 16, 0.6 miles south of the AMC Pinkham Notch Visitor Center.\n- An underpass beneath Route 16 accesses the falls \u2014 the path is paved and easy.\n- Best flow in spring and after heavy rain; still impressive in late summer.\n- Easily combined with Tuckerman Ravine or the Mount Washington Auto Road, both minutes away.",
        "website": ""
      },
      "geometry": {
        "type": "Point",
        "coordinates": [
          -71.2523,
          44.2557
        ]
      }
    },
    {
      "type": "Feature",
      "properties": {
        "name": "Good Wolf Northeast Harbor ME",
        "icon": "sandwich",
        "color": "purple",
        "detail": "Good Wolf is a women-owned restaurant in Northeast Harbor, Maine, known for its flavorful pizza and locally sourced dishes. The establishment attracts a mixed demographic, including friends dining together and those seeking a unique culinary experience. It has a casual yet stylish atmosphere and is regarded as a great addition to the local dining scene, offering a blend of upscale flavors in a friendly environment. Patrons consistently praise the amazing flavor of the pizza, the exceptional service, and the beautiful setting. Some reviews highlight that the restaurant's hours are limited, with several days being closed, which may be seen as a downside by potential diners.",
        "website": "https://www.google.com/maps/place/Good+Wolf/@44.29184,-68.2899484,1355m/data=!3m1!1e3!4m14!1m7!3m6!1s0x4cae97a048849b31:0x6bc7708886a47493!2sSeal+Cove+Auto+Museum!8m2!3d44.3053532!4d-68.4045448!16s%2Fg%2F1tkjkt8t!3m5!1s0x4caebd9b30ec55b5:0x2e9ba70dac6313fe!8m2!3d44.2936954!4d-68.2893107!16s%2Fg%2F11ytzl42w9?entry=ttu&g_ep=EgoyMDI2MDYxMC4wIKXMDSoASAFQAw%3D%3D"
      },
      "geometry": {
        "type": "Point",
        "coordinates": [
          -68.28940116797048,
          44.29398768277562
        ]
      }
    },
    {
      "type": "Feature",
      "properties": {
        "name": "Granite Hall Store Bristol ME",
        "icon": "sandwich",
        "color": "purple",
        "detail": "Granite Hall Store\n\n\ud83d\udccd Round Pond, Bristol, ME\n\nGift shop offering penny candy, ice cream, and various gifts. Does not serve food for lunch or dinner, nor alcohol.\n\nTips\n- Combine with Round Pond Lobster, just steps away.",
        "website": ""
      },
      "geometry": {
        "type": "Point",
        "coordinates": [
          -69.45945814517671,
          43.94772394124661
        ]
      }
    },
    {
      "type": "Feature",
      "properties": {
        "name": "Great Island Trail Wellfleet MA",
        "icon": "footprints",
        "color": "purple",
        "detail": "Great Island Trail\n\n\ud83d\udccd Wellfleet, MA\n\nGreat Island is a hiking area located in Cape Cod, ideal for outdoor lovers and families. There's no food service available as it's primarily a nature spot; entry is free, and it's open during daylight hours.\n\nTips\n- Check tide times before heading out \u2014 parts of the trail can be hazardous during high tide.\n- Visitors consistently praise the stunning coastal views and tranquility.",
        "website": "https://www.google.com/maps/place/Great+Island+Trail/@41.9330223,-70.0762158,1598m/data=!3m1!1e3!4m10!1m2!2m1!1sattractions+pet+friendly!3m6!1s0x89fb5d95e99b6aa1:0x38673301ea211c5d!8m2!3d41.9329068!4d-70.0690516!15sChhhdHRyYWN0aW9ucyBwZXQgZnJpZW5kbHlaGiIYYXR0cmFjdGlvbnMgcGV0IGZyaWVuZGx5kgELaGlraW5nX2FyZWGaASNDaFpEU1VoTk1HOW5TMFZKUTBGblNVUmxjRTF1ZDJGQkVBReABAPoBBAgREB8!16s%2Fg%2F11g6_64y4m?entry=ttu&g_ep=EgoyMDI2MDYxNi4wIKXMDSoASAFQAw%3D%3D"
      },
      "geometry": {
        "type": "Point",
        "coordinates": [
          -70.06900725582915,
          41.933210193575874
        ]
      }
    },
    {
      "type": "Feature",
      "properties": {
        "name": "Greater Meredith Program Sculpture Walk Meredith NH",
        "icon": "landmark",
        "color": "purple",
        "detail": "Greater Meredith Program - The Meredith Sculpture Walk\n\n\ud83d\udccd Downtown Meredith, NH\n\nA free, year-round, juried outdoor sculpture exhibition run by the nonprofit Greater Meredith Program \u2014 over 30 works by northeastern artists, placed along Main Street, the Mill Falls Marketplace, and the lakeside Hesky and Scenic Parks.\n\nTips\n- Self-guided walk \u2014 download the sculpture map from greatermeredith. before setting out.\n- Easy to combine with the Meredith Historical Society and Winnipesaukee Scenic Railroad, both nearby.",
        "website": "https://www.google.com/maps/search/?api=1&query=43.6538%2C%20-71.4992"
      },
      "geometry": {
        "type": "Point",
        "coordinates": [
          -71.4992,
          43.6538
        ]
      }
    },
    {
      "type": "Feature",
      "properties": {
        "name": "Harbor Park",
        "icon": "landmark",
        "color": "purple",
        "detail": "",
        "website": "https://www.google.com/maps/place/Harbor+Park/@44.0995597,-69.1264774,2564m/data=!3m1!1e3!4m11!1m3!2m2!1sscenic+spot!6e1!3m6!1s0x4cadce2504eeebaf:0x56cd971919553f74!8m2!3d44.1010858!4d-69.1084041!15sCgtzY2VuaWMgc3BvdFoNIgtzY2VuaWMgc3BvdJIBBHBhcmuaAURDaTlEUVVsUlFVTnZaRU5vZEhsalJqbHZUMnN4YUdWVWFEWmhSVTB4VjBkT1psUnNXa1pTUm5CR1lsYzFTVmx1WXhBQuABAPoBBAgAED8!16s%2Fg%2F1tm8dl64?entry=ttu&g_ep=EgoyMDI2MDcxMy4wIKXMDSoASAFQAw%3D%3D"
      },
      "geometry": {
        "type": "Point",
        "coordinates": [
          -69.1088382,
          44.1024885
        ]
      }
    },
    {
      "type": "Feature",
      "properties": {
        "name": "Harbor Table Southwest Harbor ME",
        "icon": "sandwich",
        "color": "purple",
        "detail": "Harbor Table is a casual dining restaurant located at 336 Main St, known for its friendly atmosphere and a variety of dishes including seafood and comfort foods. It attracts a diverse clientele, including locals and visitors, often groups looking for a comfortable dine-out experience. The vibe is casual, budget-friendly, and lively, making it suitable for casual gatherings and meals with friends or family.\n\nPositives:  \n- Excellent service and friendly staff  \n- Delicious food with praises for specific dishes like sandwiches and dips  \n- Cozy atmosphere that enhances the dining experience  \n- Good variety of menu options\n\nCommon Issues:  \n- Some reviews noted slow food service due to limited kitchen staff  \n- A few customers felt that prices were a bit high for portion sizes  \n- Occasionally, the quality of dishes can be inconsistent, with some items missing the mark  \n\nOverall, Harbor Table is well-regarded for its service and food but faces challenges with food timing and price perceptions.",
        "website": "https://www.google.com/maps/place/Harbor+Table/@44.2802129,-68.3263301,50m/data=!3m1!1e3!4m13!1m5!2m4!1sRestaurants!5m1!4e9!6e5!3m6!1s0x4caebdccc4b84b15:0x1998872e2e19ac7c!8m2!3d44.2802314!4d-68.3261795!15sCgtSZXN0YXVyYW50c1oNIgtyZXN0YXVyYW50c5IBCnJlc3RhdXJhbnSaAURDaTlEUVVsUlFVTnZaRU5vZEhsalJqbHZUMjVzZEdWVk1XaFpibHBaWWtoV1UxbFZhM2RYYTNoTVZtMDFVMVV4UlJBQuABAPoBBAgAEEk!16s%2Fg%2F11qp272bw_?entry=ttu&g_ep=EgoyMDI2MDYxMC4wIKXMDSoASAFQAw%3D%3D"
      },
      "geometry": {
        "type": "Point",
        "coordinates": [
          -68.32617999869822,
          44.28023788961982
        ]
      }
    },
    {
      "type": "Feature",
      "properties": {
        "name": "Hey Sailor! Islesboro ME",
        "icon": "sandwich",
        "color": "purple",
        "detail": "",
        "website": "https://www.google.com/maps/place/Hey+Sailor!/@44.4298505,-69.2017143,52506m/data=!3m1!1e3!4m11!1m3!2m2!1sRestaurants!6e5!3m6!1s0x4cae69a73a79306b:0x4fb062ecd2b94bb1!8m2!3d44.4583306!4d-68.9255819!15sCgtSZXN0YXVyYW50c1oNIgtyZXN0YXVyYW50c5IBCnJlc3RhdXJhbnSaASRDaGREU1VoTk1HOW5TMFZKUTBGblNVTktPSEoxUW5sM1JSQULgAQD6AQQIJRBB!16s%2Fg%2F11ppqkdp61?entry=ttu&g_ep=EgoyMDI2MDUxMy4wIKXMDSoASAFQAw%3D%3D"
      },
      "geometry": {
        "type": "Point",
        "coordinates": [
          -68.92562,
          44.45831
        ]
      }
    },
    {
      "type": "Feature",
      "properties": {
        "name": "Hey Sailor! Searsport ME",
        "icon": "sandwich",
        "color": "purple",
        "detail": "",
        "website": "https://www.google.com/maps/place/Hey+Sailor!/@44.4298505,-69.2017143,52506m/data=!3m1!1e3!4m11!1m3!2m2!1sRestaurants!6e5!3m6!1s0x4cae69a73a79306b:0x4fb062ecd2b94bb1!8m2!3d44.4583306!4d-68.9255819!15sCgtSZXN0YXVyYW50c1oNIgtyZXN0YXVyYW50c5IBCnJlc3RhdXJhbnSaASRDaGREU1VoTk1HOW5TMFZKUTBGblNVTktPSEoxUW5sM1JSQULgAQD6AQQIJRBB!16s%2Fg%2F11ppqkdp61?entry=ttu&g_ep=EgoyMDI2MDUxMy4wIKXMDSoASAFQAw%3D%3D"
      },
      "geometry": {
        "type": "Point",
        "coordinates": [
          -68.9255819,
          44.4583306
        ]
      }
    },
    {
      "type": "Feature",
      "properties": {
        "name": "Hillside Methodist Church Rhinebeck NY",
        "icon": "landmark",
        "color": "purple",
        "detail": "Hillside Methodist Church\n\n\ud83d\udccd Route 9, Rhinebeck, NY (south of the village)\n\nA small, Gothic Revival fieldstone church built in 1855, now an antique store.\n\nTips\n- Stop 1 of 33 on the Rhinebeck, Red Hook & Milan Scenic Tour (Tour 1), the tour's starting point.",
        "website": ""
      },
      "geometry": {
        "type": "Point",
        "coordinates": [
          -73.89879801876226,
          41.96930414022855
        ]
      }
    },
    {
      "type": "Feature",
      "properties": {
        "name": "Hodgdon's Seafood Southwest Harbor ME",
        "icon": "sandwich",
        "color": "purple",
        "detail": "Hodgdon's Seafood is a privately-owned seafood restaurant best known for its fresh lobster and seafood offerings. The typical customers include seafood lovers and tourists seeking an authentic Maine experience, making it a popular stop for those looking for quality, freshly caught seafood. The overall vibe is casual and friendly, with a focus on budget-friendly prices, as indicated by customer reviews praising the affordability and quality of the food. Consistently praised positives include the freshness of the seafood, friendly service, great prices, and tasty seasoning. However, the restaurant is currently temporarily closed, which is a notable downside for potential customers.",
        "website": "https://www.google.com/maps/place/Hodgdon's+Seafood/@44.2563809,-68.3637174,11129m/data=!3m1!1e3!4m14!1m7!3m6!1s0x4caea349426b9ac1:0x3ca9ed3a9d2836e0!2sCharlotte's+Legendary+Lobster+Pound!8m2!3d44.2446861!4d-68.2986522!16s%2Fg%2F1q6n2glpy!3m5!1s0x4cae974ca208396d:0x6872533dff284438!8m2!3d44.283144!4d-68.3980696!16s%2Fg%2F11hzjhqlvh?entry=ttu&g_ep=EgoyMDI2MDYxMC4wIKXMDSoASAFQAw%3D%3D"
      },
      "geometry": {
        "type": "Point",
        "coordinates": [
          -68.39852795418416,
          44.28577219602648
        ]
      }
    },
    {
      "type": "Feature",
      "properties": {
        "name": "Hubbard Park Woodstock VT",
        "icon": "trees",
        "color": "purple",
        "detail": "",
        "website": ""
      },
      "geometry": {
        "type": "Point",
        "coordinates": [
          -72.57629592190769,
          44.26841870226168
        ]
      }
    },
    {
      "type": "Feature",
      "properties": {
        "name": "Hulls Cove Visitor Center Acadia National Park ME",
        "icon": "landmark",
        "color": "purple",
        "detail": "Hulls Cove Visitor Center\n\n\ud83d\udccd Route 3, near the north entrance to Park Loop Road, Acadia National Park, ME\n\nAcadia's primary visitor center, right at the start of Park Loop Road. Staffed by rangers who can help plan a route, check current trail/road conditions, and answer questions; shows a short park orientation film. The place to buy an entrance pass in person if you didn't get one online ahead of time.\n\nTips\n- A natural first stop if starting the Park Loop Road drive from the Bar Harbor side.\n- Gets busy midday in peak season \u2014 early morning is easiest for a quick in-and-out.",
        "website": "https://www.google.com/maps/search/?api=1&query=44.4090%2C%20-68.2473"
      },
      "geometry": {
        "type": "Point",
        "coordinates": [
          -68.2473,
          44.409
        ]
      }
    },
    {
      "type": "Feature",
      "properties": {
        "name": "In Good Company Rockland ME",
        "icon": "sandwich",
        "color": "purple",
        "detail": "In Good Company\n\n\ud83d\udccd Rockland ME\n\nIntimate candlelit wine bar with an inventive small-plates menu and standout cocktail list.\n\nMust Order\n- Small plates for sharing\n- Seasonal cocktail menu\n\nTips\n- Reservations recommended on weekends.\n- Walking distance from Farnsworth Art Museum.",
        "website": ""
      },
      "geometry": {
        "type": "Point",
        "coordinates": [
          -69.1086,
          44.1042
        ]
      }
    },
    {
      "type": "Feature",
      "properties": {
        "name": "In Good Company",
        "icon": "utensils",
        "color": "purple",
        "detail": "",
        "website": "https://www.google.com/maps/place/In+Good+Company/@44.08514,-69.200832,18853m/data=!3m1!1e3!4m13!1m5!2m4!1sRestaurants!5m1!4e9!6e5!3m6!1s0x4cadce28bdeacc87:0x9d94c762ce7c4dde!8m2!3d44.10461!4d-69.109049!15sCgtSZXN0YXVyYW50c1oNIgtyZXN0YXVyYW50c5IBCnJlc3RhdXJhbnSaAURDaTlEUVVsUlFVTnZaRU5vZEhsalJqbHZUMnRTWmxwWGMzcE5Na1pOVjBNeFNXUnJhR3BPYmxreVVrWm9ZVkl3UlJBQuABAPoBBAhOEEM!16s%2Fg%2F1tgxhnp3?entry=ttu&g_ep=EgoyMDI2MDcxMy4wIKXMDSoASAFQAw%3D%3D"
      },
      "geometry": {
        "type": "Point",
        "coordinates": [
          -69.109049,
          44.10461
        ]
      }
    },
    {
      "type": "Feature",
      "properties": {
        "name": "Inn At Whitefield Littleton NH",
        "icon": "utensils",
        "color": "purple",
        "detail": "",
        "website": "https://www.google.com/maps/place/Inn+At+Whitefield/@44.3038348,-71.9598423,94148m/data=!3m1!1e3!4m10!1m2!2m1!1sresstaurants+with+reservations!3m6!1s0x4cb472ad3209b75d:0x2e14856a97c12224!8m2!3d44.3978576!4d-71.5986099!15sCh1yZXN0YXVyYW50cyB3aXRoIHJlc2VydmF0aW9ucyIyUjAvZ2VvL3R5cGUvZXN0YWJsaXNobWVudF9wb2kvYWNjZXB0c19yZXNlcnZhdGlvbnNaGiIYcmVzdGF1cmFudHMgcmVzZXJ2YXRpb25zkgEKcmVzdGF1cmFudJoBJENoZERTVWhOTUc5blMwVkpRMEZuU1VOa04xQjFOVFJuUlJBQuABAPoBBAhrEEw!16s%2Fg%2F1hc1q79b4?entry=ttu&g_ep=EgoyMDI2MDYxNi4wIKXMDSoASAFQAw%3D%3D"
      },
      "geometry": {
        "type": "Point",
        "coordinates": [
          -71.59347472098626,
          44.41421620111537
        ]
      }
    },
    {
      "type": "Feature",
      "properties": {
        "name": "Innisfree Garden Millbrook, NY",
        "icon": "leaf",
        "color": "purple",
        "detail": "Innisfree Garden\n\n\ud83d\udccd Millbrook, NY\n\nOne of the world's ten greatest gardens \u2014 a 150-acre landscape garden inspired by Chinese and Japanese traditions, with no two views the same.\n\nTips\n- Seasonal hours May\u2013October; check innisfreegarden. for exact dates and admission\n- Allow at least 2\u20133 hours \u2014 the garden reveals itself slowly and rewards patience\n- Tram available for mobility-limited visitors; most paths are walkable\n- Also stop 17 of 17 on the Washington & Amenia Scenic Tour (Tour 4)",
        "website": "https://www.google.com/maps/search/Innisfree+Garden+Millbrook,+NY"
      },
      "geometry": {
        "type": "Point",
        "coordinates": [
          -73.6851,
          41.789
        ]
      }
    },
    {
      "type": "Feature",
      "properties": {
        "name": "Institute of Ecosystem Studies Millbrook NY",
        "icon": "landmark",
        "color": "purple",
        "detail": "Institute of Ecosystem Studies (Cary Institute)\n\n\ud83d\udccd 2801 Sharon Turnpike (Route 44), Millbrook, NY 12545\n\nEstablished 1971, this 1,924-acre research campus (now known as the Cary Institute of Ecosystem Studies) lines Route 44. Free visitor permits are available at the Gifford House Visitor and Education Center \u2014 nature trails, gardens, exhibits, and classes.\n\nTips\n- Call 845/677-5359 for visitor information.\n- Stop 2 of 17 on the Washington & Amenia Scenic Tour (Tour 4).\n- Rating (4.7) is estimated from TripAdvisor's review breakdown (10 Excellent + 3 Very Good of 13, zero negative) \u2014 no confirmed Google rating available.",
        "website": ""
      },
      "geometry": {
        "type": "Point",
        "coordinates": [
          -73.7338523,
          41.7852069
        ]
      }
    },
    {
      "type": "Feature",
      "properties": {
        "name": "Isla & Co. West Palm Beach FL",
        "icon": "sandwich",
        "color": "purple",
        "detail": "Overview\nType: Restaurant\n\nBest known for: Excellent atmosphere and food, unique dish offerings\n\nLocation context: West Palm Beach\n\nPrice level: Not mentioned\n\nVisit timing: Not mentioned\n\nTypical Customers\nDemographics: Locals and tourists, couples, small groups\n\nGroup types: Couples, friends\n\nCommon occasions: Brunch, casual meals, date night\n\nVibe & Setting\nAtmosphere: Casual, relaxed, backyard vibe\n\nNoise level: Moderate\n\nDecor & setting: Indoor and outdoor seating, bar area\n\nService style: Attentive but occasionally slow\n\nRecommended Dishes\nOverall dish consensus\nReviewers highly recommend the crispy chicken sandwich and Scarlett Rose martini, both praised for unique flavors. The fries are noted for being well-cooked and a great appetizer. \n\nHow \u201ctop dishes\u201d are determined\nTop dishes are selected based on popularity as referenced in the menu and reviewed frequently with strong positive feedback from patrons. Items frequently mentioned and highlighted in user photos are also considered.\n\nTop dishes to order\n| Rank | Dish                   | Why it stands out                             | How often it\u2019s mentioned          | Ideal for               |\n|------|------------------------|----------------------------------------------|----------------------------------|-------------------------|\n| 1    | Crispy Chicken Sandwich | Great flavors and a labor of love in cooking | Mentioned in many reviews        | Hearty main            |\n| 2    | Scarlett Rose Martini  | Unique and flavorful combination             | Appears in numerous photos       | Fun drink to share      |\n| 3    | Sticky Date Pudding    | Praised for beautiful flavor and texture    | Repeatedly called out as a favorite | Sweet finish           |\n\nGood alternates / backup choices\n- Eggs Benedict: Notable for its flavors, great for brunch.\n- Quinoa: Healthy and praised as a lighter option.\n- Chicken Parmesan: Comforting dish that is well-received.\n\nHighlights (non\u2011dish positives from reviews)\nAtmosphere: Reviewers note a cozy and inviting space, enhancing the dining experience.\n\nService: Staff is friendly and attentive, contributing to a positive dining atmosphere.\n\nCommon Issues (from reviews)\nService Speed: Some reviewers noted slower service during busy times, especially when full.\n\nPortion Sizes: A few guests felt that the portion sizes were small for the price.\n\nPractical Notes\nReservation / wait: Reservations are recommended due to high traffic, especially on weekends.\n\nAccessibility: Not mentioned\n\nParking / transit: Not mentioned\n\nBest use case: Best for a casual brunch or a laid-back date night.",
        "website": "https://www.google.com/maps/place/Isla+%26+Co.+West+Palm+Beach/@26.6985946,-80.0663114,17z/data=!3m1!4b1!4m6!3m5!1s0x88d8d7e6e7facae9:0x96d3a56fb8c1c1f2!8m2!3d26.6985946!4d-80.0637365!16s%2Fg%2F11t69p2f46?entry=ttu&g_ep=EgoyMDI2MDYxMC4wIKXMDSoASAFQAw%3D%3D"
      },
      "geometry": {
        "type": "Point",
        "coordinates": [
          -80.0637364950377,
          26.698848555126876
        ]
      }
    },
    {
      "type": "Feature",
      "properties": {
        "name": "Island Take Out Bar Harbor ME",
        "icon": "sandwich",
        "color": "purple",
        "detail": "",
        "website": "https://www.google.com/maps/place/Island+Take+Out/@44.4210556,-68.3656662,792m/data=!3m1!1e3!4m14!1m7!3m6!1s0x4cae95e6330e254f:0xc622c80a721aaab7!2sIsland+Take+Out!8m2!3d44.4210518!4d-68.3630913!16s%2Fg%2F11py6y6m_c!3m5!1s0x4cae95e6330e254f:0xc622c80a721aaab7!8m2!3d44.4210518!4d-68.3630913!16s%2Fg%2F11py6y6m_c?entry=ttu&g_ep=EgoyMDI2MDYxMC4wIKXMDSoASAFQAw%3D%3D"
      },
      "geometry": {
        "type": "Point",
        "coordinates": [
          -68.36292349059613,
          44.42123539016997
        ]
      }
    },
    {
      "type": "Feature",
      "properties": {
        "name": "Isle au Haut Ferry Stonington ME",
        "icon": "ship",
        "color": "purple",
        "detail": "Isle au Haut Ferry\n\n\ud83d\udccd Stonington ME\n\nThe Isle au Haut Boat Services mail boat departs Stonington daily for the 45-minute crossing to Isle au Haut \u2014 a remote island where roughly a third of the land is a wild and almost entirely undeveloped section of Acadia National Park. The NPS limits day visitors to 48 people per day; advance reservations required May through October.\n\nTips\n- Reserve NPS day-use permits well in advance at recreation. \u2014 they sell out weeks ahead.\n- The ferry drops at Town Landing; the NPS section is a 4-mile walk or bike ride south at Duck Harbor.\n- Bring everything you need \u2014 the island has almost no services for day visitors.\n- The remoteness and quiet are the point: this is what the rest of Acadia looked like before the crowds.",
        "website": ""
      },
      "geometry": {
        "type": "Point",
        "coordinates": [
          -68.6636,
          44.1593
        ]
      }
    },
    {
      "type": "Feature",
      "properties": {
        "name": "Isola Wine and Tapas Kinderhook NY",
        "icon": "utensils",
        "color": "purple",
        "detail": "Overview\nType: Restaurant\n\nBest known for: Unique wine list, stellar food and atmosphere\n\nLocation context: Not mentioned\n\nPrice level: $30\u201350\n\nVisit timing: Not mentioned\n\nTypical Customers\nDemographics: Not mentioned\n\nGroup types: Couples, friends\n\nCommon occasions: Memorable meals, date nights\n\nVibe & Setting\nAtmosphere: Cozy, inviting\n\nNoise level: Not mentioned\n\nDecor & setting: Indoor seating\n\nService style: Friendly, attentive\n\nRecommended Dishes\nOverall dish consensus\nDiners frequently praise small plates like Beef Tartare and various unique wine pairings. \n\nHow \u201ctop dishes\u201d are determined\nTop dishes are based on the Google Maps place page and its reviews, considering popular mentions and frequently praised dishes.\n\n| Rank | Dish                                  | Why it stands out                                | How often it\u2019s mentioned               | Ideal for                |\n|------|---------------------------------------|-------------------------------------------------|--------------------------------------|--------------------------|\n| 1    | Beef Tartare                          | Notable flavors and presentation.                | Repeatedly called out as a favorite. | Sharing at the table     |\n| 2    | Scallops with Pur\u00e9ed Tomatoes        | Deliciously prepared, highly praised.            | Appears in numerous reviews.         | Hearty main              |\n| 3    | Lemon Cr\u00e8me Br\u00fbl\u00e9e                   | Unique dessert, often highlighted.               | Mentioned in many reviews.           | Sweet indulgence         |\n\nGood alternates / backup choices\n- Chocolate Pudding with Sweet Ricotta: Comforting dessert.\n- Croquetas with Anchovy: Notable for flavor and texture.\n- Green Beans with Tahini Whip: Good for those seeking lighter options.\n\nHighlights (non-dish positives from reviews)\nService: Extremely friendly staff enhances dining experience.\n\nAmbiance: Cozy lighting and lovely music create a memorable atmosphere.\n\nCommon Issues (from reviews)\nParking: Parking lot in the back not well known and could use better signage.\n\nPractical Notes\nReservation / wait: Not mentioned\n\nAccessibility: Not mentioned\n\nParking / transit: 20 car parking lot available, not widely known.\n\nBest use case: Great for memorable dinners with friends or loved ones.",
        "website": "https://www.google.com/maps/place/Isola+Wine+and+Tapas/@42.3946405,-73.6991559,414m/data=!3m1!1e3!4m14!1m7!3m6!1s0x89ddef90c36f0663:0x466d6fc29839bb9d!2sThe+Aviary+Kinderhook!8m2!3d42.3948641!4d-73.698253!16s%2Fg%2F11t7r439ly!3m5!1s0x89ddef8f37e90707:0x6c809272475d3165!8m2!3d42.3942346!4d-73.6975132!16s%2Fg%2F11vlv2qzls?entry=ttu&g_ep=EgoyMDI2MDYxMy4wIKXMDSoASAFQAw%3D%3D"
      },
      "geometry": {
        "type": "Point",
        "coordinates": [
          -73.69745454078091,
          42.394408883927724
        ]
      }
    },
    {
      "type": "Feature",
      "properties": {
        "name": "Jackson Falls Jackson NH",
        "icon": "footprints",
        "color": "purple",
        "detail": "Jackson Falls\n\n\ud83d\udccd Jackson NH\n\nA series of cascading granite ledges and pools on Wildcat Brook, popular for wading and photos with easy roadside access near the village.\n\nTips\n- Easy roadside access \u2014 good for a quick stop.\n- Popular wading spot in summer; arrive early to beat crowds.",
        "website": ""
      },
      "geometry": {
        "type": "Point",
        "coordinates": [
          -71.1865,
          44.1565
        ]
      }
    },
    {
      "type": "Feature",
      "properties": {
        "name": "Jolie Rogers Raw Bar Wiscasset ME",
        "icon": "utensils",
        "color": "purple",
        "detail": "Jolie Rogers Raw Bar\n\n\ud83d\udccd 8 Railroad Ave, Wiscasset, ME\n\nAn oyster bar right on the Sheepscot River, opened by longtime friends Ryan Jolie and Andy Rogers \u2014 Rogers is one of the country's best oyster shuckers, with a competitive shucking background. Sleek, minimalist, hidden-gem feel tucked on a side street with river views. Menu changes seasonally; beyond oysters, expect tuna tartare, scallop ceviche, and other small plates. Also sells oysters and their signature sauces retail. Rated 5/5 on Restaurant Guru across dozens of reviews \u2014 widely considered one of the top oyster bars in Maine.\n\nMust Order\n- Fresh oysters \u2014 the entire reason to go, and the reviews back it up\n- Tuna tartare\n- Scallop ceviche\n\nTips\n- Small, easy-to-miss location on a side street off the main drag \u2014 worth seeking out deliberately, it's not a walk-by discovery.\n- Good pairing with Red's Eats or Panacea if you want lobster roll/chowder plus a proper raw bar course on the same Wiscasset stop.\n- Also sells oysters/sauces to take home if you want to bring some back to the base camp kitchen.",
        "website": "https://www.jolierogersrawbar.com/"
      },
      "geometry": {
        "type": "Point",
        "coordinates": [
          -69.6639508,
          44.0027744
        ]
      }
    },
    {
      "type": "Feature",
      "properties": {
        "name": "Kaaterskill Falls Haines Falls, NY",
        "icon": "footprints",
        "color": "purple",
        "detail": "Kaaterskill Falls\n\n\ud83d\udccd Haines Falls, NY\n\nNew York's tallest waterfall at 260 feet in two stages \u2014 one of the most photographed natural landmarks in the state and a defining image of the Hudson River School painters.\n\nTips\n- Laurel House Road trail: 1.4 miles round trip, moderate; parking on Route 23A fills by 9 AM weekends\n- Late September shows early fall color; peak foliage typically early October\n- The upper falls ledge is accessible; the lower pool requires a short scramble",
        "website": "https://www.google.com/maps/search/Kaaterskill+Falls+Haines+Falls,+NY"
      },
      "geometry": {
        "type": "Point",
        "coordinates": [
          -74.0785,
          42.1878
        ]
      }
    },
    {
      "type": "Feature",
      "properties": {
        "name": "Kerhonkson Lookout NY",
        "icon": "landmark",
        "color": "purple",
        "detail": "Kerhonkson Lookout\n\n\ud83d\udccd Kerhonkson, NY\n\nA tourist attraction known for stunning views and a scenic vibe. Open during the day; does not serve food or alcohol.\n\nTips\n- Good for stargazing and a chance to see the Northern Lights on clear nights.",
        "website": ""
      },
      "geometry": {
        "type": "Point",
        "coordinates": [
          -74.2707132,
          41.7448092
        ]
      }
    },
    {
      "type": "Feature",
      "properties": {
        "name": "Kitty's Market Hudson, NY",
        "icon": "shopping-bag",
        "color": "purple",
        "detail": "Kitty's Market\n\n\ud83d\udccd Hudson, NY\n\nA neighborhood market and cafe beloved for egg sandwiches, locally sourced groceries, and excellent coffee \u2014 one of Hudson's most-loved morning stops.\n\nTips\n- Arrive early \u2014 egg sandwiches sell out\n- The espresso drinks are serious; one of Hudson's best coffee programs",
        "website": "https://www.google.com/maps/search/Kitty's+Market+Hudson,+NY"
      },
      "geometry": {
        "type": "Point",
        "coordinates": [
          -73.7878,
          42.2531
        ]
      }
    },
    {
      "type": "Feature",
      "properties": {
        "name": "LaVerna Preserve - Hiking Area Pemaquid ME",
        "icon": "footprints",
        "color": "purple",
        "detail": "Open in Google Maps",
        "website": "https://www.google.com/maps/place/LaVerna+Preserve+-+Hiking+Area/@43.9022356,-69.4822524,787m/data=!3m2!1e3!4b1!4m6!3m5!1s0x4cadbc92089d5839:0x6bac846d67897afb!8m2!3d43.9022356!4d-69.4796775!16s%2Fg%2F11c57l8qrz?entry=ttu&g_ep=EgoyMDI2MDUyMC4wIKXMDSoASAFQAw%3D%3D"
      },
      "geometry": {
        "type": "Point",
        "coordinates": [
          -69.4796775,
          43.9022356
        ]
      }
    },
    {
      "type": "Feature",
      "properties": {
        "name": "Laan-Xang Cafe",
        "icon": "wine",
        "color": "purple",
        "detail": "",
        "website": "https://www.google.com/maps/place/Laan-Xang+Cafe/@44.4221712,-69.0166066,2023m/data=!3m1!1e3!4m13!1m5!2m4!1sRestaurants!5m1!4e9!6e5!3m6!1s0x4cae6e5a2d795eed:0x42c82810cb10ee!8m2!3d44.4280642!4d-69.005169!15sCgtSZXN0YXVyYW50c1oNIgtyZXN0YXVyYW50c5IBEmxhb3RpYW5fcmVzdGF1cmFudJoBRENpOURRVWxSUVVOdlpFTm9kSGxqUmpsdlQyczVabFpYV25oa2JrSnNZbFpLUkdRd1ZuRlViSEJTVkROdk1tUlZSUkFC4AEA-gEECEgQSA!16s%2Fg%2F1v44p_yb?entry=ttu&g_ep=EgoyMDI2MDcxMy4wIKXMDSoASAFQAw%3D%3D"
      },
      "geometry": {
        "type": "Point",
        "coordinates": [
          -69.00597946051074,
          44.42707128791926
        ]
      }
    },
    {
      "type": "Feature",
      "properties": {
        "name": "Lake Chocorua (Chocorua Lake Basin) Tamworth NH",
        "icon": "waves",
        "color": "purple",
        "detail": "Lake Chocorua (Chocorua Lake Basin)\n\n\ud83d\udccd Tamworth NH\n\nIconic motor-free lake with the classic photo view of Mount Chocorua from the Narrows Bridge; public access via Chocorua Lake Conservancy, free admission.\n\nTips\n- Free public access.\n- Best photo spot is the Narrows Bridge.\n- No motorboats \u2014 quiet and scenic.",
        "website": ""
      },
      "geometry": {
        "type": "Point",
        "coordinates": [
          -71.2667,
          43.9499
        ]
      }
    },
    {
      "type": "Feature",
      "properties": {
        "name": "Lawson's Finest Liquids Waitsfield VT",
        "icon": "beer",
        "color": "purple",
        "detail": "Lawson's Finest Liquids\n\n\ud83d\udccd Waitsfield VT\n\nDestination craft brewery producing world-class IPAs and maple-inflected beers; taproom with pub food and outdoor seating. One of Vermont's most revered breweries.\n\nTips\n- Sippin' Sunshine IPA is the flagship \u2014 don't skip it.\n- Outdoor seating is beautiful in early September.",
        "website": ""
      },
      "geometry": {
        "type": "Point",
        "coordinates": [
          -72.8205,
          44.1891
        ]
      }
    },
    {
      "type": "Feature",
      "properties": {
        "name": "Ledgeview Grille Conway NH",
        "icon": "sandwich",
        "color": "purple",
        "detail": "Overview\nType: Restaurant\n\nBest known for: Fresh ingredients, great service\n\nLocation context: North Conway Village, part of a golf course\n\nPrice level: $10\u201320\n\nVisit timing: Not mentioned\n\nTypical Customers\nDemographics: Locals and tourists\n\nGroup types: Couples, families, friends\n\nCommon occasions: Brunch, casual dinner\n\nVibe & Setting\nAtmosphere: Cozy and casual, lively\n\nNoise level: Moderate\n\nDecor & setting: Indoor/outdoor seating, balcony with a mountain view\n\nService style: Attentive and friendly\n\nRecommended Dishes\nOverall dish consensus\nReviewers frequently praise the Lobster Roll and sausage, egg, and cheese sandwich for their fresh flavors and quality ingredients. \n\nHow \u201ctop dishes\u201d are determined\nTop dishes are based solely on the Google Maps page and reviews, focusing on popularity, photo appearances, and strong praise from customers. \n\nTop dishes to order\n\n| Rank | Dish                       | Why it stands out                                | How often it\u2019s mentioned                           | Ideal for              |\n|------|---------------------------|--------------------------------------------------|---------------------------------------------------|-----------------------|\n| 1    | Lobster Roll              | Fresh with great flavor, a must-try.            | Mentioned in many reviews.                          | Sharing at the table  |\n| 2    | Sausage, egg, and cheese sandwich | Described as the best in a while, very fresh. | Repeatedly called out as a favorite.               | Hearty main          |\n\nGood alternates / backup choices\n\n- Bloody Mary: A popular drink choice.\n\nHighlights (non\u2011dish positives from reviews)\nAtmosphere: Many reviewers highlight the stunning venue and mountain views.\n\nService: Consistently mentioned as exceptional and friendly.\n\nCommon Issues (from reviews)\nNot mentioned.\n\nPractical Notes\nReservation / wait: Walk-in friendly.\n\nAccessibility: Not mentioned.\n\nParking / transit: Not mentioned.\n\nBest use case: Great for brunch with friends.",
        "website": "https://www.google.com/maps/place/Ledgeview+Grille/@44.0502159,-71.1287968,1006m/data=!3m1!1e3!4m6!3m5!1s0x4cb3a18efcaaaa3d:0x9e70a205df3d50ef!8m2!3d44.0506178!4d-71.1281204!16s%2Fg%2F11qbss51n3?entry=ttu&g_ep=EgoyMDI2MDYxMy4wIKXMDSoASAFQAw%3D%3D"
      },
      "geometry": {
        "type": "Point",
        "coordinates": [
          -71.12810995426,
          44.05061754795966
        ]
      }
    },
    {
      "type": "Feature",
      "properties": {
        "name": "Levon Helm Studios Woodstock, NY",
        "icon": "ticket",
        "color": "purple",
        "detail": "Levon Helm Studios\n\n\ud83d\udccd Woodstock, NY\n\nThe legendary barn music venue started by The Band's Levon Helm, hosting ~70 intimate Ramble concerts per year in an unparalleled acoustic setting steeped in music history.\n\nTips\n- Check the Sept 21\u201325 calendar immediately at levonhelm. \u2014 sells out months ahead\n- Tickets typically $30\u201350; BYOB; exceptional sound\n- 5 minutes from Woodstock village center",
        "website": "https://www.google.com/maps/search/Levon+Helm+Studios+Woodstock,+NY"
      },
      "geometry": {
        "type": "Point",
        "coordinates": [
          -74.1211,
          42.0467
        ]
      }
    },
    {
      "type": "Feature",
      "properties": {
        "name": "Life is Good 428 Fore Portland ME",
        "icon": "scroll",
        "color": "purple",
        "detail": "Life is Good (E. Klaman Bottle Building)\n\n\ud83d\udccd 428 Fore Street, Portland, ME\n\nIn 1924, Nathan Wood & Son called 428 Fore Street home \u2014 their business included a wide array of \"remedies\" or botanic medicines. According to property tax assessment records from that year, the building was valued at $5,251.\n\nToday it is known as the E. Klaman Bottle Building, named after the bottle recycler that occupied the storefront in the second half of the 20th century. The building now houses a Life is Good retail store.",
        "website": "https://www.google.com/maps/place/428+Fore+St,+Portland,+ME"
      },
      "geometry": {
        "type": "Point",
        "coordinates": [
          -70.2542956,
          43.6558428
        ]
      }
    },
    {
      "type": "Feature",
      "properties": {
        "name": "Limon Grille",
        "icon": "wine",
        "color": "purple",
        "detail": "",
        "website": "https://www.google.com/maps/place/Limon+Grille/@44.3867007,-68.2234216,2242m/data=!3m1!1e3!4m13!1m5!2m4!1sRestaurants!5m1!4e9!6e5!3m6!1s0x4caebfe4e7eaa5bd:0x68968915d18a7f84!8m2!3d44.3857857!4d-68.2036616!15sCgtSZXN0YXVyYW50c1oNIgtyZXN0YXVyYW50c5IBCnJlc3RhdXJhbnSaAURDaTlEUVVsUlFVTnZaRU5vZEhsalJqbHZUMjVLVW1SR2FIcGFNbkIzWVRBNWFWZFVRbk5rUlRWM1pVTXhSVkpJWXhBQuABAPoBBAgjEDs!16s%2Fg%2F11ydn884s5?entry=ttu&g_ep=EgoyMDI2MDcwOC4wIKXMDSoASAFQAw%3D%3D"
      },
      "geometry": {
        "type": "Point",
        "coordinates": [
          -68.2034588644368,
          44.386185566599885
        ]
      }
    },
    {
      "type": "Feature",
      "properties": {
        "name": "Little Cinco De Mayo Saugerties NY",
        "icon": "sandwich",
        "color": "purple",
        "detail": "Overview\nType: Restaurant\n\nBest known for: Delicious homemade corn tortillas; generous portions of flavorful tacos and enchiladas.\n\nLocation context: Not mentioned\n\nPrice level: $10\u201330 per person\n\nVisit timing: Not mentioned\n\nTypical Customers\nDemographics: Not mentioned\n\nGroup types: Families, couples, friends\n\nCommon occasions: Casual dinner, quick bite\n\nVibe & Setting\nAtmosphere: Casual, cozy\n\nNoise level: Moderate\n\nDecor & setting: Indoor seating; cozy ambiance\n\nService style: Friendly, attentive\n\nRecommended Dishes\nOverall dish consensus  \nReviewers agree that the homemade corn tortillas and generously portioned tacos are must-tries, especially the lengua and shrimp tacos.\n\nHow \u201ctop dishes\u201d are determined  \nTop dishes are chosen based on mentions in reviews for their exceptional flavor, dishes labeled as popular, and those that appear frequently in photos.\n\n| Rank | Dish               | Why it stands out                          | How often it\u2019s mentioned                       | Ideal for              |\n|------|--------------------|------------------------------------------|------------------------------------------------|-----------------------|\n| 1    | Lengua Tacos       | Tender and flavorful, praised as a favorite. | Repeatedly called out as a favorite.           | Sharing at the table  |\n| 2    | Shrimp Tacos       | Generously portioned, noted for great taste. | Appears in numerous photos.                    | Hearty main          |\n| 3    | Cheese Enchiladas  | Loved for comforting flavors and texture.  | Mentioned in many reviews.                      | Casual dinner        |\n\nGood alternates / backup choices  \n- Al Pastor: Known for its rich flavors.\n- Guacamole: Fresh and tasty, great for sharing.\n\nHighlights (non-dish positives from reviews)\nFriendly staff: Guests appreciate the attentive and welcoming service from the staff.  \n\nHomemade salsa: The homemade salsa is frequently praised for having the perfect amount of heat and freshness.\n\nCommon Issues (from reviews)\nLimited alcohol options: Currently does not serve alcohol, which may disappoint some diners.\n\nPractical Notes\nReservation / wait: Walk-in friendly.\n\nAccessibility: Not mentioned.\n\nParking / transit: Not mentioned.\n\nBest use case: Great for casual dinners with family or friends.",
        "website": "https://www.google.com/maps/place/Little+Cinco+De+Mayo/@42.075803,-73.9553294,615m/data=!3m1!1e3!4m11!1m4!2m3!1sThai+Spice+Cafe+%E2%80%93+Well-liked+Thai+on+Raymond+Avenue!5m1!4e3!3m5!1s0x89dda70071eb4285:0xe84ab4a2caf1180!8m2!3d42.0775472!4d-73.9543631!16s%2Fg%2F11lz2dtprn?entry=ttu&g_ep=EgoyMDI2MDYxMy4wIKXMDSoASAFQAw%3D%3D"
      },
      "geometry": {
        "type": "Point",
        "coordinates": [
          -73.95436039241537,
          42.07754155835084
        ]
      }
    },
    {
      "type": "Feature",
      "properties": {
        "name": "Lucky Catskills Kingston NY",
        "icon": "utensils",
        "color": "purple",
        "detail": "Lucky Catskills (Kingston)\n\n\ud83d\udccd 43 North Front St, Kingston, NY\n\nFrom Patty Wu and David Schneider (of Lucky Catskills and Tabla in Tannersville) \u2014 opened Oct 2025 in the former Kingston Bread + Bar space, uptown Kingston. Not a strict dim-sum-only restaurant, but genuinely brings real dim-sum-style dumplings and buns to the Hudson Valley \u2014 quickly become a popular local spot.\n\nMust Order\n- Steamed char siu bao\n- Soup dumplings\n- Pork & chives dumplings\n- Miso ramen or Dan Dan noodles\n- Congee\n- Black sesame taro milk latte / hojicha oat latte for drinks\n\nTips\n- Open Thu-Tue, 8am-6pm (closed Wednesday)\n- Self-bussing, cafe-style ordering \u2014 casual, not full-service sit-down\n- A few reviews note small portions for the price \u2014 go in with realistic expectations, it's a caf\u00e9 not a banquet",
        "website": "https://www.google.com/maps/place/Lucky+Catskills/@41.9267,-74.0197,17z"
      },
      "geometry": {
        "type": "Point",
        "coordinates": [
          -74.0197,
          41.9267
        ]
      }
    },
    {
      "type": "Feature",
      "properties": {
        "name": "MOMO GARDEN",
        "icon": "wine",
        "color": "purple",
        "detail": "",
        "website": "https://www.google.com/maps/place/MOMO+GARDEN/@41.7000092,-73.9560658,12622m/data=!3m1!1e3!4m11!1m3!2m2!1sRestaurants!6e5!3m6!1s0x89dd3f55e2103cf1:0xf22dbe2dd8b7464!8m2!3d41.7000207!4d-73.8866515!15sCgtSZXN0YXVyYW50c1oNIgtyZXN0YXVyYW50c5IBE25lcGFsZXNlX3Jlc3RhdXJhbnSaASRDaGREU1VoTk1HOW5TMFZKUTBGblNVTm1kSEp0UlRCUlJSQULgAQD6AQQIABA-!16s%2Fg%2F11lv_t0vj5?entry=ttu&g_ep=EgoyMDI2MDcwOC4wIKXMDSoASAFQAw%3D%3D"
      },
      "geometry": {
        "type": "Point",
        "coordinates": [
          -73.8861016154133,
          41.702401763417555
        ]
      }
    },
    {
      "type": "Feature",
      "properties": {
        "name": "Mackworth Island Falmouth ME",
        "icon": "shopping-bag",
        "color": "purple",
        "detail": "Mackworth Island\n\n\ud83d\udccd Andrews Avenue causeway, Falmouth, ME (~10 min from downtown Portland)\n\nMackworth Island is a small state-owned island in Casco Bay connected to Falmouth by a short causeway. The perimeter trail \u2014 a 1.5-mile loop \u2014 hugs the rocky shoreline almost the entire way, offering 360\u00b0 views of the bay, the Portland skyline, the Calendar Islands, and the open Atlantic.\n\nThe walk is virtually flat, takes about 40 minutes at a leisurely pace, and is consistently rated among the best short walks in Maine. The island also features a fairy house village in the woods near the center \u2014 a whimsical tradition maintained by local children.\n\nTips\n- A Maine state park vehicle pass ($8 non-resident day use) is required at the gate; cash or card accepted\n- Arrive before 9 AM on summer weekends \u2014 the small parking area fills up fast\n- The causeway itself offers good views of Portland Harbor before you even reach the island\n- Combine with a Portland Head Light visit (~15 min south) for a full morning outdoors\n- Dogs welcome on leash",
        "website": "https://www.google.com/maps/place/Mackworth+Island/@43.7008,-70.2321,15z"
      },
      "geometry": {
        "type": "Point",
        "coordinates": [
          -70.2321,
          43.7008
        ]
      }
    },
    {
      "type": "Feature",
      "properties": {
        "name": "Maine Street Bistro Brunswick ME",
        "icon": "utensils",
        "color": "purple",
        "detail": "Maine Street Bistro\n\n\ud83d\udccd 148 Maine Street, Brunswick, ME\n\nOpened May 2023 by Chef John Holm \u2014 an intimate, unpretentious French bistro praised in a 2023 Portland Press Herald \"Dine Out Maine\" review for getting French bistro classics right, using locally-sourced Maine ingredients.\n\nMust Order\n- Raw bar selections \u2014 oysters and shellfish\n- French bistro classics \u2014 check the current seasonal dinner menu\n\nTips\n- Reservations recommended via Resy \u2014 small, intimate space\n- Hours vary slightly by source (roughly Thu-Sat or Tue-Sat, 5-9pm) \u2014 confirm before going",
        "website": "https://mainestreetbistro.com/"
      },
      "geometry": {
        "type": "Point",
        "coordinates": [
          -69.9652799,
          43.9147107
        ]
      }
    },
    {
      "type": "Feature",
      "properties": {
        "name": "Malbec & More Palm Beach County FL",
        "icon": "sandwich",
        "color": "purple",
        "detail": "Overview\nType: Cheese and Wine Cafe\n\nBest known for: Great wine selection, authentic food with quality ingredients.\n\nLocation context: Lantana, Florida\n\nPrice level: $20\u201360 per person\n\nVisit timing: Opens 5 PM, experiences popular evening hours.\n\nTypical Customers\nDemographics: Mix of locals and visitors.\n\nGroup types: Couples, friends, families.\n\nCommon occasions: Casual dinner, date night, special occasions.\n\nVibe & Setting\nAtmosphere: Cozy and friendly, casual yet intimate.\n\nNoise level: Moderate.\n\nDecor & setting: Indoor seating with a welcoming ambiance.\n\nService style: Attentive and personable staff.\n\nRecommended Dishes\nOverall dish consensus  \nDiners rave about the Fugazzetta and wine pairings as highlights of the menu, with many praising their flavor and quality.\n\nHow \u201ctop dishes\u201d are determined  \nTop dishes are based on items frequently mentioned in reviews, strong praise in content, and those labeled as popular or featured in photos.\n\n| Rank | Dish             | Why it stands out                                     | How often it\u2019s mentioned                     | Ideal for             |\n|------|------------------|------------------------------------------------------|---------------------------------------------|-----------------------|\n| 1    | Fugazzetta       | Praised for its flavor and uniqueness.               | Repeatedly called out as a favorite.       | Sharing at the table  |\n| 2    | Charcuterie Board| Enjoyed for its variety and quality ingredients.     | Mentioned in many reviews.                  | Hearty appetizer      |\n| 3    | Wine Selection   | Noted for complementing the food perfectly.          | Appears in numerous photos.                | Pairing with meals    |\n\nGood alternates / backup choices\n- Soup: Commended for its delicious taste, great for comfort food lovers.\n\nHighlights (non\u2011dish positives from reviews)\nAtmosphere: Guests appreciate the warm and inviting environment created by the husband and wife team.\n\nService: Attentive service is frequently highlighted, enhancing the dining experience.\n\nCommon Issues (from reviews)\nBread Portions: Some guests found the bread served with soup to be inadequate.\n\nBusy Hours: The place can get busy during peak evening hours.\n\nPractical Notes\nReservation / wait: Walk-ins are welcome, but reservations recommended for peak times.\n\nAccessibility: Not mentioned.\n\nParking / transit: Street parking available; public transit options not mentioned.\n\nBest use case: Great for casual dining and date nights.",
        "website": "https://www.google.com/maps/place/Malbec+%26+More/@26.5912389,-80.0544216,17z/data=!3m1!4b1!4m6!3m5!1s0x88d8d9aaebb4b98f:0xbd6f6402012e77b7!8m2!3d26.5912389!4d-80.0518467!16s%2Fg%2F1hm1v4fcr?entry=ttu&g_ep=EgoyMDI2MDYxMC4wIKXMDSoASAFQAw%3D%3D"
      },
      "geometry": {
        "type": "Point",
        "coordinates": [
          -80.05185742613678,
          26.59139715454676
        ]
      }
    },
    {
      "type": "Feature",
      "properties": {
        "name": "Mangalitsa Woodstock VT",
        "icon": "utensils",
        "color": "purple",
        "detail": "",
        "website": "https://www.google.com/maps/place/Mangalitsa/@43.6255418,-72.5163748,146m/data=!3m2!1e3!5s0x89e1d821c0bf85f9:0x104c9f0578ee2d0d!4m6!3m5!1s0x89e1d821c1b66ab5:0xe9210bdc5c9beae9!8m2!3d43.6257705!4d-72.5163879!16s%2Fg%2F11fzf5dql7?entry=ttu&g_ep=EgoyMDI2MDYyMy4wIKXMDSoASAFQAw%3D%3D"
      },
      "geometry": {
        "type": "Point",
        "coordinates": [
          -72.51638093142995,
          43.62578057247142
        ]
      }
    },
    {
      "type": "Feature",
      "properties": {
        "name": "Marshall Point Lighthouse Port Clyde ME",
        "icon": "anchor",
        "color": "purple",
        "detail": "Marshall Point Lighthouse\n\n\ud83d\udccd Port Clyde ME\n\nThe 1857 lighthouse at the tip of the St. George Peninsula, connected to the keeper's house by a distinctive white wooden walkway over the rocks. Featured in Forrest Gump as the endpoint of Forrest's cross-country run. The museum inside the keeper's house tells the story of the light's role in guiding boats through the Muscle Ridge Channel. Already in Port Clyde for the Monhegan Island ferry.\n\nTips\n- The lighthouse and grounds are free and always open.\n- The museum in the keeper's house (small donation) is worth 20 minutes.\n- Excellent photography at sunrise \u2014 the light faces east over the water.\n- Combine with the Monhegan ferry departure from Port Clyde, half a mile away.",
        "website": ""
      },
      "geometry": {
        "type": "Point",
        "coordinates": [
          -69.2614,
          43.9155
        ]
      }
    },
    {
      "type": "Feature",
      "properties": {
        "name": "Mass Audubon Wellfleet Bay Wildlife Sanctuary Wellfleet MA",
        "icon": "footprints",
        "color": "purple",
        "detail": "Mass Audubon Wellfleet Bay Wildlife Sanctuary\n\n\ud83d\udccd Wellfleet MA\n\n1,000+ acre Mass Audubon sanctuary with salt marsh and woodland trails, exceptional birding, horseshoe crabs, and Cape Cod Bay views.\n\nTips\n- Pick up a trail map at the nature center at the entrance.\n- Horseshoe crab spawning (May\u2013June) and fall shorebird migration are peak times.",
        "website": ""
      },
      "geometry": {
        "type": "Point",
        "coordinates": [
          -69.9994,
          41.8758
        ]
      }
    },
    {
      "type": "Feature",
      "properties": {
        "name": "Maverick Concerts Woodstock, NY",
        "icon": "ticket",
        "color": "purple",
        "detail": "Maverick Concerts\n\n\ud83d\udccd Woodstock, NY\n\nAmerica's oldest chamber music festival (est. 1916), presenting weekend concerts in a rustic woodland concert hall that is itself a Woodstock landmark.\n\nTips\n- Check maverickconcerts. for Sept 21\u201325 dates\n- The forest setting is magical; arrive early and walk the grounds\n- Affordable tickets; handmade wooden hall with no assigned seating",
        "website": "https://www.google.com/maps/search/Maverick+Concerts+Woodstock,+NY"
      },
      "geometry": {
        "type": "Point",
        "coordinates": [
          -74.1349,
          42.0431
        ]
      }
    },
    {
      "type": "Feature",
      "properties": {
        "name": "May Kelly's Cottage",
        "icon": "wine",
        "color": "purple",
        "detail": "",
        "website": "https://www.google.com/maps/place/May+Kelly's+Cottage/@44.0589761,-71.1366616,790m/data=!3m2!1e3!4b1!4m6!3m5!1s0x4cb3a1bad40ad7cb:0xdd0755f381117a67!8m2!3d44.0589761!4d-71.1366616!16s%2Fg%2F1tfny5qh?entry=ttu&g_ep=EgoyMDI2MDcwOC4wIKXMDSoASAFQAw%3D%3D"
      },
      "geometry": {
        "type": "Point",
        "coordinates": [
          -71.13658637091791,
          44.05918848349405
        ]
      }
    },
    {
      "type": "Feature",
      "properties": {
        "name": "Melt Bar Harbor ME",
        "icon": "sandwich",
        "color": "purple",
        "detail": "",
        "website": "https://www.google.com/maps/place/Melt/@44.3901652,-68.2081679,456m/data=!3m1!1e3!4m13!1m5!2m4!1sRestaurants!5m1!4e9!6e5!3m6!1s0x4caebfda76054c1f:0x40d2304026e2948f!8m2!3d44.3904582!4d-68.205109!15sCgtSZXN0YXVyYW50c1oNIgtyZXN0YXVyYW50c5IBCnJlc3RhdXJhbnSaASNDaFpEU1VoTk1HOW5TMFZKUTBGblNVUmxNV1psYlV0M0VBReABAPoBBAgAED4!16s%2Fg%2F11nfvr61j4?entry=ttu&g_ep=EgoyMDI2MDYxMC4wIKXMDSoASAFQAw%3D%3D"
      },
      "geometry": {
        "type": "Point",
        "coordinates": [
          -68.20503646549625,
          44.390477602225644
        ]
      }
    },
    {
      "type": "Feature",
      "properties": {
        "name": "Minnewaska State Park Preserve New Paltz, NY",
        "icon": "footprints",
        "color": "purple",
        "detail": "Minnewaska State Park Preserve\n\n\ud83d\udccd New Paltz, NY\n\nA spectacular 22,000-acre ridge-top park with crystal-clear sky lakes, miles of carriage roads through pine barrens, and the Sam's Point Ice Cave Trail.\n\nTips\n- Lake Minnewaska itself is swimmable \u2014 crystal clear ridge-top lake at 1,650 feet\n- Sam's Point Area (separate entrance) features unique ice caves and the best ridge views\n- September is excellent before peak foliage crowds arrive",
        "website": "https://www.google.com/maps/search/Minnewaska+State+Park+Preserve+New+Paltz,+NY"
      },
      "geometry": {
        "type": "Point",
        "coordinates": [
          -74.2332,
          41.7287
        ]
      }
    },
    {
      "type": "Feature",
      "properties": {
        "name": "Miss SaiGon",
        "icon": "sandwich",
        "color": "purple",
        "detail": "",
        "website": "https://www.google.com/maps/place/Miss+SaiGon/@41.6924133,-73.9011005,226m/data=!3m2!1e3!5s0x89dd3e50095b8e2f:0x83d652a09d56ca42!4m14!1m7!3m6!1s0x89dcd5e863ca4ded:0x7d0039c76cbcb0b!2s88+Charles+St+Restaurant!8m2!3d41.5266312!4d-74.238392!16s%2Fg%2F1tkc7p4d!3m5!1s0x89dd3fad97e5a4d7:0xf65c2b5d0ae7a98a!8m2!3d41.6927548!4d-73.9003154!16s%2Fg%2F11srr8v2q6?entry=ttu&g_ep=EgoyMDI2MDcwOC4wIKXMDSoASAFQAw%3D%3D"
      },
      "geometry": {
        "type": "Point",
        "coordinates": [
          -73.90029701746076,
          41.69278640993935
        ]
      }
    },
    {
      "type": "Feature",
      "properties": {
        "name": "Mixed Greens Camden ME",
        "icon": "sandwich",
        "color": "purple",
        "detail": "Mixed Greens\n\n\ud83d\udccd 15 Main St, downtown Camden, ME\n\nA fast-casual salad spot built on fresh, local, organic ingredients \u2014 genuinely well-regarded, not just \"healthy but bland.\" Rated 4.8 on Restaurant Guru across 127 reviews. Big vegetarian/vegan selection alongside the salads.\n\nMust Order\n- Rainbow Salad \u2014 the most-praised item, called out for vibrant flavor and fresh vegetables\n- Super Greens Salad\n- Cobb Salad\n\nTips\n- Open Monday\u2013Saturday, 11am\u20133pm; closed Sundays \u2014 lunch-only, plan accordingly.\n- Portions are generous but prices run a bit higher than a typical quick-lunch spot \u2014 worth it per reviews, just budget for it.\n- Good pick if the group wants something lighter after a big breakfast or before a bigger dinner.",
        "website": "https://www.google.com/maps/place/Mixed+Greens/@44.2104565,-69.0675468,516m/data=!3m1!1e3!4m13!1m5!2m4!1sRestaurants!5m1!4e9!6e5!3m6!1s0x4cadd7cabd390b05:0xe8129bdb45be8913!8m2!3d44.210079!4d-69.064673!15sCgtSZXN0YXVyYW50c1oNIgtyZXN0YXVyYW50c5IBCnNhbGFkX3Nob3CaASNDaFpEU1VoTk1HOW5TMFZKUTBGblNVUk1jeTFmT1ZkUkVBReABAPoBBAgAECo!16s%2Fg%2F11q278n4q4?entry=ttu&g_ep=EgoyMDI2MDYwOS4wIKXMDSoASAFQAw%3D%3D"
      },
      "geometry": {
        "type": "Point",
        "coordinates": [
          -69.06462626933204,
          44.210180261744725
        ]
      }
    },
    {
      "type": "Feature",
      "properties": {
        "name": "Moffat House Berlin NH",
        "icon": "landmark",
        "color": "purple",
        "detail": "Moffett House Museum\n\n\ud83d\udccd 119 High St, Berlin, NH\n\nThe former home and medical office of Dr. and Mrs. Irving Moffett, now run by the Berlin and Co\u00f6s County Historical Society (opened as a museum in 1997). The main floor displays sports memorabilia and photo albums; upstairs holds three rooms of genealogy records and local town histories; downstairs, Dr. Moffett's original office and exam rooms are preserved with period medical equipment. The collection also includes military uniforms spanning WWI through Desert Storm and Co\u00f6s County's largest collection of souvenir china.\n\nTips\n- Free admission; open Tuesday\u2013Saturday, 12\u20134pm.\n- A good stop for anyone with North Country family genealogy to research.",
        "website": "https://www.google.com/maps/search/?api=1&query=44.4739%2C%20-71.1798"
      },
      "geometry": {
        "type": "Point",
        "coordinates": [
          -71.1798,
          44.4739
        ]
      }
    },
    {
      "type": "Feature",
      "properties": {
        "name": "Mohonk Preserve New Paltz, NY",
        "icon": "footprints",
        "color": "purple",
        "detail": "Mohonk Preserve\n\n\ud83d\udccd New Paltz, NY\n\nAn 8,000-acre Shawangunk Ridge nature preserve with world-class rock climbing, miles of carriage roads, sky lakes, and some of the finest ridge hiking in the Northeast.\n\nTips\n- Day-use fee $15\u201320 for non-members; purchase online or at the trailhead\n- The Trapps carriage road is the best intro \u2014 flat, scenic, stunning cliffside views\n- September is prime climbing season \u2014 the Gunks attract serious climbers worldwide",
        "website": "https://www.google.com/maps/search/Mohonk+Preserve+New+Paltz,+NY"
      },
      "geometry": {
        "type": "Point",
        "coordinates": [
          -74.1566,
          41.7691
        ]
      }
    },
    {
      "type": "Feature",
      "properties": {
        "name": "Montshire Museum of Science Woodstock VT",
        "icon": "landmark",
        "color": "purple",
        "detail": "",
        "website": ""
      },
      "geometry": {
        "type": "Point",
        "coordinates": [
          -72.3051237,
          43.7003374
        ]
      }
    },
    {
      "type": "Feature",
      "properties": {
        "name": "Morning Moose Coffee Topsham ME",
        "icon": "coffee",
        "color": "purple",
        "detail": "Morning Moose Coffee\n\n\ud83d\udccd 11 Main St, Topsham, ME (across the Androscoggin River from downtown Brunswick \u2014 essentially twin downtowns)\n\nStarted in 2021 as a single pink coffee trailer, now grown into a brick-and-mortar community favorite known for creative signature drinks and fresh made-to-order hot mini donuts. Distinctly local, not a chain.\n\nMust Order\n- Popham Palm \u2014 their most popular signature drink\n- Mocha Moose Cold Brew\n- Blueberry Bliss\n- Banana Bread Latte\n- Fresh hot mini donuts and bagels\n\nTips\n- Counter service only, no sit-down dining\n- Hours: Mon-Fri 6am-2pm, Sat 7am-3pm, closed Sunday\n- Weekly specials posted Mondays on Facebook\n- There's also an original trailer location in Richmond, ME, but that's further away and not walkable to Brunswick",
        "website": "https://morningmooseco.com/"
      },
      "geometry": {
        "type": "Point",
        "coordinates": [
          -69.961833,
          43.92667
        ]
      }
    },
    {
      "type": "Feature",
      "properties": {
        "name": "Mosaic Restaurant Camden ME",
        "icon": "sandwich",
        "color": "purple",
        "detail": "Mosaic\n\n\ud83d\udccd 31 Elm St, Camden, ME\n\nA cozy Mexican/Mediterranean fusion spot decorated with locally made artwork \u2014 an unusual, well-executed combination rather than a straightforward taqueria. Rated 4.7 on Restaurant Guru (283 reviews) and 4.8 on Tripadvisor (#12 of 40 Camden restaurants). Service is consistently called excellent and friendly, prices reasonable.\n\nMust Order\n- Enchiladas\n- Fish tacos\n- Korean BBQ bowl \u2014 the fusion angle at its most distinctive\n\nTips\n- Open daily, 11:30am\u20139pm.\n- Good gluten-free coverage \u2014 burrito bowls, enchiladas, tacos, and dessert all have GF options.\n- Reserve ahead in peak season: (207) 230-8380.",
        "website": "https://www.google.com/maps/place/Mosaic+Restaurant/@44.2090611,-69.0674547,246m/data=!3m1!1e3!4m13!1m5!2m4!1sRestaurants!5m1!4e9!6e5!3m6!1s0x4cadd715e97c814b:0x8b79bf15f56e5eab!8m2!3d44.2090648!4d-69.065927!15sCgtSZXN0YXVyYW50c1oNIgtyZXN0YXVyYW50c5IBCnJlc3RhdXJhbnSaAURDaTlEUVVsUlFVTnZaRU5vZEhsalJqbHZUMjB4ZUdFeVpGbE9iV1EyVFRORk5WUlhkRlpWYkVveFdWVmtibHB1WXhBQuABAPoBBAgAEDU!16s%2Fg%2F11stpz7p2w?entry=ttu&g_ep=EgoyMDI2MDYwOS4wIKXMDSoASAFQAw%3D%3D"
      },
      "geometry": {
        "type": "Point",
        "coordinates": [
          -69.06593510533489,
          44.20909865891706
        ]
      }
    },
    {
      "type": "Feature",
      "properties": {
        "name": "Moss Glen Falls Granville VT",
        "icon": "waves",
        "color": "purple",
        "detail": "Moss Glen Falls (Granville)\n\n\ud83d\udccd Route 100, Granville Gulf, Granville, VT\n\nFormed where Deer Hollow Brook squeezes through a narrow bedrock notch and fans out into a remarkably symmetrical 68-foot veil \u2014 arguably the most photographed waterfall in Vermont, and easily one of the most accessible. Right along Route 100 within the Granville Gulf State Reservation; a large roadside parking area leads across a small bridge to a short (0.1-mile), easy walkway ending at a wooden viewing deck.\n\nTips\n- Not the same waterfall as \"Moss Glen Falls\" in Stowe, VT \u2014 this vault has a separate note for that one; don't confuse the two when planning.\n- Extremely popular \u2014 expect company, especially during foliage season.",
        "website": "https://www.google.com/maps/search/?api=1&query=44.0181%2C%20-72.8503"
      },
      "geometry": {
        "type": "Point",
        "coordinates": [
          -72.8503,
          44.0181
        ]
      }
    },
    {
      "type": "Feature",
      "properties": {
        "name": "Moss Glen Falls Stowe VT",
        "icon": "footprints",
        "color": "purple",
        "detail": "Moss Glen Falls\n\n\ud83d\udccd Stowe VT\n\nVermont's tallest waterfall, reached via an easy 0.5-mile walk on boardwalk and granite steps just minutes from the village \u2014 uncrowded and peaceful.\n\nTips\n- One of the easiest big-payoff hikes in the area \u2014 good for any fitness level.\n- Best after rain when the falls are at full flow.",
        "website": ""
      },
      "geometry": {
        "type": "Point",
        "coordinates": [
          -72.6271,
          44.4852
        ]
      }
    },
    {
      "type": "Feature",
      "properties": {
        "name": "Mostly Muffins Colebrook NH",
        "icon": "coffee",
        "color": "purple",
        "detail": "Mostly Muffins\n\n\ud83d\udccd Colebrook NH\n\nBakery/breakfast spot known for muffins and casual morning fare.\n\nMust Order\n- Muffins\n\nTips\n- Good breakfast stop before exploring Beaver Brook Falls.",
        "website": ""
      },
      "geometry": {
        "type": "Point",
        "coordinates": [
          -71.498,
          44.897
        ]
      }
    },
    {
      "type": "Feature",
      "properties": {
        "name": "Mount Hunger via Waterbury Trail Waterbury VT",
        "icon": "footprints",
        "color": "purple",
        "detail": "Mount Hunger via Waterbury Trail\n\n\ud83d\udccd Waterbury VT\n\nStrenuous 3.8-mile out-and-back to an exposed rocky summit with one of Vermont's finest 360\u00b0 views \u2014 a local favorite for serious hikers.\n\nTips\n- One of Vermont's best summit views for the effort.\n- Trailhead off Route 2 near Waterbury center.",
        "website": ""
      },
      "geometry": {
        "type": "Point",
        "coordinates": [
          -72.6774,
          44.3798
        ]
      }
    },
    {
      "type": "Feature",
      "properties": {
        "name": "Mount Mansfield Loop Trail Stowe VT",
        "icon": "footprints",
        "color": "purple",
        "detail": "Mount Mansfield Loop Trail\n\n\ud83d\udccd Stowe VT\n\nVermont's highest peak (4,393 ft) via a loop route with exposed scrambling near the Chin summit and above-treeline ridge walking. Multiple access options.\n\nTips\n- Full day commitment \u2014 start early.\n- The Long Trail follows the ridge; Taft Lodge is a shelter en route for breaks.\n- Combine with the Auto Toll Road for a one-way descent option.",
        "website": ""
      },
      "geometry": {
        "type": "Point",
        "coordinates": [
          -72.8141,
          44.5437
        ]
      }
    },
    {
      "type": "Feature",
      "properties": {
        "name": "Mt. Washington Auto Road North Conway NH",
        "icon": "mountain",
        "color": "purple",
        "detail": "",
        "website": ""
      },
      "geometry": {
        "type": "Point",
        "coordinates": [
          -71.22352532684904,
          44.289188043594066
        ]
      }
    },
    {
      "type": "Feature",
      "properties": {
        "name": "Nantucket Whaling Museum Nantucket MA",
        "icon": "landmark",
        "color": "purple",
        "detail": "Nantucket Whaling Museum\n\n\ud83d\udccd Nantucket MA\n\nImmersive museum covering Nantucket's whaling era with a full sperm whale skeleton, scrimshaw collection, and historic artifacts.\n\nTips\n- Allow 2+ hours \u2014 it's more substantial than it looks from outside.\n- The rooftop lookout has good harbor views.",
        "website": ""
      },
      "geometry": {
        "type": "Point",
        "coordinates": [
          -70.0985,
          41.2848
        ]
      }
    },
    {
      "type": "Feature",
      "properties": {
        "name": "Nine Partners School & Meeting House Millbrook NY",
        "icon": "landmark",
        "color": "purple",
        "detail": "Nine Partners School & Meeting House\n\n\ud83d\udccd Church St, Millbrook, NY (National Register)\n\nEstablished 1780 (cemetery along Church St.), was the site of the Orthodox and Hicksite Quaker \"Separation\" (1828). This area, called Mechanic, was settled ca. 1750 by Quakers who organized the Meeting. East of the Meeting House was Nine Partners School, the first Quaker co-ed boarding school in America, est. 1796, an ancestor of Oakwood School in Poughkeepsie. The Millbrook Golf and Tennis Club (private) is the site of Willets Academy, where distinguished Quaker educators Jacob and Deborah Willets taught.\n\nTips\n- Marked with a National Register historical marker.\n- Stop 14 of 17 on the Washington & Amenia Scenic Tour (Tour 4).\n- No single street address \u2014 coordinates left blank.",
        "website": ""
      },
      "geometry": {
        "type": "Point",
        "coordinates": [
          -73.68742017689495,
          41.77597513571323
        ]
      }
    },
    {
      "type": "Feature",
      "properties": {
        "name": "Noodle Village",
        "icon": "utensils",
        "color": "purple",
        "detail": "",
        "website": "https://www.google.com/maps/place/Noodle+Village/@44.0524023,-71.129966,595m/data=!3m1!1e3!4m14!1m7!3m6!1s0x4cb3a0bf793f9bfb:0x6c5284ed20196b08!2sVia+Roma+Pizza+%26+Mediterranean!8m2!3d44.0363957!4d-71.1223054!16s%2Fg%2F11r9lxtgw!3m5!1s0x4cb3a129ccaf8811:0xd19ec75193f7f24f!8m2!3d44.0529871!4d-71.1271239!16s%2Fg%2F11ywtmdwvd?entry=ttu&g_ep=EgoyMDI2MDcxMi4wIKXMDSoASAFQAw%3D%3D"
      },
      "geometry": {
        "type": "Point",
        "coordinates": [
          -71.12708234890871,
          44.053322285981416
        ]
      }
    },
    {
      "type": "Feature",
      "properties": {
        "name": "North Moat Mountain North Conway NH",
        "icon": "footprints",
        "color": "purple",
        "detail": "North Moat Mountain\n\n\ud83d\udccd Diana's Baths trailhead, West Side Road, North Conway, NH\n\nA demanding hike (8.3 miles, ~2,600 ft gain) to a bare, rocky 3,196-foot summit with 360-degree views and \u2014 come July \u2014 wild blueberry bushes covering the ledges. The trail passes Diana's Baths, a popular swimming spot with cascades on Lucy Brook, right near the trailhead.\n\nTips\n- A full 5-8 hour day for the full loop \u2014 start early.\n- Diana's Baths itself (a short walk from the parking area) is worth visiting even if not doing the full mountain.\n- $3/day parking fee at the trailhead.",
        "website": "https://www.google.com/maps/search/?api=1&query=44.0431%2C%20-71.2153"
      },
      "geometry": {
        "type": "Point",
        "coordinates": [
          -71.21714267213765,
          44.04774307159723
        ]
      }
    },
    {
      "type": "Feature",
      "properties": {
        "name": "Old Drovers Inn Dover Plains NY",
        "icon": "hotel",
        "color": "purple",
        "detail": "Old Drovers Inn\n\n\ud83d\udccd 196 East Duncan Hill Rd, Dover Plains, NY 12522\n\nA stop for cattle drovers, opened by John Preston 1750 in the low stone wing. The addition ca. 1805 is noted for the unique barrel vaulted ceiling of the upper long room in which riotous 19th c. public meetings were held. Taproom, award-winning restaurant and inn open year round.\n\nTips\n- Call 845/832-9311 for visitor information.\n- Stop 36 of 39 on the Union Vale, Beekman, Pawling & Dover Scenic Tour (Tour 6).",
        "website": ""
      },
      "geometry": {
        "type": "Point",
        "coordinates": [
          -73.5713224,
          41.6960725
        ]
      }
    },
    {
      "type": "Feature",
      "properties": {
        "name": "Old Village Bakery",
        "icon": "sandwich",
        "color": "purple",
        "detail": "",
        "website": "https://www.google.com/maps/place/Old+Village+Bakery/@44.0523908,-71.1286389,593m/data=!3m1!1e3!4m14!1m7!3m6!1s0x4cb3a0bf793f9bfb:0x6c5284ed20196b08!2sVia+Roma+Pizza+%26+Mediterranean!8m2!3d44.0363957!4d-71.1223054!16s%2Fg%2F11r9lxtgw!3m5!1s0x4cb3a0e3156560db:0xae9f6dbfd88a1482!8m2!3d44.0526597!4d-71.1248276!16s%2Fg%2F1vxcw07h?entry=ttu&g_ep=EgoyMDI2MDcxMi4wIKXMDSoASAFQAw%3D%3D"
      },
      "geometry": {
        "type": "Point",
        "coordinates": [
          -71.1248498565329,
          44.05264808003342
        ]
      }
    },
    {
      "type": "Feature",
      "properties": {
        "name": "Opera House Arts (Stonington Opera House) Stonington ME",
        "icon": "scroll",
        "color": "purple",
        "detail": "Opera House Arts (Stonington Opera House)\n\n\ud83d\udccd Stonington ME\n\nBeautifully restored 1912 opera house hosting film, music, and theater year-round.\n\nTips\n- Check the events calendar for what's playing during the trip.",
        "website": ""
      },
      "geometry": {
        "type": "Point",
        "coordinates": [
          -68.67,
          44.1503
        ]
      }
    },
    {
      "type": "Feature",
      "properties": {
        "name": "Osteria by Capri Palm Beach County FL",
        "icon": "sandwich",
        "color": "purple",
        "detail": "Overview\nType: Restaurant\n\nBest known for: Amazing food, excellent service\n\nLocation context: Attached to the Hilton hotel\n\nPrice level: $20\u201370\n\nVisit timing: Not mentioned\n\nTypical Customers\nDemographics: Mostly couples and larger groups\n\nGroup types: Couples, friends, families, larger groups\n\nCommon occasions: Date night, casual dinner, special occasions\n\nVibe & Setting\nAtmosphere: Casual, lively, family-friendly\n\nNoise level: Moderate\n\nDecor & setting: Indoor seating, bar\n\nService style: Attentive and friendly\n\nRecommended Dishes\nOverall dish consensus\nReviewers highlight the Tomahawk Steak and Rigatoni as must-order items, with the Tiramisu also receiving strong praise.\n\nHow \u201ctop dishes\u201d are determined\nTop dishes are identified based on mentions in reviews, popularity in photos, and specific recommendations from customers detailing their experiences.\n\n| Rank | Dish               | Why it stands out                                      | How often it\u2019s mentioned          | Ideal for              |\n|------|-------------------|-------------------------------------------------------|-----------------------------------|------------------------|\n| 1    | Tomahawk Steak    | Exceptional flavor and presentation                   | Repeatedly called out as a favorite | Hearty main           |\n| 2    | Rigatoni          | A showstopper dish with great flavor                  | Mentioned in many reviews          | Sharing at the table   |\n| 3    | Tiramisu          | Notable dessert, praised for its texture and taste    | Appears in numerous photos         | Sweet finish           |\n\nGood alternates / backup choices\n- Lemon Drop: Notable as a refreshing cocktail choice.\n- Canoli: Praised for being a delightful dessert option.\n\nHighlights (non\u2011dish positives from reviews)\nService: Reviewers consistently mention friendly and prompt service from the staff.\n\nAtmosphere: The restaurant's lively and welcoming vibe enhances the dining experience.\n\nHandling large groups: The staff is noted for efficiently serving large parties without delays.\n\nCommon Issues (from reviews)\nFood quality inconsistency: Some reviewers mentioned issues with certain dishes, like the salmon, which was reported as tasting bad.\n\nOccasional wait times: Although many reviews praise the quick service, some guests reported longer waits during busier periods.\n\nPractical Notes\nReservation / wait: Not mentioned\n\nAccessibility: Not mentioned\n\nParking / transit: Not mentioned\n\nBest use case: Great for date nights and special occasions.",
        "website": "https://www.google.com/maps/place/Osteria+by+Capri/@26.6795325,-80.0791668,15.24z/data=!4m14!1m7!3m6!1s0x88d8d783ebb25119:0x22d70db95097a1d5!2sOsteria+by+Capri!8m2!3d26.6781745!4d-80.0726993!16s%2Fg%2F11w8ksh8z6!3m5!1s0x88d8d783ebb25119:0x22d70db95097a1d5!8m2!3d26.6781745!4d-80.0726993!16s%2Fg%2F11w8ksh8z6?entry=ttu&g_ep=EgoyMDI2MDYxMC4wIKXMDSoASAFQAw%3D%3D"
      },
      "geometry": {
        "type": "Point",
        "coordinates": [
          -80.0725959776384,
          26.67886736537504
        ]
      }
    },
    {
      "type": "Feature",
      "properties": {
        "name": "Overlook Mountain Trail Woodstock, NY",
        "icon": "mountain",
        "color": "purple",
        "detail": "Overlook Mountain Trail\n\n\ud83d\udccd Woodstock, NY\n\nA 4.6-mile out-and-back trail to a Catskill fire tower via 19th-century mountaintop hotel ruins \u2014 one of the most popular and rewarding hikes in the Catskills.\n\nTips\n- Trailhead parking fills by 9 AM weekends \u2014 arrive early\n- Hotel ruins at 1.5 miles; fire tower at summit (2.3 miles); 1,400 ft gain\n- Allow 3\u20134 hours round trip; moderate difficulty",
        "website": "https://www.google.com/maps/search/Overlook+Mountain+Trail+Woodstock,+NY"
      },
      "geometry": {
        "type": "Point",
        "coordinates": [
          -74.1277,
          42.0583
        ]
      }
    },
    {
      "type": "Feature",
      "properties": {
        "name": "Owls Head General Store",
        "icon": "sandwich",
        "color": "purple",
        "detail": "",
        "website": "https://www.google.com/maps/place/Owls+Head+General+Store/@44.08514,-69.200832,18853m/data=!3m1!1e3!4m13!1m5!2m4!1sRestaurants!5m1!4e9!6e5!3m6!1s0x4cadcdeadda01e2f:0x98cb8630b1f6c5fa!8m2!3d44.0823809!4d-69.0574331!15sCgtSZXN0YXVyYW50c1oNIgtyZXN0YXVyYW50c5IBFGhhbWJ1cmdlcl9yZXN0YXVyYW50mgFEQ2k5RFFVbFJRVU52WkVOb2RIbGpSamx2VDI1b05rOVlhRmxSYWxsNFlXcEdOV014Y0hCa1JFcFNVakowUjFsdVl4QULgAQD6AQQIABAs!16s%2Fg%2F11b7r62wjk?entry=ttu&g_ep=EgoyMDI2MDcxMy4wIKXMDSoASAFQAw%3D%3D"
      },
      "geometry": {
        "type": "Point",
        "coordinates": [
          -69.0574331,
          44.0823809
        ]
      }
    },
    {
      "type": "Feature",
      "properties": {
        "name": "Owls Head Light State Park Owls Head ME",
        "icon": "anchor",
        "color": "purple",
        "detail": "Owls Head Light State Park\n\n\ud83d\udccd Owls Head ME\n\nClassic 1825 lighthouse on a short wooded walk with sweeping Penobscot Bay views.\n\nTips\n- Short, family-friendly walk to the lighthouse.\n- Great sunset spot.",
        "website": ""
      },
      "geometry": {
        "type": "Point",
        "coordinates": [
          -69.0436,
          44.0922
        ]
      }
    },
    {
      "type": "Feature",
      "properties": {
        "name": "Owls Head Transportation Museum",
        "icon": "landmark",
        "color": "purple",
        "detail": "",
        "website": "https://www.google.com/maps/place/Owls+Head+Transportation+Museum/@44.0700465,-69.1052271,6972m/data=!3m1!1e3!4m15!1m8!3m7!1s0x4cadcc4c5f4aa20d:0x7a26e129ee369379!2sOwls+Head,+ME!3b1!8m2!3d44.082303!4d-69.0572612!16zL20vMHRxaHA!3m5!1s0x4cadce814f7b9b37:0x156067790879abb6!8m2!3d44.0655817!4d-69.1025709!16s%2Fg%2F1tdpr7wc?entry=ttu&g_ep=EgoyMDI2MDcxMy4wIKXMDSoASAFQAw%3D%3D"
      },
      "geometry": {
        "type": "Point",
        "coordinates": [
          -69.074,
          44.129
        ]
      }
    },
    {
      "type": "Feature",
      "properties": {
        "name": "Panacea Wiscasset ME",
        "icon": "utensils",
        "color": "purple",
        "detail": "Panacea\n\n\ud83d\udccd 100 Main St, Wiscasset, ME\n\nOpened February 2025 in the former Yonder sandwich shop space, directly across from Red's Eats \u2014 an ocean-inspired chowder house and soupery from Chauncey Erskine, formerly of Maine Booch in Damariscotta. Built around community as much as comfort food: nautical charts, sea captain figurines, and regular game nights fill out the room. Rated 5.0 on Tripadvisor from early reviews.\n\nMust Order\n- Maine clam chowder \u2014 reviewers call it the best they've had anywhere in the state\n- Knotty Buoy grilled cheese \u2014 cheddar, green apple, seaweed, and maple-miso spread\n- Lobster grilled cheese\n- Vegan chowder option, if that matters for your group\n\nTips\n- Small, casual spot \u2014 good for a quick, satisfying lunch rather than a sit-down dinner.\n- Right across the street from Red's Eats, so easy to pair with (or use as the less-crowded alternative to) Wiscasset's famous lobster roll line.\n- Portions are described as reasonable and reasonably priced \u2014 not a splurge stop.",
        "website": "https://panaceamaine.com/"
      },
      "geometry": {
        "type": "Point",
        "coordinates": [
          -69.6652837,
          44.0024345
        ]
      }
    },
    {
      "type": "Feature",
      "properties": {
        "name": "Paolo's Brunswick ME",
        "icon": "utensils",
        "color": "purple",
        "detail": "Paolo's\n\n\ud83d\udccd Fort Andross Mill building, Brunswick, ME (exact suite unconfirmed \u2014 large multi-tenant complex, double-check when booking)\n\nOpened summer 2026 by Jeremy and Marina Kratzer (who also run Dutchman's wood-fired bagels, co-located at the same site), named for Jeremy's late grandfather Paul Macher. Brings true New Jersey-style Italian-American cooking \u2014 not the more common New England Italian \u2014 with a wood-fired oven doing double duty on pizza and mains.\n\nMust Order\n- Neapolitan-style 12\" pizzas \u2014 margherita, carbonara, and a thin Roman-style Jersey clam pizza\n- House-made pasta \u2014 bucatini featured\n- Chicken Parmesan \u2014 vodka sauce or house marinara\n- Dry-aged bone-in NY strip steak\n- Charred broccolini with whipped ricotta; tiramisu, lemon pie, chocolate mousse, affogato martini\n\nTips\n- Very new and currently open Thursday-Sunday only, 5-9pm dinner, drinks/snacks from 4pm\n- No online reservation platform found \u2014 call ahead given limited days and newness\n- Confirm the exact suite within the Fort Andross complex before going",
        "website": "https://paolos.me/"
      },
      "geometry": {
        "type": "Point",
        "coordinates": [
          -69.9669,
          43.9192
        ]
      }
    },
    {
      "type": "Feature",
      "properties": {
        "name": "Peacham Village Historic District Peacham VT",
        "icon": "scroll",
        "color": "purple",
        "detail": "Peacham Village Historic District\n\n\ud83d\udccd Peacham VT\n\nDesignated one of New England's best villages by Yankee Magazine \u2014 an iconic 1794 Federal-style church and Greek Revival homes overlooking rolling hills with White Mountains views, one of the most photographed villages in New England.\n\nTips\n- Best for a scenic drive-through and photos \u2014 quiet, residential village.\n- Combine with a Northeast Kingdom scenic loop.",
        "website": ""
      },
      "geometry": {
        "type": "Point",
        "coordinates": [
          -72.19,
          44.317
        ]
      }
    },
    {
      "type": "Feature",
      "properties": {
        "name": "Peaks Island Portland ME",
        "icon": "waves",
        "color": "purple",
        "detail": "Peaks Island\n\n\ud83d\udccd Portland ME\n\nA 20-minute Casco Bay Lines ferry ride from the Old Port delivers you to a car-free island with 3 miles of flat road looping past rocky beaches, WWII-era artillery batteries, and Portland skyline views. Bike rentals are at the ferry dock. The 5th Maine Regiment Museum and the Umbrella Cover Museum (the world's only) are unexpected delights.\n\nTips\n- Take any Casco Bay Lines ferry from the Old Port terminal \u2014 ferries run frequently in summer.\n- Rent bikes at Brad's Bike Shop, right at the dock.\n- The back shore loop past Brackett Avenue offers the best cliff and ocean views.\n- The island has no cars \u2014 this is a genuine escape even from a busy Portland day.",
        "website": ""
      },
      "geometry": {
        "type": "Point",
        "coordinates": [
          -70.1897,
          43.6584
        ]
      }
    },
    {
      "type": "Feature",
      "properties": {
        "name": "Peter Ott's on the Water Camden ME",
        "icon": "sandwich",
        "color": "purple",
        "detail": "Peter Ott's on the Water\n\n\ud83d\udccd 16 Bayview Lndg, Camden, ME\n\nA Camden institution \u2014 over 40 years serving the harbor, with panoramic water views and a menu spanning American classics: steaks, pastas, and local seafood. Rated 4.8 on Restaurant Guru across 3,155 reviews, one of the most-reviewed restaurants in town. Some reports of inconsistency (a burnt burger, thin chowder here and there) don't dent the overall reputation.\n\nMust Order\n- Lobster fettuccine alfredo\n- Lobster roll\n- Haddock sandwich\n- Steamed clams or oysters on the half shell to start\n- Sweet potato fries\n\nTips\n- Open Mon\u2013Thu 11:30am\u20139pm, Fri\u2013Sat until 10pm, Sun until 9pm.\n- Reserve ahead, especially for a water-view table: use the online booking link or call directly.\n- A dependable, crowd-pleasing pick if the group can't agree on something more adventurous \u2014 broad menu, reliable execution, real harbor views.",
        "website": "https://www.google.com/maps/place/Peter+Ott's+on+the+Water/@44.2087471,-69.064961,261m/data=!3m1!1e3!4m13!1m5!2m4!1sRestaurants!5m1!4e9!6e5!3m6!1s0x4cadd70c1ac04bc3:0xdd18fdf602b6d9e0!8m2!3d44.2094341!4d-69.0632552!15sCgtSZXN0YXVyYW50c1oNIgtyZXN0YXVyYW50c5IBEnNlYWZvb2RfcmVzdGF1cmFudJoBJENoZERTVWhOTUc5blMwVkpRMEZuU1VOd05qbHRVVEpCUlJBQuABAPoBBAgAEEo!16s%2Fg%2F1ttq1q2m?entry=ttu&g_ep=EgoyMDI2MDYwOS4wIKXMDSoASAFQAw%3D%3D"
      },
      "geometry": {
        "type": "Point",
        "coordinates": [
          -69.06324613117798,
          44.20947070860424
        ]
      }
    },
    {
      "type": "Feature",
      "properties": {
        "name": "Pizzeria Posto Rhinebeck, NY",
        "icon": "sandwich",
        "color": "purple",
        "detail": "Pizzeria Posto\n\n\ud83d\udccd Rhinebeck, NY\n\nA wood-fired Neapolitan pizza restaurant with a laser-focused menu and lovely outdoor patio.\n\nMust Order\n- Margherita \u2014 the benchmark \u2014 beautifully charred crust\n- Fennel sausage pizza \u2014 one of the signature specials\n\nTips\n- Outdoor patio is the best seat on a warm evening\n- Arrive early or expect a wait on weekends",
        "website": "https://www.google.com/maps/search/Pizzeria+Posto+Rhinebeck,+NY"
      },
      "geometry": {
        "type": "Point",
        "coordinates": [
          -73.9133,
          41.9267
        ]
      }
    },
    {
      "type": "Feature",
      "properties": {
        "name": "Plaisted Preserve",
        "icon": "landmark",
        "color": "purple",
        "detail": "",
        "website": "https://www.google.com/maps/place/Plaisted+Preserve/@44.0739557,-69.0754495,7572a,35y,2.71t/data=!3m1!1e3!4m15!1m8!3m7!1s0x4cadcc4c5f4aa20d:0x7a26e129ee369379!2sOwls+Head,+ME!3b1!8m2!3d44.082303!4d-69.0572612!16zL20vMHRxaHA!3m5!1s0x4cadcddaa640a927:0x58c83f016c0a1f25!8m2!3d44.0848238!4d-69.0624918!16s%2Fg%2F11gl20bxlh?entry=ttu&g_ep=EgoyMDI2MDcxMy4wIKXMDSoASAFQAw%3D%3D"
      },
      "geometry": {
        "type": "Point",
        "coordinates": [
          -69.141,
          44.095
        ]
      }
    },
    {
      "type": "Feature",
      "properties": {
        "name": "Pleasant Plains Presbyterian Church Clinton NY",
        "icon": "landmark",
        "color": "purple",
        "detail": "Pleasant Plains Presbyterian Church\n\n\ud83d\udccd Clinton, NY\n\nAt the (Y) intersection, this white frame Greek Revival structure is a hamlet landmark dating from the organization of the congregation in 1837. 18th- and 19th-century farms line the road to the Hollow and Hibernia Mills, a main east-west artery in this area.\n\nTips\n- Stop 13 of 26 on the Hyde Park, Clinton & Pleasant Valley Scenic Tour (Tour 3).",
        "website": ""
      },
      "geometry": {
        "type": "Point",
        "coordinates": [
          -73.8659698290167,
          41.847928649372115
        ]
      }
    },
    {
      "type": "Feature",
      "properties": {
        "name": "Polish Princess Bakery Lancaster NH",
        "icon": "coffee",
        "color": "purple",
        "detail": "Polish Princess Bakery\n\n\ud83d\udccd Lancaster NH\n\nEuropean-style bakery on Main St known for kolaches, pierogi, artisan breads, and espresso.\n\nMust Order\n- Kolaches\n- Pierogi\n\nTips\n- Good breakfast/coffee stop on the way through Lancaster.",
        "website": ""
      },
      "geometry": {
        "type": "Point",
        "coordinates": [
          -71.568,
          44.487
        ]
      }
    },
    {
      "type": "Feature",
      "properties": {
        "name": "Pomelia Brunswick ME",
        "icon": "utensils",
        "color": "purple",
        "detail": "Pomelia\n\n\ud83d\udccd 16 Station Ave, Brunswick, ME (Brunswick Station complex)\n\nFrom chef-owner Tony Bickford (previously of Wiscasset's Little Village Bistro) \u2014 genuinely distinctive modern Sicilian cooking, not standard red-sauce Italian, with roughly 70% of the menu meatless. Praised by the Portland Press Herald for making the most of Sicilian classics.\n\nMust Order\n- Arancini \u2014 saffron risotto balls, crunchy exterior, creamy interior\n- Marsala porcini pasta with pistachio\n- Panellichi \u2014 chickpea fritters on brioche slider buns\n- La Brontese focaccia pizza \u2014 pistachio, caciocavallo\n- Ragu di salsiccia \u2014 orecchiette, house-made sausage\n- Cannoli for dessert\n\nTips\n- Reservations via OpenTable or (207) 203-6593; groups of 6+ call or email mangia@pomelia.\n- Open Tue-Sat 11am-2pm and 4-8:30/9pm (closed Sun; hours vary slightly by source, confirm before going)\n- Good pre-show option for Maine State Music Theatre\n- Full bar/wine, gluten-free and vegan-friendly",
        "website": "https://pomelia.restaurant/"
      },
      "geometry": {
        "type": "Point",
        "coordinates": [
          -69.9657,
          43.9114
        ]
      }
    },
    {
      "type": "Feature",
      "properties": {
        "name": "Popham Beach State Park Phippsburg ME",
        "icon": "waves",
        "color": "purple",
        "detail": "Popham Beach State Park\n\n\ud83d\udccd 10 Perkins Farm Ln, Phippsburg, ME\n\nConsistently ranked one of the best beaches in Maine and New England \u2014 wide, clean sand, relatively uncrowded compared to southern Maine beaches, with views of offshore islands and lighthouses. At low tide you can walk out to Fox Island. Flush toilets and showers on-site.\n\nWhy go: Repeatedly ranked one of the best beaches in Maine \u2014 wide clean sand, an island you can walk to at low tide, real lighthouse/island views.\n\nWho it's for: Beach days with kids, swimmers, anyone wanting classic Maine coastline without southern Maine's crowds.\n\nLikes: Cleanliness, space, scenery, a calmer crowd compared to York/Ogunquit.\n\nDislikes: Entrance fee; parking scarce on peak summer days.\n\nTips\n- Gets crowded and parking fills up on summer weekends \u2014 arrive early\n- There's a state park entrance fee (a season pass may be worth it if visiting more than once)\n- Pair with Fort Popham, right next door at the same beach\n- Good spot for surf fishing as well as swimming/walking",
        "website": "https://www.google.com/maps/place/Popham+Beach+State+Park/@43.738436,-69.798309,15z"
      },
      "geometry": {
        "type": "Point",
        "coordinates": [
          -69.798309,
          43.738436
        ]
      }
    },
    {
      "type": "Feature",
      "properties": {
        "name": "Portland Head Light Portland ME",
        "icon": "anchor",
        "color": "purple",
        "detail": "Portland Head Light\n\n\ud83d\udccd 1000 Shore Road, Cape Elizabeth, ME (Fort Williams Park)\n\nPortland Head Light is Maine's oldest and most photographed lighthouse, commissioned in 1791 by President George Washington and first lit in 1791. It sits on a dramatic rocky headland inside Fort Williams Park in Cape Elizabeth, about 4 miles from downtown Portland.\n\nThe grounds are free to walk and open year-round. The adjacent Museum at Portland Head Light (seasonal) is housed in the former keeper's quarters.\n\nTips\n- The lighthouse exterior and park grounds are always free; the museum charges a small admission fee\n- Best light for photography is early morning or late afternoon\n- The surrounding park has great ocean views, picnic areas, and ruins of old coastal fortifications\n- Plan 45\u201360 minutes for the visit; combine with a drive along the Cape Elizabeth coast",
        "website": "https://www.google.com/maps/place/Portland+Head+Light/@43.6234,-70.2072,17z"
      },
      "geometry": {
        "type": "Point",
        "coordinates": [
          -70.2072,
          43.6234
        ]
      }
    },
    {
      "type": "Feature",
      "properties": {
        "name": "Portland Masonic Temple Portland ME",
        "icon": "star",
        "color": "purple",
        "detail": "Portland Masonic Temple\n\n\ud83d\udccd 415 Congress Street, Portland, ME\n\nThe Portland Masonic Temple at 415 Congress Street is an example of Beaux Arts Classicism commercial architecture, erected in 1911. It is home to several active Masonic organizations dedicated to preserving and restoring its incredible interior spaces.\n\nOne of the most remarkable spaces is the two-story Corinthian Hall, featuring Corinthian columns on all four walls reaching to the ceiling. The hall also houses one of Maine's largest working pipe organs \u2014 second only to the Kotzschmar Organ next door at Merrill Auditorium.\n\nHistory buff tip: Check out the Maine Masonic Civil War Library & Museum on the third floor.",
        "website": "https://www.google.com/maps/place/415+Congress+St,+Portland,+ME"
      },
      "geometry": {
        "type": "Point",
        "coordinates": [
          -70.257817,
          43.6587121
        ]
      }
    },
    {
      "type": "Feature",
      "properties": {
        "name": "Project Puffin Visitor Center",
        "icon": "landmark",
        "color": "purple",
        "detail": "",
        "website": "https://www.google.com/maps/place/Project+Puffin+Visitor+Center/@44.0995597,-69.1264774,2564m/data=!3m1!1e3!4m11!1m3!2m2!1sscenic+spot!6e1!3m6!1s0x4cadce28ab120975:0xff4ac2c6d1a25c38!8m2!3d44.1024885!4d-69.1088382!15sCgtzY2VuaWMgc3BvdFoNIgtzY2VuaWMgc3BvdJIBBm11c2V1bZoBI0NoWkRTVWhOTUc5blMwVkpRMEZuU1VOMU1qUmlRVWxuRUFF4AEA-gEFCLABEEM!16s%2Fg%2F1tjmd7w3?entry=ttu&g_ep=EgoyMDI2MDcxMy4wIKXMDSoASAFQAw%3D%3D"
      },
      "geometry": {
        "type": "Point",
        "coordinates": [
          -69.1088382,
          44.1024885
        ]
      }
    },
    {
      "type": "Feature",
      "properties": {
        "name": "Quietside Snacks Southwest Harbor ME",
        "icon": "utensils",
        "color": "purple",
        "detail": "Quiet Side Snacks is a food truck known for its delicious fried chicken sandwiches and smash burgers. It attracts a variety of customers, including tourists and locals, often looking for a casual meal during hikes or outdoor activities. The vibe is laid-back and casual, with an atmosphere that encourages customers to relax and enjoy their food. Consistent positives highlighted in reviews include the quality of food, friendly service, and a delightful outdoor space. However, some customers noted that service could be a bit slow, especially at peak times, and that the place has limited operating hours.",
        "website": "https://www.google.com/maps/place/Quietside+Snacks/@44.2514225,-68.334502,9150m/data=!3m1!1e3!4m14!1m7!3m6!1s0x4caea349426b9ac1:0x3ca9ed3a9d2836e0!2sCharlotte's+Legendary+Lobster+Pound!8m2!3d44.2446861!4d-68.2986522!16s%2Fg%2F1q6n2glpy!3m5!1s0x4caea3ecb94cd729:0x40b21d85c8f8f047!8m2!3d44.2467316!4d-68.3610792!16s%2Fg%2F11nm9njtd0?entry=ttu&g_ep=EgoyMDI2MDYxMC4wIKXMDSoASAFQAw%3D%3D"
      },
      "geometry": {
        "type": "Point",
        "coordinates": [
          -68.36096317049109,
          44.24774360949201
        ]
      }
    },
    {
      "type": "Feature",
      "properties": {
        "name": "Race Point Beach Provincetown MA",
        "icon": "waves",
        "color": "purple",
        "detail": "Race Point Beach\n\n\ud83d\udccd Provincetown MA\n\nWide, wild Atlantic-facing National Seashore beach at the very tip of the Cape \u2014 prime for seal and whale sightings from shore.\n\nTips\n- Very exposed \u2014 bring wind protection even in summer.\n- Whale spouts are sometimes visible from the beach during migration season.",
        "website": ""
      },
      "geometry": {
        "type": "Point",
        "coordinates": [
          -70.2436,
          42.0633
        ]
      }
    },
    {
      "type": "Feature",
      "properties": {
        "name": "Rail Explorers Phoenicia Phoenicia, NY",
        "icon": "star",
        "color": "purple",
        "detail": "Rail Explorers Phoenicia\n\n\ud83d\udccd Phoenicia, NY\n\nElectric-assist rail bikes gliding through the Catskills along Esopus Creek \u2014 widely called one of the most enjoyable outdoor experiences in the region.\n\nTips\n- Book at railexplorers. at least 2\u20133 weeks ahead for September weekends\n- The 6-mile round-trip takes about 2 hours; electric assist makes hills effortless\n- Helmets provided; no experience needed",
        "website": "https://www.google.com/maps/search/Rail+Explorers+Phoenicia+Phoenicia,+NY"
      },
      "geometry": {
        "type": "Point",
        "coordinates": [
          -74.3131,
          42.0847
        ]
      }
    },
    {
      "type": "Feature",
      "properties": {
        "name": "Ralston Gallery",
        "icon": "utensils",
        "color": "purple",
        "detail": "",
        "website": "https://www.google.com/maps/place/Ralston+Gallery/@44.1834243,-69.0818261,2626m/data=!3m1!1e3!4m11!1m3!2m2!1sThings+to+do!6e1!3m6!1s0x4cadd73007636b51:0xf92746392a300cf2!8m2!3d44.1876232!4d-69.0729398!15sCgxUaGluZ3MgdG8gZG9aDiIMdGhpbmdzIHRvIGRvkgEMcGhvdG9ncmFwaGVymgFEQ2k5RFFVbFJRVU52WkVOb2RIbGpSamx2VDIxek5HTXpVWGRPUjJRMFRVYzFhbFpyTlUxTlJrNVRWMFYwUlZkdVl4QULgAQD6AQUIsQIQHw!16s%2Fg%2F1hc83xqqv?entry=ttu&g_ep=EgoyMDI2MDcxMy4wIKXMDSoASAFQAw%3D%3D"
      },
      "geometry": {
        "type": "Point",
        "coordinates": [
          -69.0727936,
          44.1873577
        ]
      }
    },
    {
      "type": "Feature",
      "properties": {
        "name": "Ram & Bull Brunswick ME",
        "icon": "utensils",
        "color": "purple",
        "detail": "Ram & Bull\n\n\ud83d\udccd 123 Maine St, Brunswick, ME\n\nOpened May 2025 by restaurateurs Khristine and Zac Leeman (of two previously successful Maine restaurants) \u2014 a large modern tavern the Portland Press Herald called \"off to a strong start,\" with a kitchen doing creative twists on classic tavern food.\n\nMust Order\n- Hand-breaded cheese curds with blueberry-sriracha BBQ sauce\n- Poutine with demi-glace\n- Bangs Island mussels in garlic butter\n- Jonah crab cakes with Cajun remoulade\n- Blackened Maine haddock (singled out by the Press Herald review)\n- The \"Juicy Lucy\" burger\n\nTips\n- Reservations via Toast; takeout also available\n- Open Mon/Wed/Thu 11:30am-8pm, Fri-Sat 11:30am-9pm, Sun 11:30am-8pm; closed Tuesday",
        "website": "https://www.theramandbull.com/"
      },
      "geometry": {
        "type": "Point",
        "coordinates": [
          -69.96556,
          43.91583
        ]
      }
    },
    {
      "type": "Feature",
      "properties": {
        "name": "Rhinebeck Farmers Market Rhinebeck, NY",
        "icon": "leaf",
        "color": "purple",
        "detail": "Rhinebeck Farmers Market\n\n\ud83d\udccd Rhinebeck, NY\n\nOne of the Hudson Valley's premier farmers markets, running Sundays May through November at the East Market Street municipal lot.\n\nTips\n- Sundays 10 AM\u20132 PM \u2014 arrive early for best selection\n- Bread Alone Bakery, Migliorelli Farm, and several cheese makers are regulars\n- Park on East Market Street \u2014 lot fills by 10:30 AM",
        "website": "https://www.google.com/maps/search/Rhinebeck+Farmers+Market+Rhinebeck,+NY"
      },
      "geometry": {
        "type": "Point",
        "coordinates": [
          -73.9137,
          41.9263
        ]
      }
    },
    {
      "type": "Feature",
      "properties": {
        "name": "Rivalries Sports Pub Boynton Beach FL",
        "icon": "sandwich",
        "color": "purple",
        "detail": "Overview\nType: Sports Pub\n\nBest known for: Great service and delicious pub food.\n\nLocation context: Boynton Beach\n\nPrice level: $10\u201320 per person\n\nVisit timing: Not mentioned\n\nTypical Customers\nDemographics: Locals\n\nGroup types: Friends, couples, larger groups\n\nCommon occasions: Casual dinner, social gatherings\n\nVibe & Setting\nAtmosphere: Casual and lively\n\nNoise level: Moderate\n\nDecor & setting: Indoor seating, bar area\n\nService style: Attentive and friendly\n\nRecommended Dishes\nOverall dish consensus\nReviewers recommend the nachos, tots, and hot dog, all praised for their flavors and quality.\n\nHow \u201ctop dishes\u201d are determined\nTop dishes are chosen based on items frequently mentioned in reviews and photos, particularly those labeled as favorites by users.\n\nTop dishes to order\n| Rank | Dish         | Why it stands out                                | How often it\u2019s mentioned                | Ideal for                 |\n|------|--------------|-------------------------------------------------|---------------------------------------|---------------------------|\n| 1    | Nachos      | Delicious and popular with many patrons.        | Mentioned in many reviews             | Sharing at the table      |\n| 2    | Tots        | Crispy and well-loved by visitors.              | Appears in numerous photos            | Hearty side               |\n| 3    | Hot Dog     | A crowd favorite for its unique flavor.         | Repeatedly called out as a favorite   | Quick bite                |\n\nGood alternates / backup choices\n- Meatballs: Known for great flavor.\n- Not mentioned: Fewer clearly highlighted dishes in reviews.\n\nHighlights (non-dish positives from reviews)\nGreat atmosphere: The pub has a refreshing vibe that attracts locals looking for a good time.\nFriendly service: Staff members are attentive and enhance the dining experience.\n\nCommon Issues (from reviews)\nNot mentioned: No specific issues noted in reviews.\n\nPractical Notes\nReservation / wait: Walk-in friendly\n\nAccessibility: Not mentioned\n\nParking / transit: Not mentioned\n\nBest use case: Great for casual gatherings with friends or family.",
        "website": "https://www.google.com/maps/place/Rivalries+Sports+Pub/@26.5268015,-80.0593089,106m/data=!3m1!1e3!4m14!1m7!3m6!1s0x88d8df951215afbb:0x7f93e498ea7545d4!2sPaloma+Mexican+Restaurant!8m2!3d26.5269824!4d-80.0585403!16s%2Fg%2F11lyc85vky!3m5!1s0x88d8df5545460d8d:0xe5bc746c974be02c!8m2!3d26.5270021!4d-80.0592195!16s%2Fg%2F11z8gzzqrw?entry=ttu&g_ep=EgoyMDI2MDYxMC4wIKXMDSoASAFQAw%3D%3D"
      },
      "geometry": {
        "type": "Point",
        "coordinates": [
          -80.05921383648432,
          26.52703028645771
        ]
      }
    },
    {
      "type": "Feature",
      "properties": {
        "name": "Riverwalk Covered Bridge 1 Littleton NH",
        "icon": "landmark",
        "color": "purple",
        "detail": "Overview\nType: Historical landmark (covered bridge)\n\nBest known for: Scenic views of the Ammonoosic River and its rapids; pedestrian access from Main Street.\n\nLocation context: Located over the Ammonusuc, seconds from Main Street.\n\nPrice level: Not mentioned\n\nVisit timing: Not mentioned\n\nTypical Customers\nDemographics: Tourists and locals\n\nGroup types: Couples, families, solo visitors\n\nCommon occasions: Scenic walks, casual visits\n\nVibe & Setting\nAtmosphere: Casual, scenic\n\nNoise level: Moderate (not mentioned explicitly but implied by activity)\n\nDecor & setting: Outdoor views of the river and mountains, pedestrian bridge.\n\nService style: Not applicable (self-guided visit)\n\nRecommended Dishes\nOverall dish consensus\nFewer clearly highlighted dishes in reviews.\n\nHow \u201ctop dishes\u201d are determined\nTop dishes are based on mentions and the emphasis on specific experiences provided by visitors, such as views and accessibility rather than food.\n\nTop dishes to order\n| Rank | Dish         | Why it stands out                                   | How often it\u2019s mentioned      | Ideal for                |\n|------|--------------|----------------------------------------------------|-------------------------------|--------------------------|\n| 1    | Not applicable | Scenic views, great walking experience          | Not applicable               | Leisurely visit         |\n\nGood alternates / backup choices\nNot applicable.\n\nHighlights (non\u2011dish positives from reviews)\nBeautiful views: Visitors enjoy stunning views of the river and surrounding landscape from the bridge.\n\nGreat for walking: The area is popular for walking, with direct public access from Main Street.\n\nCommon Issues (from reviews)\nNot applicable.\n\nPractical Notes\nReservation / wait: Not applicable (self-guided)\n\nAccessibility: Public stairs lead to the bridge, easy access for pedestrians.\n\nParking / transit: Nearby parking available.\n\nBest use case: Great for a scenic walk as part of a day trip.",
        "website": "https://www.google.com/maps/place/Riverwalk+Covered+Bridge/@44.3052119,-71.77248,251m/data=!3m1!1e3!4m15!1m8!3m7!1s0x4cb469b6187f15c7:0xa9594392bb590b7f!2sLittleton,+NH+03561!3b1!8m2!3d44.3060969!4d-71.7703012!16zL20vMDFtOTV0!3m5!1s0x4cb46f320cf4c51f:0xe814ab6e55c1c851!8m2!3d44.3058618!4d-71.7732246!16s%2Fg%2F11dfq2vc4l?entry=ttu&g_ep=EgoyMDI2MDYxMy4wIKXMDSoASAFQAw%3D%3D"
      },
      "geometry": {
        "type": "Point",
        "coordinates": [
          -71.77325688140945,
          44.305895913455565
        ]
      }
    },
    {
      "type": "Feature",
      "properties": {
        "name": "Rockland Breakwater Lighthouse Rockland ME",
        "icon": "anchor",
        "color": "purple",
        "detail": "Rockland Breakwater Lighthouse\n\n\ud83d\udccd Rockland ME\n\nWalk 7/8 of a mile out into Rockland Harbor on a narrow granite block breakwater \u2014 completely exposed to the bay, with lobster boats and schooners passing on either side \u2014 to reach a 1902 lighthouse still in active service. One of the most distinctive walking experiences in coastal Maine. The return walk faces the Camden Hills.\n\nTips\n- Allow 45\u201360 minutes for the round trip.\n- The breakwater is unprotected \u2014 wear layers even in August.\n- The lighthouse keeper's house is occasionally open for tours on weekend afternoons.\n- Park at Samoset Resort or Breakwater Park at the end of Samoset Road.",
        "website": ""
      },
      "geometry": {
        "type": "Point",
        "coordinates": [
          -69.0756,
          44.1055
        ]
      }
    },
    {
      "type": "Feature",
      "properties": {
        "name": "Rockland Breakwater Lighthouse",
        "icon": "landmark",
        "color": "purple",
        "detail": "",
        "website": "https://www.google.com/maps/place/Rockland+Breakwater+Lighthouse/@44.0854401,-69.2008324,18853m/data=!3m1!1e3!4m13!1m5!2m4!1sattractions!5m1!4e9!6e1!3m6!1s0x4cadd1fd0bc9cef3:0x87c69201b34f76b5!8m2!3d44.1040544!4d-69.0774748!15sCgthdHRyYWN0aW9uc1oNIgthdHRyYWN0aW9uc5IBEnRvdXJpc3RfYXR0cmFjdGlvbpoBRENpOURRVWxSUVVOdlpFTm9kSGxqUmpsdlQyMXdjRTFYVGpCT01uaExXVlU1VldOR1pFcFdWWEJWVFVaTk1GZFdSUkFC4AEA-gEECAAQMw!16s%2Fm%2F025_qmf?entry=ttu&g_ep=EgoyMDI2MDcxMy4wIKXMDSoASAFQAw%3D%3D"
      },
      "geometry": {
        "type": "Point",
        "coordinates": [
          -69.0774748,
          44.1040544
        ]
      }
    },
    {
      "type": "Feature",
      "properties": {
        "name": "Rockland Harbor Trail",
        "icon": "landmark",
        "color": "purple",
        "detail": "",
        "website": "https://www.google.com/maps/place/Rockland+Harbor+Trail/@44.0995839,-69.1264774,2564m/data=!3m1!1e3!4m11!1m3!2m2!1seasy+hike!6e1!3m6!1s0x4cadcf94fb47e783:0x4e0c3cece8209f5!8m2!3d44.0994847!4d-69.1072097!15sCgllYXN5IGhpa2VaCyIJZWFzeSBoaWtlkgEEcGFya5oBI0NoWkRTVWhOTUc5blMwVkpRMEZuU1VSdWEyWlFZMEZuRUFF4AEA-gEECFsQEg!16s%2Fg%2F11h77t_j8k?entry=ttu&g_ep=EgoyMDI2MDcxMy4wIKXMDSoASAFQAw%3D%3D"
      },
      "geometry": {
        "type": "Point",
        "coordinates": [
          -69.1072097,
          44.0994847
        ]
      }
    },
    {
      "type": "Feature",
      "properties": {
        "name": "Rockport Marine Park",
        "icon": "utensils",
        "color": "purple",
        "detail": "",
        "website": "https://www.google.com/maps/place/Rockport+Marine+Park/@44.1834243,-69.0818261,2626m/data=!3m1!1e3!4m11!1m3!2m2!1sThings+to+do!6e1!3m6!1s0x4cadd7805a766ead:0xef87115c1de3f64a!8m2!3d44.185528!4d-69.0743781!15sCgxUaGluZ3MgdG8gZG9aDiIMdGhpbmdzIHRvIGRvkgEEcGFya5oBI0NoWkRTVWhOTUc5blMwVkpRMEZuU1VOc01tRnBUV1YzRUFF4AEA-gEFCNABEDY!16s%2Fg%2F11j37c9_rd?entry=ttu&g_ep=EgoyMDI2MDcxMy4wIKXMDSoASAFQAw%3D%3D"
      },
      "geometry": {
        "type": "Point",
        "coordinates": [
          -69.0722033,
          44.1875205
        ]
      }
    },
    {
      "type": "Feature",
      "properties": {
        "name": "Round Pond Lobster Bristol ME",
        "icon": "sandwich",
        "color": "purple",
        "detail": "Round Pond Lobster\n\n\ud83d\udccd Round Pond, Bristol, ME\n\nA seafood restaurant offering fresh lobsters, clams, and beer, with meal deals around $34. Open for lunch and dinner until 7 PM, and serves alcohol.\n\nTips\n- Expect long waits at peak times given the demand.",
        "website": ""
      },
      "geometry": {
        "type": "Point",
        "coordinates": [
          -69.45874893185821,
          43.94546530139437
        ]
      }
    },
    {
      "type": "Feature",
      "properties": {
        "name": "Saint-Gaudens National Historical Park Woodstock VT",
        "icon": "scroll",
        "color": "purple",
        "detail": "",
        "website": ""
      },
      "geometry": {
        "type": "Point",
        "coordinates": [
          -72.3687582,
          43.5003232
        ]
      }
    },
    {
      "type": "Feature",
      "properties": {
        "name": "Salt + Pepper Social Newcastle ME",
        "icon": "utensils",
        "color": "purple",
        "detail": "Salt + Pepper Social\n\n\ud83d\udccd 67 Main St, Newcastle, ME\n\nAn elevated plant-based restaurant, gourmet vegan market, and cafe/bakery right on the Damariscotta River, established 2022. Fully seasonal menu \u2014 rotating breakfast, lunch, and dinner built around the freshest local and organic produce, plus in-house baked goods. Seating is on an enclosed river-view deck and shelled patio, or indoors at the bar and market space. Described as a beloved community gathering spot with nearly perfect reviews \u2014 not just \"good for vegan,\" genuinely well-regarded on its own terms.\n\nMust Order\n- Spinach artichoke dip with focaccia\n- Zucchini chocolate cake\n\nTips\n- Fully vegan \u2014 worth knowing going in if the group isn't plant-based by default, but reviews suggest it wins over non-vegans too.\n- The river-view deck seating is the draw when weather allows \u2014 ask for it.\n- Also functions as a market/bakery, so it's worth a stop even outside a full meal if you want provisions for the road.\n- Operates seasonally \u2014 confirm hours before planning around it.",
        "website": "https://sp-foods.com/"
      },
      "geometry": {
        "type": "Point",
        "coordinates": [
          -69.5361743,
          44.0342085
        ]
      }
    },
    {
      "type": "Feature",
      "properties": {
        "name": "Salt Pond Visitor Center Eastham MA",
        "icon": "waves",
        "color": "purple",
        "detail": "Salt Pond Visitor Center\n\n\ud83d\udccd Eastham MA\n\nMain Cape Cod National Seashore visitor center with exhibits, ranger programs, films, and trailheads for multiple park trails.\n\nTips\n- Start any Cape Cod National Seashore day here \u2014 rangers are excellent.\n- The Salt Pond Trail and Nauset Marsh Trail depart from the visitor center.",
        "website": ""
      },
      "geometry": {
        "type": "Point",
        "coordinates": [
          -69.9692,
          41.8328
        ]
      }
    },
    {
      "type": "Feature",
      "properties": {
        "name": "Sand Beach Acadia National Park ME",
        "icon": "waves",
        "color": "purple",
        "detail": "Sand Beach\n\n\ud83d\udccd Acadia National Park ME\n\nThe only sand beach in Acadia National Park \u2014 every other shoreline is granite. The crescent of sand is formed primarily from crushed shells and sea organisms rather than quartz, giving it a pinkish cast. Surrounded by pink granite headlands, with Great Head rising on the east end. Water temperature rarely exceeds 55\u00b0F even in August.\n\nTips\n- Arrive early \u2014 the small parking area fills completely by 9am in peak season.\n- The Great Head Trail begins at the east end of the beach and loops the headland (1.4 miles) with dramatic cliff-top views.\n- The Beehive Trail starts from the same parking area \u2014 combine for a full morning.\n- The water is genuinely cold \u2014 most people wade rather than swim.",
        "website": ""
      },
      "geometry": {
        "type": "Point",
        "coordinates": [
          -68.1874,
          44.3241
        ]
      }
    },
    {
      "type": "Feature",
      "properties": {
        "name": "Saugerties Lighthouse Saugerties, NY",
        "icon": "anchor",
        "color": "purple",
        "detail": "Saugerties Lighthouse\n\n\ud83d\udccd Saugerties, NY\n\nAn 1869 lighthouse accessible only by a half-mile tidal path through a nature preserve along the Hudson \u2014 also functions as a B&B with two rooms.\n\nTips\n- Check tide tables before visiting \u2014 the path floods at high tide; plan within 2 hours of low tide\n- Free parking at the trailhead off Lighthouse Drive\n- Book one of the two B&B rooms for a genuinely unique overnight",
        "website": "https://www.google.com/maps/search/Saugerties+Lighthouse+Saugerties,+NY"
      },
      "geometry": {
        "type": "Point",
        "coordinates": [
          -73.9459,
          42.0764
        ]
      }
    },
    {
      "type": "Feature",
      "properties": {
        "name": "Scargo Dennis MA",
        "icon": "sandwich",
        "color": "purple",
        "detail": "Overview\nType: American restaurant\n\nBest known for: Great ambience and quality seafood dishes.\n\nLocation context: Cape Cod area\n\nPrice level: $20\u201360 per person\n\nVisit timing: Open daily from 11 AM to 9 PM \n\nTypical Customers\nDemographics: Popular among locals and tourists\n\nGroup types: Couples, families, groups\n\nCommon occasions: Casual dinner, date night\n\nVibe & Setting\nAtmosphere: Cozy, lively with a friendly staff\n\nNoise level: Moderate\n\nDecor & setting: Indoor seating, bar area\n\nService style: Attentive and friendly\n\nRecommended Dishes\nOverall dish consensus\nReviewers highly recommend the Tuna Martini, Lobster Mac n' Cheese, and the Chowder. These items consistently receive positive remarks for their quality and flavor.\n\nHow \u201ctop dishes\u201d are determined\nTop dishes are chosen based on mentions in reviews, popularity in photos, and repeated strong endorsements from diners on the Google Maps page.\n\n| Rank | Dish                          | Why it stands out                                   | How often it\u2019s mentioned      | Ideal for            |\n|------|-------------------------------|---------------------------------------------------|------------------------------|----------------------|\n| 1    | Tuna Martini                 | Praised for its unique flavor and presentation.    | Mentioned in many reviews    | Sharing at the table |\n| 2    | Lobster Mac n' Cheese        | Known for its rich taste and generous portion.     | Repeatedly called out as a favorite | Hearty main        |\n| 3    | Clam Chowder                 | Celebrated for its comforting and creamy texture.   | Appears in numerous photos   | Comfort food         |\n\nGood alternates / backup choices\n- Shrimp Scampi Flatbread: Noted for its delicious combination of flavors.\n- Fritto Misto: Enjoyed for being crispy and light.\n\nHighlights (non-dish positives from reviews)\nPositive staff interactions: Many reviewers commend the friendly and attentive service.\n\nLively bar atmosphere: The bar area is often described as vibrant and a pleasant place to wait for a table.\n\nCommon Issues (from reviews)\nBusy times: The restaurant can get crowded, especially on weekends and holidays.\n\nPractical Notes\nReservation / wait: Walk-in friendly but may experience longer waits during peak times.\n\nAccessibility: Not mentioned.\n\nParking / transit: Not mentioned.\n\nBest use case: Great for a casual date night or family dinner.",
        "website": "https://www.google.com/maps/place/Scargo/@41.7387901,-70.1935138,820m/data=!3m2!1e3!4b1!4m6!3m5!1s0x89fb3880c4ab1199:0x477389cf32bf3ca5!8m2!3d41.7387861!4d-70.1909389!16s%2Fg%2F1tnpggwp?entry=ttu&g_ep=EgoyMDI2MDYxMC4wIKXMDSoASAFQAw%3D%3D"
      },
      "geometry": {
        "type": "Point",
        "coordinates": [
          -70.1909176042584,
          41.73871399508682
        ]
      }
    },
    {
      "type": "Feature",
      "properties": {
        "name": "Schilling Beer Co. Littleton NH",
        "icon": "beer",
        "color": "purple",
        "detail": "Overview\nType: Brewery and Restaurant\n\nBest known for: Wood-fired pizza and a cozy atmosphere.\n\nLocation context: Littleton, NH.\n\nPrice level: Not mentioned.\n\nVisit timing: Not mentioned.\n\nTypical Customers\nDemographics: Tourists and locals, couples.\n\nGroup types: Couples and friends.\n\nCommon occasions: Casual dinner and date night.\n\nVibe & Setting\nAtmosphere: Casual and cozy.\n\nNoise level: Moderate.\n\nDecor & setting: Indoor seating with a homey feel.\n\nService style: Friendly and attentive.\n\nRecommended Dishes\nOverall dish consensus\nReviewers highly recommend the wood-fired pizzas, especially those with unique toppings such as chicken, bacon, apples, and maple syrup.\n\nHow \u201ctop dishes\u201d are determined\nTop dishes are selected based on mentions in reviews and the menu. Popular items are highlighted through frequent praise and visual representation in customer photos.\n\n| Rank | Dish               | Why it stands out                       | How often it\u2019s mentioned                     | Ideal for           |\n|------|--------------------|----------------------------------------|----------------------------------------------|---------------------|\n| 1    | Gabagool pizza     | Unique flavor combination; very tasty. | Repeatedly called out as a favorite.       | Sharing at the table|\n| 2    | Bratwurst plate    | Delicious and well-prepared.          | Mentioned in some reviews.                    | Hearty main        |\n| 3    | Wood-fired pizza    | High quality and comforting.          | Appears in numerous photos.                   | Casual dinner      |\n\nGood alternates / backup choices\n- Pretzel roll: Crispy outside, soft inside, praised for its texture.\n- Chicken, bacon, and apple pizza: Noted for its sweet and savory mix.\n\nHighlights (non\u2011dish positives from reviews)\nAtmosphere: The brewery offers a cozy home-like feel which is appreciated by patrons.\n\nCustomer Service: Guests frequently comment on the friendly and knowledgeable staff.\n\nCommon Issues (from reviews)\nWait times: Some reviews mention longer wait times during busy periods, especially weekends.\n\nPractical Notes\nReservation / wait: Walk-in friendly; not mentioned if reservations are needed.\n\nAccessibility: Not mentioned.\n\nParking / transit: Not mentioned.\n\nBest use case: Great for casual dinners with friends or a date night.",
        "website": "https://www.google.com/maps/place/Schilling+Beer+Co./@44.305925,-71.7758702,874m/data=!3m1!1e3!4m6!3m5!1s0x4cb46f2e07241205:0xe617d706cfd9dc28!8m2!3d44.3059539!4d-71.7728488!16s%2Fg%2F11b5pjxgby?entry=ttu&g_ep=EgoyMDI2MDYxMy4wIKXMDSoASAFQAw%3D%3D"
      },
      "geometry": {
        "type": "Point",
        "coordinates": [
          -71.77291695693448,
          44.305895351715726
        ]
      }
    },
    {
      "type": "Feature",
      "properties": {
        "name": "Schoodic Point Winter Harbor ME",
        "icon": "mountain",
        "color": "purple",
        "detail": "Schoodic Point\n\n\ud83d\udccd Schoodic Peninsula, Winter Harbor, ME\n\nThe southern tip of the Schoodic Peninsula, and the highlight of Acadia's mainland district. Glowing pink granite slopes into the sea, laced with dark basaltic dikes that forced their way through the older rock \u2014 some of the best-exposed dikes on the Maine coast. During rough seas, waves shoot through fractures in the granite in dramatic geysers, similar to Thunder Hole but on a grander, less crowded scale.\n\nTips\n- Rogue waves happen without warning and can sweep people off the rocks \u2014 stay well back from the water's edge, especially in rough conditions.\n- Far less crowded than Mount Desert Island's equivalent spots \u2014 one of the best reasons to make the detour out to Schoodic.\n- Wet granite is extremely slippery; watch footing even on calm days.",
        "website": "https://www.google.com/maps/search/?api=1&query=44.3324%2C%20-68.0611"
      },
      "geometry": {
        "type": "Point",
        "coordinates": [
          -68.0611,
          44.3324
        ]
      }
    },
    {
      "type": "Feature",
      "properties": {
        "name": "Schooner Head Overlook and Anemone Cave Acadia National Park ME",
        "icon": "mountain",
        "color": "purple",
        "detail": "Schooner Head Overlook / Anemone Cave\n\n\ud83d\udccd Schooner Head Road, Acadia National Park, ME\n\nA dramatic cliff-top viewpoint named for a rock formation resembling a schooner's bow, with views out to Egg Rock Light and across Frenchman Bay. Below the cliffs sits Anemone Cave, historically a spot to view tide pools and sea anemones at low tide.\n\nTips\n- The overlook itself is a quick, easy roadside stop with a short walk from the parking area.\n- Anemone Cave access has become discouraged/hazardous due to erosion in recent years \u2014 verify current NPS guidance before attempting the scramble down; the overlook alone is worth the stop regardless.",
        "website": "https://www.google.com/maps/search/?api=1&query=44.3456%2C%20-68.1761"
      },
      "geometry": {
        "type": "Point",
        "coordinates": [
          -68.1761,
          44.3456
        ]
      }
    },
    {
      "type": "Feature",
      "properties": {
        "name": "Scott's Place Camden ME",
        "icon": "sandwich",
        "color": "purple",
        "detail": "Scott's Place\n\n\ud83d\udccd Reny's Plaza, Route 1, Camden, ME (just south of town center)\n\nA Camden takeout institution since 1974 \u2014 a wide-ranging lunch menu of hot and cold sandwiches, lobster rolls, cheeseburgers, hot dogs, wraps, onion rings, and fries, served from a stand in the Reny's parking lot. Rated 4.7. Cash only, open year-round with reduced winter hours. Picnic tables on site, plenty of free parking.\n\nMust Order\n- Lobster roll\n- Burgers \u2014 specifically praised alongside the lobster roll as the standout dishes\n\nTips\n- Cash only \u2014 no cards, plan accordingly.\n- Some reviews note portions run a bit small for the price \u2014 go in expecting a quick, affordable bite rather than a huge meal.\n- Good option to grab food and eat at the picnic tables rather than sit-down dining.",
        "website": "https://www.google.com/maps/place/Scott's+Place/@44.2054774,-69.081107,1704m/data=!3m2!1e3!5s0x4cadd71294e68da5:0xc50270c1eb079b5e!4m6!3m5!1s0x4cadd712e17a5063:0xf71f89cb5d1190ad!8m2!3d44.2054769!4d-69.0708896!16s%2Fg%2F1tm880cr?entry=ttu&g_ep=EgoyMDI2MDYxMC4wIKXMDSoASAFQAw%3D%3D"
      },
      "geometry": {
        "type": "Point",
        "coordinates": [
          -69.07101906786502,
          44.20576718511738
        ]
      }
    },
    {
      "type": "Feature",
      "properties": {
        "name": "Siren & Sailor Bar Harbor ME",
        "icon": "sandwich",
        "color": "purple",
        "detail": "",
        "website": "https://www.google.com/maps/place/Siren+%26+Sailor/@44.3904776,-68.2064091,213m/data=!3m1!1e3!4m13!1m5!2m4!1sRestaurants!5m1!4e9!6e5!3m6!1s0x4caebf370c0740b3:0xdb73b4cea732bfb9!8m2!3d44.3908602!4d-68.2052367!15sCgtSZXN0YXVyYW50c1oNIgtyZXN0YXVyYW50c5IBCnJlc3RhdXJhbnSaAURDaTlEUVVsUlFVTnZaRU5vZEhsalJqbHZUMjA1TTFKRlJreGFSR3cyVlZaT1YyRkZiR1prVmpsNFlXeENUbFV4UlJBQuABAPoBBAgAEDY!16s%2Fg%2F11n40qmwxm?entry=ttu&g_ep=EgoyMDI2MDYxMC4wIKXMDSoASAFQAw%3D%3D"
      },
      "geometry": {
        "type": "Point",
        "coordinates": [
          -68.20523168110383,
          44.3908871605998
        ]
      }
    },
    {
      "type": "Feature",
      "properties": {
        "name": "Smashed Burgers & Brews Damariscotta ME",
        "icon": "utensils",
        "color": "purple",
        "detail": "Smashed Burgers & Brews\n\n\ud83d\udccd 85 Parking Lot Lane, Damariscotta, ME\n\nA casual burger-and-brews spot known for its smashed-burger technique and house-made components \u2014 bacon jam, herb cheese, thick-cut house corned beef for the Reuben. Also does fish and chips, a Haddock Rachel, pizza, and wings. Reviewers consistently call out prompt, friendly, knowledgeable service and generous portions at reasonable prices, with a happy hour that makes an evening out especially affordable.\n\nMust Order\n- French Herb Burger \u2014 topped with bacon jam and herb cheese, both house-made\n- Reuben \u2014 thick-cut house-made corned beef\n- Haddock Rachel\n\nTips\n- Happy hour is worth timing your visit around if you're budget-conscious.\n- Good option if the group wants a casual, no-fuss meal after an active day rather than a sit-down dinner.",
        "website": ""
      },
      "geometry": {
        "type": "Point",
        "coordinates": [
          -69.5324873,
          44.0323507
        ]
      }
    },
    {
      "type": "Feature",
      "properties": {
        "name": "Smugglers Notch Stowe VT",
        "icon": "mountain",
        "color": "purple",
        "detail": "Smugglers Notch\n\n\ud83d\udccd Stowe VT\n\nRoute 108 north of Stowe squeezes through a boulder-strewn mountain pass so narrow that large vehicles cannot make it through. During the Revolution and Prohibition, the notch served as a smuggling corridor to Canada \u2014 too tight and remote for authorities. The road winds between boulders the size of houses that fell from the cliffs above and were never cleared. The 10-mile drive to Jeffersonville and back is one of the most dramatic short excursions in Vermont.\n\nTips\n- Route 108 through the Notch is closed in winter \u2014 accessible only from late May through October.\n- The road is too narrow for RVs, trailers, or buses \u2014 car only.\n- Several pullouts allow you to stop and walk among the enormous fallen boulders.\n- The road continues to Smugglers Notch Resort and the village of Jeffersonville \u2014 a pleasant destination for lunch.\n- The pass peaks at 2,162 feet \u2014 noticeably cooler than Stowe village.",
        "website": ""
      },
      "geometry": {
        "type": "Point",
        "coordinates": [
          -72.7912,
          44.5563
        ]
      }
    },
    {
      "type": "Feature",
      "properties": {
        "name": "Sojourner Truth Statue Poughkeepsie NY",
        "icon": "landmark",
        "color": "purple",
        "detail": "Sojourner Truth Statue\n\n\ud83d\udccd 87 Haviland Rd, Poughkeepsie, NY\n\nA historical landmark memorializing Sojourner Truth. Open 24 hours; not a food establishment.\n\nTips\n- Visitors often come to learn about Sojourner Truth's legacy and significance to the region.",
        "website": ""
      },
      "geometry": {
        "type": "Point",
        "coordinates": [
          -73.9545231,
          41.7105539
        ]
      }
    },
    {
      "type": "Feature",
      "properties": {
        "name": "Sour\u2019s Taverna Littleton NH",
        "icon": "sandwich",
        "color": "purple",
        "detail": "Overview\nType: Tapas Restaurant  \nBest known for: Amazing food and service; Unique Greek take on tapas.  \nLocation context: Not mentioned  \nPrice level: $20\u201360  \nVisit timing: Not mentioned  \n\nTypical Customers\nDemographics: Mix of locals and tourists  \nGroup types: Couples, friends, families, small groups  \nCommon occasions: Casual dinner, date night  \n\nVibe & Setting\nAtmosphere: Cozy and intimate  \nNoise level: Moderate  \nDecor & setting: Indoor seating, good lighting for dates  \nService style: Attentive and friendly  \n\nRecommended Dishes\nOverall dish consensus  \nReviewers highly recommend dishes like Crispy lamb belly and lamb neck tortellini for their distinctive flavors and execution.  \n\nHow \u201ctop dishes\u201d are determined  \nTop dishes are chosen based on popular mentions in the reviews, frequent appearances in photos, and repeated strong praise regarding flavor and execution.  \n\n| Rank | Dish                             | Why it stands out                                  | How often it\u2019s mentioned         | Ideal for               |\n|------|----------------------------------|---------------------------------------------------|----------------------------------|-------------------------|\n| 1    | Crispy lamb belly                | Notable for its crispy texture and delicious flavor.| Mentioned in many reviews      | Hearty sharing option   |\n| 2    | Lamb neck tortellini             | Praised for unique taste and great execution.      | Repeatedly called out as a favorite | Date night, sharing     |\n| 3    | Bluefin tuna crudo               | Acclaimed for fresh flavors and presentation.     | Appears in numerous photos      | Lighter option          |\n\nGood alternates / backup choices\n- Pita bread with dips: Frequently mentioned for being a comforting shareable item.  \n- Roasted Brussels sprouts: Noted for their generous portion.  \n\nHighlights (non-dish positives from reviews)\nPositive service: Reviewers consistently mention attentive and friendly service contributing to a pleasant dining experience.  \nAtmosphere: The cozy and intimate setting is ideal for dates and gatherings.  \n\nCommon Issues (from reviews)\nBusy times: Not mentioned  \nWait times: Not mentioned  \n\nPractical Notes\nReservation / wait: Not mentioned  \nAccessibility: Not mentioned  \nParking / transit: Not mentioned  \nBest use case: Best for date nights or casual gatherings with friends.",
        "website": "https://www.google.com/maps/place/Sour%E2%80%99s+Taverna/@44.3066856,-71.775871,391m/data=!3m2!1e3!5s0x4cb46f2d76521e09:0xcacbc94895ffeb0d!4m14!1m7!3m6!1s0x4cb46f2d8d8d7741:0x655c417a30beacd!2sChang+Thai+Cafe!8m2!3d44.3066109!4d-71.7731008!16s%2Fg%2F1tg34trv!3m5!1s0x4cb46fe664b6746f:0xe7536e84b280f790!8m2!3d44.3066851!4d-71.7745719!16s%2Fg%2F11w9yznk5d?entry=ttu&g_ep=EgoyMDI2MDYxMy4wIKXMDSoASAFQAw%3D%3D"
      },
      "geometry": {
        "type": "Point",
        "coordinates": [
          -71.7731008,
          44.3066109
        ]
      }
    },
    {
      "type": "Feature",
      "properties": {
        "name": "Spare Time Pizza Pub Colebrook NH",
        "icon": "sandwich",
        "color": "purple",
        "detail": "Spare Time Pizza Pub\n\n\ud83d\udccd Colebrook NH\n\nLocally loved pizza pub in downtown Colebrook.\n\nMust Order\n- \n\nTips\n- Casual stop if up in the far North Country.",
        "website": ""
      },
      "geometry": {
        "type": "Point",
        "coordinates": [
          -71.497,
          44.897
        ]
      }
    },
    {
      "type": "Feature",
      "properties": {
        "name": "Spettro Poughkeepsie NY",
        "icon": "utensils",
        "color": "purple",
        "detail": "Overview\nType: Restaurant\n\nBest known for: Amazing food and atmosphere; Modern Italian cuisine.\n\nLocation context: Not mentioned\n\nPrice level: $20\u201330 per person\n\nVisit timing: Not mentioned\n\nTypical Customers\nDemographics: Not mentioned\n\nGroup types: Couples, friends, families\n\nCommon occasions: Brunch, special occasions, casual dinner\n\nVibe & Setting\nAtmosphere: Cozy, modern, casual\n\nNoise level: Moderate\n\nDecor & setting: Indoor seating\n\nService style: Attentive and friendly\n\nRecommended Dishes\nOverall dish consensus\nDishes like \"Onion Soup\" and pizza have received praise for their flavors and quality from reviewers, highlighting an enjoyable dining experience.\n\nHow \u201ctop dishes\u201d are determined\nTop dishes are identified based on their frequency in reviews and menu mentions, along with strong praise from diners in their comments. \n\n| Rank | Dish          | Why it stands out                               | How often it\u2019s mentioned              | Ideal for                  |\n|------|---------------|-------------------------------------------------|------------------------------------|----------------------------|\n| 1    | Onion Soup    | Rich flavor, well-liked by many diners.       | Mentioned in numerous reviews       | Sharing at the table       |\n| 2    | Pizza         | Noted for excellent dough and toppings.       | Appears in numerous photos         | Hearty main                |\n| 3    | Prosciutto    | Delicious pairing with various dishes.        | Repeatedly called out as a favorite | Lighter option             |\n\nGood alternates / backup choices\n- Calamari: Praised for its texture and flavor.\n\nHighlights (non-dish positives from reviews)\nFlavors and Portions: Reviewers mentioned that dishes range from appetizers to desserts, consistently offering bold flavors and generous portions.\n\nAtmosphere: The restaurant's vibe is described as cozy with low lighting, contributing to a pleasant dining experience.\n\nCommon Issues (from reviews)\nService inconsistencies: Some diners reported mixed experiences with staff friendliness, particularly during busy times.\n\nPractical Notes\nReservation / wait: Reservations encouraged for busy times.\n\nAccessibility: Not mentioned\n\nParking / transit: Not mentioned\n\nBest use case: Ideal for date nights or casual dining with friends.",
        "website": "https://www.google.com/maps/place/Spettro/@41.6920833,-73.8996782,828m/data=!3m2!1e3!4b1!4m6!3m5!1s0x89dd3f746a6c3633:0x2b2a1ad64202f32e!8m2!3d41.6920833!4d-73.8971033!16s%2Fg%2F11vb_35zhv?entry=ttu&g_ep=EgoyMDI2MDYxMy4wIKXMDSoASAFQAw%3D%3D"
      },
      "geometry": {
        "type": "Point",
        "coordinates": [
          -73.89704579316049,
          41.69201532010042
        ]
      }
    },
    {
      "type": "Feature",
      "properties": {
        "name": "Spring Street Eatery",
        "icon": "wine",
        "color": "purple",
        "detail": "",
        "website": "https://www.google.com/maps/place/Spring+Street+Eatery/@44.4221712,-69.0166066,2023m/data=!3m1!1e3!4m13!1m5!2m4!1sRestaurants!5m1!4e9!6e5!3m6!1s0x4cae6f00561b029f:0x7f8aa246e2d1177d!8m2!3d44.4270204!4d-69.0036792!15sCgtSZXN0YXVyYW50c1oNIgtyZXN0YXVyYW50c5IBCnJlc3RhdXJhbnSaAURDaTlEUVVsUlFVTnZaRU5vZEhsalJqbHZUMnhLUldWWVFsQlVWVXBhVDBWV1dVMVdSa05oVlU1WVdtczRNVlJ1WXhBQuABAPoBBAhAEEA!16s%2Fg%2F11mdxmd846?entry=ttu&g_ep=EgoyMDI2MDcxMy4wIKXMDSoASAFQAw%3D%3D"
      },
      "geometry": {
        "type": "Point",
        "coordinates": [
          -69.00365486924703,
          44.427194363444094
        ]
      }
    },
    {
      "type": "Feature",
      "properties": {
        "name": "Sterling Ridge Resort Cambridge VT",
        "icon": "hotel",
        "color": "purple",
        "detail": "Sterling Ridge Resort\n\n\ud83d\udccd Jeffersonville, Cambridge, VT\n\nA resort in Jeffersonville with cabin and log-home-style accommodations, well positioned between Stowe and Smugglers' Notch for skiing, hiking, and general Lamoille Valley exploring.\n\nTips\n- A good lodging base if splitting time between Stowe's east side and the Smugglers' Notch/Jeffersonville area.",
        "website": "https://www.google.com/maps/search/?api=1&query=44.6365%2C%20-72.8097"
      },
      "geometry": {
        "type": "Point",
        "coordinates": [
          -72.8097,
          44.6365
        ]
      }
    },
    {
      "type": "Feature",
      "properties": {
        "name": "Storm King Art Center New Windsor NY",
        "icon": "landmark",
        "color": "purple",
        "detail": "Storm King Art Center\n\n\ud83d\udccd New Windsor NY\n\n500 acres of rolling Hudson Valley farmland and forest installed with large-scale sculpture by the most significant artists of the 20th and 21st centuries: Alexander Calder's monumental stabiles, Mark di Suvero's soaring steel constructions, Isamu Noguchi's granite works, Maya Lin's earthwork Wave Field, and Richard Serra's massive curved Cor-Ten steel walls emerging from hillsides. You discover the works while walking through a landscape \u2014 a fundamentally different experience from any indoor museum.\n\nTips\n- Open Apr\u2013Nov; closed Dec\u2013Mar.\n- The tram covers the full 500 acres \u2014 take it first to orient, then walk back to what interested you.\n- The Serra pieces on the hillside above the main meadow are among his finest outdoor works.\n- Allow 3\u20134 hours minimum; many people spend a full day.\n- Picnicking is permitted and encouraged \u2014 bring lunch and eat among the Calders.",
        "website": ""
      },
      "geometry": {
        "type": "Point",
        "coordinates": [
          -74.0192,
          41.4142
        ]
      }
    },
    {
      "type": "Feature",
      "properties": {
        "name": "Stowe Pinnacle Trail Stowe VT",
        "icon": "mountain",
        "color": "purple",
        "detail": "Stowe Pinnacle Trail\n\n\ud83d\udccd Stowe VT\n\nChallenging 3.3-mile out-and-back to an open summit with sweeping panoramic views \u2014 one of the most-reviewed trails in Vermont and #1 activity in Stowe.\n\nTips\n- Allow 2.5\u20133 hours round trip.\n- The open meadow summit is the reward \u2014 clear days show Mount Mansfield and the Green Mountains.",
        "website": ""
      },
      "geometry": {
        "type": "Point",
        "coordinates": [
          -72.6679,
          44.4389
        ]
      }
    },
    {
      "type": "Feature",
      "properties": {
        "name": "Sub Somboon Street Food",
        "icon": "sandwich",
        "color": "purple",
        "detail": "",
        "website": "https://www.google.com/maps/place/Sub+Somboon+Street+Food/@44.08514,-69.200832,18853m/data=!3m1!1e3!4m13!1m5!2m4!1sRestaurants!5m1!4e9!6e5!3m6!1s0x4cadd12c646a2cd5:0x33d882d9b631d4d7!8m2!3d44.1295764!4d-69.0952048!15sCgtSZXN0YXVyYW50c1oNIgtyZXN0YXVyYW50c5IBCnJlc3RhdXJhbnSaAURDaTlEUVVsUlFVTnZaRU5vZEhsalJqbHZUMnhOZUZWRlVrdGlSM2g0VDBSak5GUXpUbEpXVlRsQ1VWWmpNbU15WXhBQuABAPoBBAgAEEs!16s%2Fg%2F11y7bpfnbp?entry=ttu&g_ep=EgoyMDI2MDcxMy4wIKXMDSoASAFQAw%3D%3D"
      },
      "geometry": {
        "type": "Point",
        "coordinates": [
          -69.0952048,
          44.1295764
        ]
      }
    },
    {
      "type": "Feature",
      "properties": {
        "name": "Sugarbush Farm Woodstock VT",
        "icon": "leaf",
        "color": "purple",
        "detail": "",
        "website": ""
      },
      "geometry": {
        "type": "Point",
        "coordinates": [
          -72.4673207,
          43.6650768
        ]
      }
    },
    {
      "type": "Feature",
      "properties": {
        "name": "Sunnyside Damariscotta ME",
        "icon": "utensils",
        "color": "purple",
        "detail": "Sunnyside\n\n\ud83d\udccd 212 Main St, Damariscotta, ME\n\nA breakfast-and-brunch spot from the team behind Barn Door Baking Co., open Friday through Monday only. Menu runs breakfast sandwiches, quiche, sausage, croissants, cinnamon rolls, biscuits, and savory hand pies similar to empanadas \u2014 real bakery craft applied to breakfast rather than a standard diner menu. Cozy atmosphere, friendly and well-trained staff.\n\nMust Order\n- Buttermilk biscuits \u2014 the most-praised item\n- Quiche\n- Savory hand pies, if available that day\n\nTips\n- Open Friday, Saturday, Sunday, and Monday only \u2014 closed Tuesday\u2013Thursday, so plan around that if you want to hit it.\n- Weekend mornings will draw a crowd given the reputation \u2014 go early.\n- Pair with a visit to Barn Door Baking Co. itself if you want more of their baked goods to go.",
        "website": "https://www.barndoorbakingcompany.com/sunnyside"
      },
      "geometry": {
        "type": "Point",
        "coordinates": [
          -69.5301048,
          44.032451
        ]
      }
    },
    {
      "type": "Feature",
      "properties": {
        "name": "Supa Spice Littleton NH",
        "icon": "sandwich",
        "color": "purple",
        "detail": "",
        "website": "https://www.google.com/maps/place/Supa+Spice/@44.2955763,-72.4357456,75358m/data=!3m1!1e3!4m10!1m2!2m1!1sRestaurants+with+reservations!3m6!1s0x4cb4494672992793:0xda94b58411bff064!8m2!3d44.4322493!4d-72.0177846!15sCh1SZXN0YXVyYW50cyB3aXRoIHJlc2VydmF0aW9uc1oNIgtyZXN0YXVyYW50c5IBCnJlc3RhdXJhbnSaAURDaTlEUVVsUlFVTnZaRU5vZEhsalJqbHZUMnh3VTJWWVpGRlVNbWh1VDBWU1VsVllhekJsYWxwWFZURlpkMDVzUlJBQuABAPoBBAgbEEU!16s%2Fg%2F11sppcn48g?entry=ttu&g_ep=EgoyMDI2MDYxNi4wIKXMDSoASAFQAw%3D%3D"
      },
      "geometry": {
        "type": "Point",
        "coordinates": [
          -72.01686255537763,
          44.43165828946926
        ]
      }
    },
    {
      "type": "Feature",
      "properties": {
        "name": "T&M Viet House Palm Beach County FL",
        "icon": "sandwich",
        "color": "purple",
        "detail": "Overview\nType: Vietnamese Restaurant\n\nBest known for: Quality Vietnamese food, Friendly service\n\nLocation context: Not mentioned\n\nPrice level: $10\u201320 per person\n\nVisit timing: Not mentioned\n\nTypical Customers\nDemographics: Not mentioned\n\nGroup types: Couples, Friends, Families\n\nCommon occasions: Casual dinner, Quick bite\n\nVibe & Setting\nAtmosphere: Casual, Clean\n\nNoise level: Not mentioned\n\nDecor & setting: Indoor seating\n\nService style: Friendly, Attentive\n\nRecommended Dishes\nOverall dish consensus\nCustomers frequently praise the Pho and the Summer Roll as standout dishes, often mentioning the fresh quality and comforting flavors.\n\nHow \u201ctop dishes\u201d are determined\nTop dishes are selected based on mentions in user reviews and menu visibility, focusing on items that receive strong praise or appear often in photography.\n\n| Rank | Dish                  | Why it stands out                         | How often it\u2019s mentioned           | Ideal for               |\n|------|-----------------------|------------------------------------------|-----------------------------------|-------------------------|\n| 1    | Pho                   | Amazing flavor and quality.              | Mentioned in many reviews.        | Hearty main             |\n| 2    | Summer Roll           | Fresh and well-prepared.                | Repeatedly called out as a favorite. | Lighter option          |\n\nGood alternates / backup choices\n- Vermicelli Vegan Salad: Praised for its fresh ingredients and flavor.\n\nHighlights (non\u2011dish positives from reviews)\nGood service: Customers appreciate the friendly and fast service.  \nCleanliness: The restaurant is noted for its clean environment.\n\nCommon Issues (from reviews)\nMusic atmosphere: Some customers wish for happier music to enhance the dining experience.\n\nPractical Notes\nReservation / wait: Walk-in friendly.\n\nAccessibility: Not mentioned\n\nParking / transit: Not mentioned\n\nBest use case: Great for casual dinners or quick bites.",
        "website": "https://www.google.com/maps/place/T%26M+Viet+House/@26.5881068,-80.1516835,983m/data=!3m1!1e3!4m14!1m7!3m6!1s0x88d927177321c51b:0xfce1363afb20f8d4!2sT%26M+Viet+House!8m2!3d26.5881068!4d-80.1491086!16s%2Fg%2F11vqgtfb0d!3m5!1s0x88d927177321c51b:0xfce1363afb20f8d4!8m2!3d26.5881068!4d-80.1491086!16s%2Fg%2F11vqgtfb0d?entry=ttu&g_ep=EgoyMDI2MDYxMC4wIKXMDSoASAFQAw%3D%3D"
      },
      "geometry": {
        "type": "Point",
        "coordinates": [
          -80.1490974165183,
          26.588245894338268
        ]
      }
    },
    {
      "type": "Feature",
      "properties": {
        "name": "TWO Bistro & Cafe Hartford VT",
        "icon": "coffee",
        "color": "purple",
        "detail": "",
        "website": "https://www.google.com/maps/place/TWO+Bistro+%26+Cafe/@43.6446646,-72.4070374,4333m/data=!3m1!1e3!4m14!1m7!3m6!1s0x4cb4ca509c04c4e5:0x2919955d13aeb40b!2sBig+Fatty's+BBQ!8m2!3d43.6461808!4d-72.3182871!16s%2Fg%2F1tgnwty6!3m5!1s0x4cb4cd000c55bf97:0xf1f97999b529a9db!8m2!3d43.6524955!4d-72.391678!16s%2Fg%2F11n9lz3fvv?entry=ttu&g_ep=EgoyMDI2MDYyMy4wIKXMDSoASAFQAw%3D%3D"
      },
      "geometry": {
        "type": "Point",
        "coordinates": [
          -72.3921391888209,
          43.65275859514528
        ]
      }
    },
    {
      "type": "Feature",
      "properties": {
        "name": "Taco the Town Brunswick ME",
        "icon": "utensils",
        "color": "purple",
        "detail": "Taco the Town\n\n\ud83d\udccd 205 Maine St, at the Downtown Mall & Gazebo, Brunswick, ME\n\nA devoted local following (4.9 stars, 180+ reviews) for genuinely excellent, generous California-style Mexican street food parked right in Brunswick's downtown gazebo park.\n\nMust Order\n- Pescado Ensenada \u2014 grilled haddock burrito, crispy fish, well-balanced salsa, \"Nana's\" Mexican rice\n- Pollo Asado burrito \u2014 cumin-lime marinated chicken\n- Breakfast burrito \u2014 reviewers call it \"next level\"\n- Homemade horchata \u2014 cinnamon-forward, not too sweet\n- Vegan sweet potato taco\n\nTips\n- Counter/walk-up service, outdoor seating only, no reservations\n- Open Tue-Sat 9am-2pm; closed Sun/Mon; breakfast items from 9am\n- Call (207) 838-8226 to confirm hours day-of",
        "website": ""
      },
      "geometry": {
        "type": "Point",
        "coordinates": [
          -69.964046,
          43.913532
        ]
      }
    },
    {
      "type": "Feature",
      "properties": {
        "name": "Taftsville village & covered bridge Woodstock VT",
        "icon": "scroll",
        "color": "purple",
        "detail": "",
        "website": ""
      },
      "geometry": {
        "type": "Point",
        "coordinates": [
          -72.4694549,
          43.6305482
        ]
      }
    },
    {
      "type": "Feature",
      "properties": {
        "name": "Tall Provisions Littleton NH",
        "icon": "sandwich",
        "color": "purple",
        "detail": "Overview\nType: American restaurant\n\nBest known for: Excellent food and drinks, refined meals with a simple menu.\n\nLocation context: Not specified\n\nPrice level: $30\u201350\n\nVisit timing: Popular during dinner, busy atmosphere.\n\nTypical Customers\nDemographics: Mix of locals and tourists.\n\nGroup types: Couples, friends, families.\n\nCommon occasions: Casual dinner, date night.\n\nVibe & Setting\nAtmosphere: Casual yet refined.\n\nNoise level: Moderate.\n\nDecor & setting: Indoor seating, comfortable atmosphere.\n\nService style: Attentive and friendly as noted in reviews.\n\nRecommended Dishes\nOverall dish consensus\nReviewers frequently recommend the seared scallops and corn chowder, which are highlighted for their exceptional quality and flavor.\n\nHow \u201ctop dishes\u201d are determined\nTop dishes are identified based on frequent mentions in reviews, presence in photos, and general praise from diners.\n\n| Rank | Dish                  | Why it stands out                                    | How often it\u2019s mentioned      | Ideal for               |\n|------|-----------------------|-----------------------------------------------------|------------------------------|-------------------------|\n| 1    | Seared Scallops       | Incredible flavor and perfectly cooked.             | Mentioned in many reviews.   | Sharing at the table    |\n| 2    | Corn Chowder with Crab| Rich flavor, delicious and satisfying.              | Appears in numerous photos.  | Hearty starter          |\n| 3    | Rigatoni              | Full of flavor, highly praised for texture.         | Repeatedly called out as a favorite.| Hearty main            |\n\nGood alternates / backup choices\n- Milk Bread Rolls: Noted for being delicious and a must-try.  \n- Other dishes: Fewer clearly highlighted dishes in reviews.\n\nHighlights (non\u2011dish positives from reviews)\nExcellent Service: Reviewers commend the attentive service throughout their visits.\n\nComfortable Atmosphere: The setting is described as inviting and comfortable for dining.\n\nRave Reviews: Many patrons express satisfaction with the quality of food.\n\nCommon Issues (from reviews)\nNot specified: No significant issues mentioned by multiple reviewers.\n\nPractical Notes\nReservation / wait: Reservations recommended due to popularity.\n\nAccessibility: Not mentioned.\n\nParking / transit: Not mentioned.\n\nBest use case: Best for casual dinners and date nights.",
        "website": "https://www.google.com/maps/place/Tall+Provisions/@44.3057138,-71.7704455,153a,49.9y,1.19t/data=!3m1!1e3!4m15!1m8!3m7!1s0x4cb469b6187f15c7:0xa9594392bb590b7f!2sLittleton,+NH+03561!3b1!8m2!3d44.3060969!4d-71.7703012!16zL20vMDFtOTV0!3m5!1s0x4cb46fab3d64b967:0x9aa250ffb878f91f!8m2!3d44.3060114!4d-71.770634!16s%2Fg%2F11wpfcp0tt?entry=ttu&g_ep=EgoyMDI2MDYxMy4wIKXMDSoASAFQAw%3D%3D"
      },
      "geometry": {
        "type": "Point",
        "coordinates": [
          -71.77064351328127,
          44.306036484263146
        ]
      }
    },
    {
      "type": "Feature",
      "properties": {
        "name": "Taste the Thai & Sushi House Littleton NH",
        "icon": "sandwich",
        "color": "purple",
        "detail": "Overview\nType: Thai & Sushi Restaurant  \nBest known for: Authentic Thai flavors; diverse sushi selection  \nLocation context: Not specified  \nPrice level: $20\u201330 per person  \nVisit timing: Not mentioned  \n\nTypical Customers\nDemographics: Mix of locals and tourists  \nGroup types: Couples, families, friends  \nCommon occasions: Casual dinner, date night  \n\nVibe & Setting\nAtmosphere: Casual, friendly  \nNoise level: Not mentioned  \nDecor & setting: Indoor seating, cozy vibe  \nService style: Attentive and friendly  \n\nRecommended Dishes\nOverall dish consensus  \nReviewers commonly praise the Massaman Curry and Drunken Noodles as standout dishes that capture authentic Thai flavors.\n\nHow \u201ctop dishes\u201d are determined  \nTop dishes are identified based on mentions in reviews and photographs. Dishes repeatedly praised for their quality and flavor form the basis of this list.\n\n| Rank | Dish                 | Why it stands out                                 | How often it\u2019s mentioned               | Ideal for                 |\n|------|----------------------|--------------------------------------------------|---------------------------------------|---------------------------|\n| 1    | Massaman Curry       | Rich coconut flavor, well-balanced.              | Mentioned in many reviews.           | Hearty main               |\n| 2    | Drunken Noodles      | Incredible flavor, melts in the mouth.           | Appears in numerous photos.          | Sharing at the table      |\n| 3    | Khow soi             | Unique, best first experience for Thai cuisine.  | Repeatedly called out as a favorite. | Not mentioned             |\n\nGood alternates / backup choices  \n- Sashimi: Fresh ingredients, good complement to sushi.  \n- Pad Thai: Comforting and flavorful option.  \n\nHighlights (non-dish positives from reviews)\nService Quality: Consistent praise for friendly and attentive staff.\n\nFresh Ingredients: Reviewers highlight fresh ingredients in all dishes.\n\nCommon Issues (from reviews)\nBusy Times: Not specified  \n\nPractical Notes\nReservation / wait: Walk-in friendly  \nAccessibility: Not mentioned  \nParking / transit: Not mentioned  \nBest use case: Great date-night spot",
        "website": "https://www.google.com/maps/place/Taste+the+Thai+%26+Sushi+House/@44.3022585,-71.7580263,3233m/data=!3m1!1e3!4m15!1m8!3m7!1s0x4cb469b6187f15c7:0xa9594392bb590b7f!2sLittleton,+NH+03561!3b1!8m2!3d44.3060969!4d-71.7703012!16zL20vMDFtOTV0!3m5!1s0x4cb46fd26a2ef627:0x418f2eeb91a8a22b!8m2!3d44.3079386!4d-71.7560332!16s%2Fg%2F11h1m4sgyb?entry=ttu&g_ep=EgoyMDI2MDYxMy4wIKXMDSoASAFQAw%3D%3D"
      },
      "geometry": {
        "type": "Point",
        "coordinates": [
          -71.75595171931371,
          44.308023036001046
        ]
      }
    },
    {
      "type": "Feature",
      "properties": {
        "name": "Tea at the Governors House Hyde Park VT",
        "icon": "coffee",
        "color": "purple",
        "detail": "Tea at the Governor's House\n\n\ud83d\udccd 100 Main St, Hyde Park, VT\n\nThe 1893 Page Mansion \u2014 built in the Victorian era as a reproduction of an earlier Colonial house \u2014 now operates as The Governor's House inn, known for a full English afternoon tea service since 2001. Tea is served in the library or on the pillared portico with mountain views, with scones, cream and jam, tea sandwiches, and finger pastries. The inn's Vermont marble foyer, mirrored mantelpieces, and original gas lighting fixtures are preserved throughout. The innkeeper also runs periodic Jane Austen Weekends and an annual in-character weekend.\n\nTips\n- Tea service runs Thursdays and Sundays, 3-6pm \u2014 reservations recommended.\n- A distinctive, slightly whimsical stop if traveling with someone who'd appreciate a proper English tea in rural Vermont.",
        "website": "https://www.google.com/maps/search/?api=1&query=44.5933%2C%20-72.6186"
      },
      "geometry": {
        "type": "Point",
        "coordinates": [
          -72.6186,
          44.5933
        ]
      }
    },
    {
      "type": "Feature",
      "properties": {
        "name": "The Abbey Craft Coffee & Cocktails Brunswick ME",
        "icon": "coffee",
        "color": "purple",
        "detail": "The Abbey: Craft Coffee & Cocktails\n\n\ud83d\udccd 87 Maine St, Brunswick, ME\n\nOpened Dec 2023 by owners Connor Scott and Lainey Catalino as a deliberate \"third place\" \u2014 locally-roasted (Bard Coffee) coffee shop by day, craft cocktail bar by night. A 2025 James Beard Award semifinalist for Best New Bar in the United States, notable recognition for a small-town Maine spot.\n\nMust Order\n- Abbey Espresso Martini\n- Mimi's Creamery cocktail\n- Blueberry Cobbler Latte (and other specialty lattes)\n- Rotating small plates \u2014 popcorn, charcuterie boards, soups (change weekly)\n\nTips\n- No reservations \u2014 first-come, first-served; counter service by day, table service kicks in around 5pm\n- Sunday \"Jazzy Brunch\" with live jazz 11am-1pm; Monday \"Industry Night\" for hospitality workers\n- Hours: Mon/Wed-Sat 8am-11pm (kitchen closes 10pm), Sun 8am-3pm, closed Tuesday\n- Outdoor seating in summer, accessible via rear entrance",
        "website": "https://theabbeymaine.com/"
      },
      "geometry": {
        "type": "Point",
        "coordinates": [
          -69.96556,
          43.91583
        ]
      }
    },
    {
      "type": "Feature",
      "properties": {
        "name": "The Aqueduct Trails Woodstock VT",
        "icon": "footprints",
        "color": "purple",
        "detail": "",
        "website": ""
      },
      "geometry": {
        "type": "Point",
        "coordinates": [
          -72.563205,
          43.616648
        ]
      }
    },
    {
      "type": "Feature",
      "properties": {
        "name": "The Aviary Kinderhook 1 NY",
        "icon": "sandwich",
        "color": "purple",
        "detail": "Overview\nType: Restaurant  \nBest known for: Delicious inventive food; Excellent service by friendly staff.  \nLocation context: Hudson St, Kinderhook.  \nPrice level: $50\u2013100 per person  \nVisit timing: Closed on Mondays, busy during dinner on weekends.\n\nTypical Customers  \nDemographics: Mainly locals.  \nGroup types: Couples, friends, families.  \nCommon occasions: Special occasions, date nights, casual dinners.\n\nVibe & Setting  \nAtmosphere: Casual dining with a cozy ambiance.  \nNoise level: Moderate.  \nDecor & setting: Indoor dining with a homely feel.  \nService style: Attentive and friendly service.\n\nRecommended Dishes  \nOverall dish consensus  \nReviewers frequently praise the small plates and cocktails, particularly recommending the Pork Shoulder and Shrimp Burger. \n\nHow \u201ctop dishes\u201d are determined  \nTop dishes are selected based on their mentions in the Google Maps reviews, including popularity indicators and frequent positive feedback.\n\n| Rank | Dish             | Why it stands out                                      | How often it\u2019s mentioned          | Ideal for             |\n|------|------------------|-------------------------------------------------------|-----------------------------------|-----------------------|\n| 1    | Pork Shoulder     | Juicy and flavorful, a standout option.              | Repeatedly called out as a favorite. | Hearty main          |\n| 2    | Shrimp Burger     | Unique flavor profile and well-prepared.             | Appears in numerous photos.       | Sharing at the table  |\n| 3    | Shredded Beef Salad| Notably refreshing with great texture.               | Mentioned in many reviews.        | Lighter option        |\n\nGood alternates / backup choices  \n- Duck Egg: Unique preparation that receives praise for its richness.\n- Squash: Noted as a great vegetarian option.  \n- Cheese Fingers: Often mentioned for their comforting taste.\n\nHighlights (non-dish positives from reviews)  \nFriendly service: Staff is attentive and helpful, enhancing the dining experience.  \nAtmospheric setting: Beautiful ambiance in a historical building praised for its coziness.  \n\nCommon Issues (from reviews)  \nBusy on weekends: Reservations are recommended as it gets crowded during dinner hours.  \nLong waits: Some guests have noted longer wait times during peak hours.  \n\nPractical Notes  \nReservation / wait: Reservations recommended during weekends; walk-in friendly.  \nAccessibility: Not mentioned.  \nParking / transit: Limited street parking available.  \nBest use case: Great date-night spot.",
        "website": "https://www.google.com/maps/place/The+Aviary+Kinderhook/@42.4848198,-74.0903468,108459m/data=!3m1!1e3!4m11!1m3!2m2!1sAviary%E2%80%99s+Morning+Bird+Cafe!6e5!3m6!1s0x89ddef90c36f0663:0x466d6fc29839bb9d!8m2!3d42.3948641!4d-73.698253!15sChxBdmlhcnnigJlzIE1vcm5pbmcgQmlyZCBDYWZlWhwiGmF2aWFyeSdzIG1vcm5pbmcgYmlyZCBjYWZlkgEKcmVzdGF1cmFudJoBRENpOURRVWxSUVVOdlpFTm9kSGxqUmpsdlQydEtkbEp0UmtWTk1WRjNVVlJzTlZwWFdqQmtlVEYyVVROa05sbFlZeEFC4AEA-gEECAAQOg!16s%2Fg%2F11t7r439ly?entry=ttu&g_ep=EgoyMDI2MDYxMy4wIKXMDSoASAFQAw%3D%3D"
      },
      "geometry": {
        "type": "Point",
        "coordinates": [
          -73.69744756840544,
          42.415310081669936
        ]
      }
    },
    {
      "type": "Feature",
      "properties": {
        "name": "The Barnacle Oyster Bar",
        "icon": "utensils",
        "color": "purple",
        "detail": "",
        "website": "https://www.google.com/maps/place/The+Barnacle/@44.3838382,-68.2424674,4461m/data=!3m1!1e3!4m13!1m5!2m4!1sRestaurants!5m1!4e9!6e5!3m6!1s0x4caebfc3e3589a4f:0x334a09b0aabb61c!8m2!3d44.388789!4d-68.2042959!15sCgtSZXN0YXVyYW50c1oNIgtyZXN0YXVyYW50c5IBFW95c3Rlcl9iYXJfcmVzdGF1cmFudJoBRENpOURRVWxSUVVOdlpFTm9kSGxqUmpsdlQyeG9OR1F5Y0UxVlZtaDBUV3MwZW1Jd1duZE5iRloyWVZWck1GZHJSUkFC4AEA-gEECAAQOw!16s%2Fg%2F11hzfv6ypj?entry=ttu&g_ep=EgoyMDI2MDcwOC4wIKXMDSoASAFQAw%3D%3D"
      },
      "geometry": {
        "type": "Point",
        "coordinates": [
          -68.20426050096513,
          44.3893390344893
        ]
      }
    },
    {
      "type": "Feature",
      "properties": {
        "name": "The Blue Feather Lewiston ME",
        "icon": "utensils",
        "color": "purple",
        "detail": "The Blue Feather\n\n\ud83d\udccd 49 Lisbon St, Lewiston, ME 04240\n\nOne of five candidate lunch stops for the Bar Harbor \u2192 North Conway drive (2026-08-22) \u2014 Auburn/Lewiston sits almost exactly at the noon mark, ~150 miles / 3 hours in. A 2025 opening in downtown Lewiston with a 5.0 Tripadvisor rating \u2014 worth flagging that this comes from a small review count so far (early buzz, not yet a long track record like the other four options).\n\nMust Order\n- Menu leans comfort food with a creative twist \u2014 not enough documented reviews yet to single out a standout dish\n\nTips\n- Open Saturdays 11am\u20139pm\n- Newest and least-proven of the five candidates; pick this one if you're feeling adventurous rather than wanting a sure thing",
        "website": "https://www.google.com/maps/place/The+Blue+Feather/@44.0976289,-70.2180085,17z"
      },
      "geometry": {
        "type": "Point",
        "coordinates": [
          -70.2180085,
          44.0976289
        ]
      }
    },
    {
      "type": "Feature",
      "properties": {
        "name": "The Bowsprit Bar @ The Harbour Cottage Inn Southwest Harbor ME",
        "icon": "utensils",
        "color": "purple",
        "detail": "The Bowsprit Bar @ The Harbour Cottage Inn is a private bar that offers a relaxing outdoor dining experience, known for its delicious food and cocktails. It attracts a diverse range of customers, including couples looking for a romantic evening as well as groups seeking a serene atmosphere. The overall vibe is casual yet classy, with a focus on providing a top-notch dining experience. Customers consistently praise the amazing service, beautiful outdoor space, and well-prepared food, particularly the charcuterie and cocktails. However, some might find limited hours or menu options an occasional downside.",
        "website": "https://www.google.com/maps/place/The+Bowsprit+Bar+@+The+Harbour+Cottage+Inn/@44.2783521,-68.3190944,554m/data=!3m1!1e3!4m13!1m5!2m4!1sRestaurants!5m1!4e9!6e5!3m6!1s0x4caebdb0cad64609:0xfa5223cbefabf3fb!8m2!3d44.2783519!4d-68.3157676!15sCgtSZXN0YXVyYW50c1oNIgtyZXN0YXVyYW50c5IBCnJlc3RhdXJhbnSaASRDaGREU1VoTk1HOW5TMFZKUTBGblNVUmlPWFZtZVdkM1JSQULgAQD6AQQIABAz!16s%2Fg%2F11sv004c_g?entry=ttu&g_ep=EgoyMDI2MDYxMC4wIKXMDSoASAFQAw%3D%3D"
      },
      "geometry": {
        "type": "Point",
        "coordinates": [
          -68.31573938274778,
          44.27847055378632
        ]
      }
    },
    {
      "type": "Feature",
      "properties": {
        "name": "The Bucking Lobster Northeast Harbor ME",
        "icon": "gem",
        "color": "purple",
        "detail": "The place is a popular food truck in Maine best known for its delicious lobster rolls and innovative dishes like the banh mi lobster roll. It attracts a diverse clientele, including locals and tourists, often seeking casual dining experiences. The vibe is casual and friendly, with picnic tables available near a marina, creating a relaxed atmosphere. Reviewers consistently praise the exceptional staff, amazing service, and the food's quality, particularly the unique lobster dishes and chowder. Common downsides mentioned include limited hours of operation and the food truck's closing at the end of the season.",
        "website": "https://www.google.com/maps/place/The+Bucking+Lobster/@44.29184,-68.2899484,1355m/data=!3m1!1e3!4m14!1m7!3m6!1s0x4cae97a048849b31:0x6bc7708886a47493!2sSeal+Cove+Auto+Museum!8m2!3d44.3053532!4d-68.4045448!16s%2Fg%2F1tkjkt8t!3m5!1s0x4caebd02c149f26d:0xa86d1c88032b9be4!8m2!3d44.2936804!4d-68.2847188!16s%2Fg%2F11kj_ndp1m?entry=ttu&g_ep=EgoyMDI2MDYxMC4wIKXMDSoASAFQAw%3D%3D"
      },
      "geometry": {
        "type": "Point",
        "coordinates": [
          -68.28475632526933,
          44.29396819633489
        ]
      }
    },
    {
      "type": "Feature",
      "properties": {
        "name": "The Farmer and the Bell Woodstock VT",
        "icon": "leaf",
        "color": "purple",
        "detail": "",
        "website": ""
      },
      "geometry": {
        "type": "Point",
        "coordinates": [
          -72.5071027,
          43.6263445
        ]
      }
    },
    {
      "type": "Feature",
      "properties": {
        "name": "The Inn on Park Row Brunswick ME",
        "icon": "utensils",
        "color": "purple",
        "detail": "The Inn on Park Row (BISTRO165 / PUB165)\n\n\ud83d\udccd 165 Park Row, Brunswick, ME\n\nA historic-inn dining room and evening pub, not just for inn guests \u2014 leans into partnerships with local Maine farms and purveyors. Cozy fireplace pub atmosphere in the evening, good for a relaxed dinner or cocktails.\n\nMust Order\n- Maine wild blueberry pancakes and farm-fresh eggs (breakfast)\n- Charcuterie board with Maine cheeses and house-made dips\n- Weekly chef specials (Fri/Sat nights)\n- Maine Beer Company and Banded Brewery on tap\n\nTips\n- Reservations not strictly required \u2014 open to the public, not just inn guests\n- Dinner service daily 4-9pm; breakfast served in the front parlors mornings\n- Phone (207) 729-4914",
        "website": "https://www.onesixtyfivemaine.com/eat-drink"
      },
      "geometry": {
        "type": "Point",
        "coordinates": [
          -69.9632604,
          43.9133386
        ]
      }
    },
    {
      "type": "Feature",
      "properties": {
        "name": "The Island Chef",
        "icon": "sandwich",
        "color": "purple",
        "detail": "",
        "website": "https://www.google.com/maps/place/The+Island+Chef/@44.1054502,-71.1974853,2197m/data=!3m1!1e3!4m6!3m5!1s0x4cb398ccaeee2b23:0x50fb0bbbe179bb39!8m2!3d44.1052965!4d-71.19388!16s%2Fg%2F1tdltwm6?entry=ttu&g_ep=EgoyMDI2MDcxMi4wIKXMDSoASAFQAw%3D%3D"
      },
      "geometry": {
        "type": "Point",
        "coordinates": [
          -71.19347292560582,
          44.10693350825499
        ]
      }
    },
    {
      "type": "Feature",
      "properties": {
        "name": "The Old Homestead",
        "icon": "landmark",
        "color": "purple",
        "detail": "",
        "website": "https://www.google.com/maps/place/The+Old+Homestead/@44.0451488,-69.0889139,4733a,35y,2.73t/data=!3m1!1e3!4m15!1m8!3m7!1s0x4cadcc4c5f4aa20d:0x7a26e129ee369379!2sOwls+Head,+ME!3b1!8m2!3d44.082303!4d-69.0572612!16zL20vMHRxaHA!3m5!1s0x4cadcd9d4ca0830b:0x940358aee028e1fb!8m2!3d44.0511524!4d-69.0784021!16s%2Fg%2F11vbsszb72?entry=ttu&g_ep=EgoyMDI2MDcxMy4wIKXMDSoASAFQAw%3D%3D"
      },
      "geometry": {
        "type": "Point",
        "coordinates": [
          -69.034,
          44.048
        ]
      }
    },
    {
      "type": "Feature",
      "properties": {
        "name": "The Salty Bite",
        "icon": "sandwich",
        "color": "purple",
        "detail": "",
        "website": "https://www.google.com/maps/place/The+Salty+Bite/@44.3867007,-68.2234216,2242m/data=!3m1!1e3!4m13!1m5!2m4!1sRestaurants!5m1!4e9!6e5!3m6!1s0x4caebf601892ba1d:0x912eaea009aa1d27!8m2!3d44.3873346!4d-68.2044951!15sCgtSZXN0YXVyYW50c1oNIgtyZXN0YXVyYW50c5IBEmJlbGdpYW5fcmVzdGF1cmFudJoBRENpOURRVWxSUVVOdlpFTm9kSGxqUmpsdlQyNVdlazF0VWtaVGEydzJWRlpKZDJOSFVsaGpSV2Q2VkcxMFJVNVZSUkFC4AEA-gEECAAQMw!16s%2Fg%2F11z9c0phmv?entry=ttu&g_ep=EgoyMDI2MDcwOC4wIKXMDSoASAFQAw%3D%3D"
      },
      "geometry": {
        "type": "Point",
        "coordinates": [
          -68.20438903173077,
          44.38771757045523
        ]
      }
    },
    {
      "type": "Feature",
      "properties": {
        "name": "Thomaston Town Forest Multiuse Trail",
        "icon": "landmark",
        "color": "purple",
        "detail": "",
        "website": "https://www.google.com/maps/place/Thomaston+Town+Forest+Multiuse+Trail/@44.0744758,-69.1725469,17945a,35y,2.65t/data=!3m1!1e3!4m15!1m8!3m7!1s0x4cadcc4c5f4aa20d:0x7a26e129ee369379!2sOwls+Head,+ME!3b1!8m2!3d44.082303!4d-69.0572612!16zL20vMHRxaHA!3m5!1s0x4cadc55a50b09329:0xbb8956393fb2b645!8m2!3d44.0873138!4d-69.1951738!16s%2Fg%2F11gnr0mc0r?entry=ttu&g_ep=EgoyMDI2MDcxMy4wIKXMDSoASAFQAw%3D%3D"
      },
      "geometry": {
        "type": "Point",
        "coordinates": [
          -69.791,
          43.925
        ]
      }
    },
    {
      "type": "Feature",
      "properties": {
        "name": "Thundering Brook Falls vt Woodstock VT",
        "icon": "footprints",
        "color": "purple",
        "detail": "",
        "website": ""
      },
      "geometry": {
        "type": "Point",
        "coordinates": [
          -72.7820675,
          43.6805238
        ]
      }
    },
    {
      "type": "Feature",
      "properties": {
        "name": "Thurston's Lobster Pound Southwest Harbor ME",
        "icon": "sandwich",
        "color": "purple",
        "detail": "Thurston's Lobster Pound is a seafood restaurant famous for its lobster rolls and a variety of other seafood dishes. It attracts families and groups looking for a casual dining experience, especially those visiting the coastal Maine area. The vibe is relaxed and casual, with options for outdoor seating overlooking the bay, making it a great spot for leisurely meals. \n\nCustomers consistently praise the efficiency of the service, the quality of the seafood, and the friendliness of the staff. However, some have noted that the prices for drinks can be steep, and there may be a wait during peak hours.",
        "website": "https://www.google.com/maps/place/Thurston's+Lobster+Pound/@44.2514225,-68.334502,9150m/data=!3m1!1e3!4m6!3m5!1s0x4caea2effe931ad5:0x4ffc316939a68015!8m2!3d44.2391987!4d-68.352689!16s%2Fg%2F124t00wzx?entry=ttu&g_ep=EgoyMDI2MDYxMC4wIKXMDSoASAFQAw%3D%3D"
      },
      "geometry": {
        "type": "Point",
        "coordinates": [
          -68.35243914687443,
          44.24100780778412
        ]
      }
    },
    {
      "type": "Feature",
      "properties": {
        "name": "Todd Wildlife Sanctuary Bristol ME",
        "icon": "landmark",
        "color": "purple",
        "detail": "Todd Wildlife Sanctuary\n\n\ud83d\udccd Audubon Rd, Bristol, ME\n\nA wildlife refuge offering bird watching and outdoor exploration. Does not serve food or alcohol.\n\nTips\n- Watch for rocky terrain in places; sturdy footwear recommended.",
        "website": ""
      },
      "geometry": {
        "type": "Point",
        "coordinates": [
          -69.4253568,
          43.9678004
        ]
      }
    },
    {
      "type": "Feature",
      "properties": {
        "name": "Tuck & Roll Food Truck",
        "icon": "sandwich",
        "color": "purple",
        "detail": "",
        "website": "https://www.google.com/maps/place/Tuck+%26+Roll+Food+Truck/@44.08514,-69.200832,18853m/data=!3m1!1e3!4m13!1m5!2m4!1sRestaurants!5m1!4e9!6e5!3m6!1s0x4cadcfce780ded09:0xfe505002c99e786c!8m2!3d44.1005525!4d-69.1084!15sCgtSZXN0YXVyYW50c1oNIgtyZXN0YXVyYW50c5IBCnJlc3RhdXJhbnSaAURDaTlEUVVsUlFVTnZaRU5vZEhsalJqbHZUMjFXWmxwNlpHdE9iR1JHVGpBNU5WWkZVWGxpUjNodFpGVk5kMlZJWXhBQuABAPoBBAgAEDk!16s%2Fg%2F11qbv4n1hx?entry=ttu&g_ep=EgoyMDI2MDcxMy4wIKXMDSoASAFQAw%3D%3D"
      },
      "geometry": {
        "type": "Point",
        "coordinates": [
          -69.1084,
          44.1005525
        ]
      }
    },
    {
      "type": "Feature",
      "properties": {
        "name": "Two Salty Dogs Pet Outfitters",
        "icon": "utensils",
        "color": "purple",
        "detail": "",
        "website": "https://www.google.com/maps/place/Two+Salty+Dogs+Pet+Outfitters/@43.851179,-69.6293567,19z/data=!3m1!4b1!4m14!1m7!3m6!1s0x4cad98eec2d3b7ed:0x12936dbd4731d26e!2sTwo+Salty+Dogs+Pet+Outfitters!8m2!3d43.851179!4d-69.628713!16s%2Fg%2F1q6h_qvqs!3m5!1s0x4cad98eec2d3b7ed:0x12936dbd4731d26e!8m2!3d43.851179!4d-69.628713!16s%2Fg%2F1q6h_qvqs?entry=ttu&g_ep=EgoyMDI2MDYyNC4wIKXMDSoASAFQAw%3D%3D"
      },
      "geometry": {
        "type": "Point",
        "coordinates": [
          -69.62871028694103,
          43.851227354509696
        ]
      }
    },
    {
      "type": "Feature",
      "properties": {
        "name": "US Custom House Portland ME",
        "icon": "scroll",
        "color": "purple",
        "detail": "US Custom House\n\n\ud83d\udccd 312 Fore Street, Portland, ME\n\nConstructed over five years from 1868 to 1872, the United States Custom House at 312 Fore Street is both historically and architecturally significant. Completed under the supervision of Alfred Mullett, supervising architect of the U.S. Treasury, the three-story building combines elements of Renaissance Revival and Second Empire styles.\n\nIn 1973, the building was designated as a City Landmark and listed on the National Register of Historic Places.",
        "website": "https://www.google.com/maps/place/US+Custom+House,+312+Fore+St,+Portland,+ME"
      },
      "geometry": {
        "type": "Point",
        "coordinates": [
          -70.2511577,
          43.6571924
        ]
      }
    },
    {
      "type": "Feature",
      "properties": {
        "name": "Underground Bakery & Cafe",
        "icon": "utensils",
        "color": "purple",
        "detail": "",
        "website": "https://www.google.com/maps/place/Underground+Bakery+%26+Cafe/@44.0333281,-71.1619231,6595m/data=!3m1!1e3!4m6!3m5!1s0x4cb3a0beda717181:0x3a97c0c12575acae!8m2!3d44.0333623!4d-71.121903!16s%2Fg%2F11byz9g2rs?entry=ttu&g_ep=EgoyMDI2MDcxMi4wIKXMDSoASAFQAw%3D%3D"
      },
      "geometry": {
        "type": "Point",
        "coordinates": [
          -71.12180212214969,
          44.03431239032873
        ]
      }
    },
    {
      "type": "Feature",
      "properties": {
        "name": "V M Gourmet Foods",
        "icon": "sandwich",
        "color": "purple",
        "detail": "",
        "website": "https://www.google.com/maps/place/V+M+Gourmet+Foods/@44.0504956,-71.1288738,514m/data=!3m1!1e3!4m6!3m5!1s0x4cb3a0e3b0ea5e1f:0xf885eb3126a55703!8m2!3d44.051814!4d-71.1258364!16s%2Fg%2F12633vbrc?entry=ttu&g_ep=EgoyMDI2MDcxMi4wIKXMDSoASAFQAw%3D%3D"
      },
      "geometry": {
        "type": "Point",
        "coordinates": [
          -71.12596611248934,
          44.05210299131527
        ]
      }
    },
    {
      "type": "Feature",
      "properties": {
        "name": "Vanderbilt Mansion NHS Hyde Park, NY",
        "icon": "leaf",
        "color": "purple",
        "detail": "Vanderbilt Mansion NHS\n\n\ud83d\udccd Hyde Park, NY\n\nA Gilded Age Beaux-Arts mansion built for Frederick Vanderbilt in 1899, with original furnishings intact, formal Italian gardens, and sweeping Hudson River views.\n\nTips\n- $10 house tour; grounds free with NPS pass or $10 day use\n- The formal gardens in late September show early foliage\n- Combine with FDR Home 2 miles south \u2014 both NPS\n- Also stop 5 of 26 on the Hyde Park, Clinton & Pleasant Valley Scenic Tour (Tour 3)",
        "website": "https://www.google.com/maps/search/Vanderbilt+Mansion+NHS+Hyde+Park,+NY"
      },
      "geometry": {
        "type": "Point",
        "coordinates": [
          -73.9422,
          41.7995
        ]
      }
    },
    {
      "type": "Feature",
      "properties": {
        "name": "Vermont Institute of Natural Science (VINS) Woodstock VT",
        "icon": "landmark",
        "color": "purple",
        "detail": "",
        "website": ""
      },
      "geometry": {
        "type": "Point",
        "coordinates": [
          -72.4110348,
          43.6418236
        ]
      }
    },
    {
      "type": "Feature",
      "properties": {
        "name": "Vesper Hill Children's Chapel Rockport ME",
        "icon": "leaf",
        "color": "purple",
        "detail": "Vesper Hill Children's Chapel\n\n\ud83d\udccd Rockport ME\n\nA hidden open-air stone chapel on a hillside above Rockport, built in 1936 with carved wooden pews arranged in a semicircle facing an altar, a meadow that drops through birch trees to a panorama of Penobscot Bay and its islands. No roof. Flower gardens on three sides. One of the most quietly beautiful spots in Maine \u2014 known mostly to locals and largely absent from guidebooks.\n\nTips\n- Take Route 1 to Rockport, then Calderwood Lane to Vesper Hill Road \u2014 no signs.\n- The chapel is always open and free.\n- Late August wildflowers in the surrounding garden are at their peak.\n- Visit in the early morning or evening \u2014 the light on the bay is extraordinary.",
        "website": ""
      },
      "geometry": {
        "type": "Point",
        "coordinates": [
          -69.0803,
          44.193
        ]
      }
    },
    {
      "type": "Feature",
      "properties": {
        "name": "Vessel & Vine Brunswick ME",
        "icon": "utensils",
        "color": "purple",
        "detail": "Vessel & Vine\n\n\ud83d\udccd 4 Pleasant St, Brunswick, ME\n\nPart wine bar, part small-plates restaurant, part gourmet retail market \u2014 a communal, shareable-plates spot with an expertly curated global wine list and knowledgeable staff for pairing suggestions. Also sells the cheese/charcuterie/wine to go.\n\nMust Order\n- Muhammara \u2014 Middle Eastern red pepper-walnut dip\n- Dolmas\n- Cheese and charcuterie boards (rotating local selections)\n- Seasonal cocktails \u2014 Hot Toddys noted as a winter standout\n\nTips\n- Reservations recommended, especially weekends \u2014 \"can get quite busy\"\n- Hours: Tue-Thu 11am-7/9pm, Fri-Sat 11am-8/10pm, Sun 12-6pm, closed Monday\n- Consider happy hour for deals\n- Phone (207) 721-3000",
        "website": ""
      },
      "geometry": {
        "type": "Point",
        "coordinates": [
          -69.9656275,
          43.9146671
        ]
      }
    },
    {
      "type": "Feature",
      "properties": {
        "name": "Victoria Mansion Portland ME",
        "icon": "scroll",
        "color": "purple",
        "detail": "Victoria Mansion\n\n\ud83d\udccd Portland ME\n\nThe most lavishly decorated Victorian interior in America, built 1858\u201360 for a New Orleans hotelier. Original gas chandeliers, hand-painted trompe l'oeil ceilings, elaborate carved woodwork, and Herter Brothers furnishings \u2014 virtually all intact and original. The exterior understatement makes the interior a genuine shock.\n\nTips\n- Open May\u2013Oct; allow 60\u201390 minutes for the guided tour.\n- The Christmas season opening (Dec) is worth timing your visit around \u2014 the house is decorated with 19th-century ornaments.\n- Easily combined with the Portland Museum of Art, two blocks away.",
        "website": ""
      },
      "geometry": {
        "type": "Point",
        "coordinates": [
          -70.2599,
          43.6554
        ]
      }
    },
    {
      "type": "Feature",
      "properties": {
        "name": "Vinolio",
        "icon": "wine",
        "color": "purple",
        "detail": "",
        "website": "https://www.google.com/maps/place/Vinolio/@44.422236,-69.0165379,1996m/data=!3m1!1e3!4m13!1m5!2m4!1sRestaurants!5m1!4e9!6e5!3m6!1s0x4cae6e5affda187f:0xe62f59b244cb6b73!8m2!3d44.4264526!4d-69.0063594!15sCgtSZXN0YXVyYW50c1oNIgtyZXN0YXVyYW50c5IBFWdvdXJtZXRfZ3JvY2VyeV9zdG9yZZoBRENpOURRVWxSUVVOdlpFTm9kSGxqUmpsdlQyNVNlR013YURST1JFNXRXRE53UmxZeWFFUk5hVEUxV2xkNGRWWnJSUkFC4AEA-gEECAAQRQ!16s%2Fg%2F1260ct89k?entry=ttu&g_ep=EgoyMDI2MDcxMy4wIKXMDSoASAFQAw%3D%3D"
      },
      "geometry": {
        "type": "Point",
        "coordinates": [
          -69.00623276979614,
          44.42684492166508
        ]
      }
    },
    {
      "type": "Feature",
      "properties": {
        "name": "Wadleigh State Park Woodstock VT",
        "icon": "trees",
        "color": "purple",
        "detail": "",
        "website": ""
      },
      "geometry": {
        "type": "Point",
        "coordinates": [
          -71.9433094,
          43.3590127
        ]
      }
    },
    {
      "type": "Feature",
      "properties": {
        "name": "Walkway Over the Hudson Poughkeepsie, NY",
        "icon": "footprints",
        "color": "purple",
        "detail": "Walkway Over the Hudson\n\n\ud83d\udccd Poughkeepsie, NY\n\nThe world's longest elevated pedestrian bridge \u2014 a 1.28-mile converted railroad trestle with panoramic 360-degree views of the Hudson Valley. Free to walk.\n\nTips\n- East approach from Poughkeepsie has more parking; west from Highland for a different angle\n- Sunset from the midpoint is exceptional\n- The walk takes 30\u201340 minutes at a leisurely pace",
        "website": "https://www.google.com/maps/search/Walkway+Over+the+Hudson+Poughkeepsie,+NY"
      },
      "geometry": {
        "type": "Point",
        "coordinates": [
          -73.9396,
          41.7229
        ]
      }
    },
    {
      "type": "Feature",
      "properties": {
        "name": "Walter's Cafe Brunswick ME",
        "icon": "coffee",
        "color": "purple",
        "detail": "Walter's Cafe\n\n\ud83d\udccd 149 Maine St, Lower Level Unit 4 (Tontine Mall), Brunswick, ME\n\nOpened June 2024 by Maine restaurateur Walter Loeman and partner Dorian Lewis, emphasizing ingredients from local organic farms. A short walk from Bowdoin College, with reviewers specifically praising the personalized, friendly service.\n\nMust Order\n- Walter's #15 Classic Caesar \u2014 house dressing, grilled chicken\n- Carolina BBQ \u2014 roasted pork, grilled corn muffin\n- Beef Stroganoff\n- Shaved roast beef on ciabatta\n- Blueberry coffee cake; daily-changing soup\n\nTips\n- Counter service, casual; sandwiches can be griddled, gluten-free buns available (+$3)\n- Serves Rock City Coffee\n- Hours: Mon-Sat 8am-3pm, closed Sunday \u2014 breakfast/lunch only, no dinner",
        "website": "https://www.originalwalterscafe.com/menu/"
      },
      "geometry": {
        "type": "Point",
        "coordinates": [
          -69.964,
          43.9148
        ]
      }
    },
    {
      "type": "Feature",
      "properties": {
        "name": "Warren Street Hudson, NY",
        "icon": "shopping-bag",
        "color": "purple",
        "detail": "Warren Street\n\n\ud83d\udccd Hudson, NY\n\nSix-block gallery and antiques corridor with 60+ shops, cafes, and boutiques \u2014 one of the best antiquing and gallery streets in the Northeast.\n\nTips\n- Allow 2\u20133 hours to browse the full length\n- Highest density of interesting shops between 4th and 7th Streets\n- Best visited on a weekday to avoid weekend NYC crowds",
        "website": "https://www.google.com/maps/search/Warren+Street+Hudson,+NY"
      },
      "geometry": {
        "type": "Point",
        "coordinates": [
          -73.7879,
          42.2528
        ]
      }
    },
    {
      "type": "Feature",
      "properties": {
        "name": "Wasses Hot Dogs",
        "icon": "sandwich",
        "color": "purple",
        "detail": "",
        "website": "https://www.google.com/maps/place/Wasses+Hot+Dogs/@44.4242103,-69.0343713,1968m/data=!3m1!1e3!4m13!1m5!2m4!1sRestaurants!5m1!4e9!6e5!3m6!1s0x4cae6e69a045af5d:0x586abe27df1b7363!8m2!3d44.4241498!4d-69.0224013!15sCgtSZXN0YXVyYW50c1oNIgtyZXN0YXVyYW50c5IBEmhvdF9kb2dfcmVzdGF1cmFudJoBRENpOURRVWxSUVVOdlpFTm9kSGxqUmpsdlQycENjMVpGTlcxVVZGWjJZVVY0UkU5SFduQldSMFozWWxocmVGTkdSUkFC4AEA-gEECAAQPA!16s%2Fg%2F11c51wfxc6?entry=ttu&g_ep=EgoyMDI2MDcxMy4wIKXMDSoASAFQAw%3D%3D"
      },
      "geometry": {
        "type": "Point",
        "coordinates": [
          -69.02243695100015,
          44.424544086355546
        ]
      }
    },
    {
      "type": "Feature",
      "properties": {
        "name": "West Point West Point NY",
        "icon": "scroll",
        "color": "purple",
        "detail": "West Point\n\n\ud83d\udccd West Point NY\n\nThe United States Military Academy occupies one of the most strategically and scenically dramatic sites on the Hudson \u2014 a granite promontory where the river makes a sharp bend, commanding the valley in both directions. Washington fortified this position with a great chain stretched across the river to block British ships. The Gothic stone buildings, Trophy Point, the cemetery (Custer, Westmoreland, Patton's father), and the parade ground are all open to the public.\n\nTips\n- The visitor center at Pershing Gate is the starting point \u2014 free maps of open areas.\n- Guided bus tours depart from the visitor center and access areas not open to self-guided visitors.\n- Trophy Point overlooks the Hudson bend and displays links from the Revolutionary War chain.\n- The cemetery contains the graves of more than 8,000 graduates, including Winfield Scott, George Custer, and Gar Davidson.\n- West Point is 45 minutes south of Beacon \u2014 combine with Dia:Beacon for a full Hudson Valley day.",
        "website": ""
      },
      "geometry": {
        "type": "Point",
        "coordinates": [
          -73.958,
          41.3912
        ]
      }
    },
    {
      "type": "Feature",
      "properties": {
        "name": "West Rattlesnake Mountain (Old Bridle Path) Holderness NH",
        "icon": "scroll",
        "color": "purple",
        "detail": "West Rattlesnake Mountain (Old Bridle Path)\n\n\ud83d\udccd Holderness NH\n\nModerate 3.8-mile out-and-back with one of the best reward-to-effort ratios in the Lakes Region \u2014 sweeping summit views over Squam Lake.\n\nTips\n- Moderate difficulty, big payoff.\n- Popular trail \u2014 go early on weekends to beat crowds.\n- Pet friendly: Generally dog-friendly (on-leash recommended; be mindful of other hikers).\n- Parking: Small lot at the trailhead can fill up fast; have a backup plan if it\u2019s full.\n- Footing: Expect rocks/roots; wear grippy shoes\u2014especially if wet.\n- Weather: Summit is exposed; bring a light layer/wind protection.\n- Sun/bugs: Limited shade near the top; use sunscreen and bug protection in warm months.\n- What to bring: Water, snacks, and a small first-aid kit.\n- Dogs: Bring water for your dog; watch paws on sharp rock and keep away from cliff edges.",
        "website": ""
      },
      "geometry": {
        "type": "Point",
        "coordinates": [
          -71.5414,
          43.7508
        ]
      }
    },
    {
      "type": "Feature",
      "properties": {
        "name": "Wildflours Gluten-Free Bakery Brunswick ME",
        "icon": "coffee",
        "color": "purple",
        "detail": "Wildflours Gluten-Free Bakery\n\n\ud83d\udccd 54 Cumberland St, Brunswick, ME\n\nA dedicated (not just gluten-free-friendly, fully gluten-free facility) bakery \u2014 rare and valuable for celiac/GF travelers \u2014 with extensive vegan/dairy-free crossover options (bread is always dairy-free too), serving multiple dietary-restriction needs at once.\n\nMust Order\n- Cherry coconut muffin and pumpkin chocolate chip muffin (customer favorites)\n- Pumpkin donuts \u2014 reviewers call them the best GF donuts they've had\n- Custom cakes and cheesecakes (6\"-10\")\n- Specialty bars \u2014 Caramel Chocolate Pretzel Bar, Grasshopper Brownie\n- Take-n-bake cinnamon buns\n\nTips\n- Custom cakes/cheesecakes/pies need 7 business days' notice\n- Grab-bags of day-old muffins available at a discount\n- Morning-only: Mon-Fri 7am-2pm, Sat 7am-12pm, closed Sunday\n- Cash-only status not confirmed \u2014 worth calling ahead if that matters",
        "website": "https://www.wildfloursmaine.com/"
      },
      "geometry": {
        "type": "Point",
        "coordinates": [
          -69.9728,
          43.9151
        ]
      }
    },
    {
      "type": "Feature",
      "properties": {
        "name": "Wm. Farmer & Sons Hudson, NY",
        "icon": "utensils",
        "color": "purple",
        "detail": "Wm. Farmer & Sons\n\n\ud83d\udccd Hudson, NY\n\nHudson's most acclaimed restaurant, set in a boutique hotel, serving inventive New American plates including grass-fed tartare, Argentine prawns, and a celebrated smash burger.\n\nMust Order\n- Grass-fed beef tartare \u2014 clean and well-seasoned\n- Argentine prawns \u2014 the signature dish\n- Smash burger \u2014 consistently called the best in the valley\n\nTips\n- Reservations strongly recommended for dinner\n- The bar area is great for a cocktail without a reservation",
        "website": "https://www.google.com/maps/search/Wm.+Farmer+&+Sons+Hudson,+NY"
      },
      "geometry": {
        "type": "Point",
        "coordinates": [
          -73.7879,
          42.2536
        ]
      }
    },
    {
      "type": "Feature",
      "properties": {
        "name": "YOIKI Japanese express",
        "icon": "utensils",
        "color": "purple",
        "detail": "",
        "website": "https://www.google.com/maps/place/YOIKI+Japanese+express/@44.08514,-69.200832,18853m/data=!3m1!1e3!4m13!1m5!2m4!1sRestaurants!5m1!4e9!6e5!3m6!1s0x4cadcf6a50e8baef:0x1ac694da8639d5f!8m2!3d44.0966822!4d-69.131394!15sCgtSZXN0YXVyYW50c1oNIgtyZXN0YXVyYW50c5IBCnJlc3RhdXJhbnSaASNDaFpEU1VoTk1HOW5TMFZKVUZWNVduVnFOVzlJYW1WbkVBReABAPoBBAgAECo!16s%2Fg%2F11wr1z4cyh?entry=ttu&g_ep=EgoyMDI2MDcxMy4wIKXMDSoASAFQAw%3D%3D"
      },
      "geometry": {
        "type": "Point",
        "coordinates": [
          -69.131394,
          44.0966822
        ]
      }
    },
    {
      "type": "Feature",
      "properties": {
        "name": "the travelin lobster Bar Harbor ME",
        "icon": "gem",
        "color": "purple",
        "detail": "",
        "website": "https://www.google.com/maps/place/the+travelin+lobster/@44.3904776,-68.2064091,213m/data=!3m1!1e3!4m13!1m5!2m4!1sRestaurants!5m1!4e9!6e5!3m6!1s0x4caebf0053fcd91f:0xac7fac2e21269b65!8m2!3d44.3909144!4d-68.2051248!15sCgtSZXN0YXVyYW50c1oNIgtyZXN0YXVyYW50c5IBEnNlYWZvb2RfcmVzdGF1cmFudJoBRENpOURRVWxSUVVOdlpFTm9kSGxqUmpsdlQyeHNXbVJFVG05amEzQlNUbTFhVkZWNmJFZE1WR1JxWVVoU2NWbFlZeEFC4AEA-gEECAAQMA!16s%2Fg%2F11ydqxfh5c?entry=ttu&g_ep=EgoyMDI2MDYxMC4wIKXMDSoASAFQAw%3D%3D"
      },
      "geometry": {
        "type": "Point",
        "coordinates": [
          -68.20509361130145,
          44.390949608072525
        ]
      }
    },
    {
      "type": "Feature",
      "properties": {
        "name": "46 Jackson St, Littleton NH",
        "icon": "hotel",
        "color": "purple",
        "detail": "Home in Littleton \u2013 Review\nOverall: A spacious 3-bedroom colonial in the heart of Littleton, hosted by an 8-year Superhost with a strong review record (4.91\u2605, 56 reviews) \u2014 walkable to Main Street with a mountain view.\n\n---\n\n\ud83d\udccb Fast Facts\n- Listing type: Entire home, colonial\n- Bedrooms / Beds: 3 bedrooms, 7 beds total (Bedroom 1: 1 double; Bedroom 2: 1 queen; Bedroom 3: 1 queen, 1 double, 1 single, 1 bunk)\n- Bathrooms: 1.5\n- Max guests: 6\n- Host: Deborah A \u2014 Superhost, 8 years hosting\n\n---\n\n\ud83d\udecb\ufe0f Space & Amenities\n- Kitchen: yes\n- Laundry: washer & dryer\n- Outdoor: mountain view\n- Connectivity: Fast Wi-Fi (251 Mbps), dedicated workspace\n- Parking: free driveway parking (4 spaces)\n- Other: 40\" HDTV with Roku/Chromecast, pets allowed, smoke + CO alarms installed\n- Note: must climb stairs\n\n---\n\n\ud83d\udccd Location & Neighborhood\nWalk to award-winning Main Street \u2014 shops, restaurants, spas, a historic opera house, and a riverwalk. Hiking, biking, live theater and music, water sports, and other White Mountains activities are minutes away, along with a playground and pool within walking distance.\n\n---\n\n\ud83d\udd11 Check-in & House Rules\nCheck-in after 3:00 PM, checkout before 12:00 PM. Pets allowed.\n\n---\n\n\u2b50 Host & Reviews\nDeborah A, Superhost with 8 years of hosting experience. 4.91 out of 5 stars across 56 reviews.\n\n---\n\n\ud83d\udc4d Pros\n- Superhost with a strong, well-established review record\n- Spacious for a group (3BR/7 beds/6 guests)\n- Free driveway parking and fast Wi-Fi/workspace \u2014 good for remote work days\n- Walkable to Main Street\n\n---\n\n\ud83d\udc4e Cons\n- Only 1.5 baths for up to 6 guests\n- Some bedrooms have less conventional bed setups (bunk/single mixed in) \u2014 check fit for your group\n\n---\n\n\ud83c\udfaf Best For\nA group or family wanting a spacious, walkable, well-reviewed base in downtown Littleton.",
        "website": "https://www.airbnb.com/rooms/626085727753547407"
      },
      "geometry": {
        "type": "Point",
        "coordinates": [
          -71.77205075815117,
          44.307760774011804
        ]
      }
    },
    {
      "type": "Feature",
      "properties": {
        "name": "AirBnB 442 Main St Chatham MA",
        "icon": "hotel",
        "color": "purple",
        "detail": "Full Renovation! Amazing Spot with Views! \u2013 Review\nOverall: A bright, fully renovated second-story condo right on Main Street, professionally managed by a long-established Superhost with an excellent review record (4.93\u2605, 151 reviews) \u2014 modern and turnkey, walkable to everything downtown.\n\n---\n\n\ud83d\udccb Fast Facts\n- Listing type: Entire condominium, second-story walkup\n- Bedrooms / Beds: 2 bedrooms, 2 beds (1 king, 1 double)\n- Bathrooms: 1\n- Max guests: 4\n- Host: Del Mar Vacations \u2014 Superhost, 10 years hosting\n\n---\n\n\ud83d\udecb\ufe0f Space & Amenities\n- Kitchen: bright kitchen/living area, new appliances, island seating\n- Laundry: washer & dryer\n- Outdoor: deck with a gas grill\n- Climate: central A/C\n- Living area: large flat-screen TV, sectional couch\n- Pets: dogs welcomed, $40/night per dog fee\n- Linens: sheets and bath towels provided, beds made upon arrival\n\n---\n\n\ud83d\udccd Location & Neighborhood\nRight on Main Street \u2014 walkable to local shops, galleries, a movie theater, and restaurants (Impudent Oyster, Chatham Squire, Bluefins Sushi & Sake Bar, Wild Goose Tavern). About a 3-minute drive to Lighthouse Beach and Oyster Pond Beach.\n\n---\n\n\ud83d\udd11 Check-in & House Rules\nSelf check-in via smartlock, after 4:00 PM. Checkout before 9:00 AM (early \u2014 plan accordingly). Dogs allowed with a $40/night fee.\n\n---\n\n\u2b50 Host & Reviews\nDel Mar Vacations, Superhost with 10 years of hosting experience. 4.93 out of 5 stars across 151 reviews \u2014 a well-established, professionally managed property.\n\n---\n\n\ud83d\udc4d Pros\n- Completely renovated, modern condo right on Main Street\n- Strong, well-established review record\n- Outdoor deck with gas grill \u2014 good for cooking in\n- Linens/towels provided, beds made on arrival\n\n---\n\n\ud83d\udc4e Cons\n- Only 1 bathroom for 4 guests\n- Early checkout (9:00 AM)\n- Second-story walkup \u2014 worth checking for stairs if that's a concern\n- Extra pet fee if bringing a dog\n\n---\n\n\ud83c\udfaf Best For\nA couple or small family wanting a modern, low-maintenance, walkable Main Street base in Chatham.",
        "website": "https://www.airbnb.com/rooms/32892701"
      },
      "geometry": {
        "type": "Point",
        "coordinates": [
          -69.95533703766199,
          41.679467791198
        ]
      }
    },
    {
      "type": "Feature",
      "properties": {
        "name": "Alpine Tavern at The Wentworth Littleton NH",
        "icon": "sandwich",
        "color": "purple",
        "detail": "",
        "website": "https://www.google.com/maps/place/Alpine+Tavern+at+The+Wentworth/@44.1470544,-71.1848855,784m/data=!3m2!1e3!4b1!4m6!3m5!1s0x4cb3996bcf693235:0xc6a2e08b4d0ee84b!8m2!3d44.1470544!4d-71.1823106!16s%2Fg%2F11krq04t1l?entry=ttu&g_ep=EgoyMDI2MDYxNi4wIKXMDSoASAFQAw%3D%3D"
      },
      "geometry": {
        "type": "Point",
        "coordinates": [
          -71.18232697426697,
          44.14724025571265
        ]
      }
    },
    {
      "type": "Feature",
      "properties": {
        "name": "Aster & Rose Restaurant Camden ME",
        "icon": "utensils",
        "color": "purple",
        "detail": "Aster & Rose\n\n\ud83d\udccd 581 Youngtown Rd, Lincolnville, ME (at the Youngtown Inn \u2014 a short drive from downtown Camden, not in Camden itself)\n\nThe top-rated restaurant in Lincolnville \u2014 4.8 on Restaurant Guru across 477 reviews, ranked #1 of 15 Lincolnville restaurants. Set in a beautiful old farmhouse at the historic Youngtown Inn, just minutes from downtown Camden but a genuinely different, quieter countryside setting with Camden Hills views. Locally sourced, seasonal, creatively prepared cuisine with attentive service and a strong wine/cocktail list \u2014 a cozy, romantic atmosphere.\n\nMust Order\n- Whatever's featured seasonally \u2014 the kitchen is built around what's fresh, not a fixed menu\n\nTips\n- Open Wednesday\u2013Saturday, dinner only, 5pm\u20139pm.\n- Book via Tock: exploretock.com/asterrose.\n- Worth the short drive from Camden proper \u2014 it reads as a special-occasion destination, not a quick stop.",
        "website": "https://www.google.com/maps/place/Aster+%26+Rose+Restaurant/@44.2691958,-69.1002327,787m/data=!3m2!1e3!4b1!4m6!3m5!1s0x4cae775eb918804b:0x6d07c0c2faed1ed4!8m2!3d44.269192!4d-69.0976578!16s%2Fg%2F11swk7hf2q?entry=ttu&g_ep=EgoyMDI2MDYwOS4wIKXMDSoASAFQAw%3D%3D"
      },
      "geometry": {
        "type": "Point",
        "coordinates": [
          -69.09781,
          44.26899
        ]
      }
    },
    {
      "type": "Feature",
      "properties": {
        "name": "Branches Grill and Cafe Chatham MA",
        "icon": "coffee",
        "color": "purple",
        "detail": "Overview\nType: Restaurant  \n\nBest known for: Great food and exceptional service. Bathroom facilities are well-stocked.\n\nLocation context: Chatham, MA area  \n\nPrice level: $20\u201330 per person  \n\nVisit timing: Not mentioned  \n\nTypical Customers\nDemographics: Locals and tourists  \n\nGroup types: Couples and families  \n\nCommon occasions: Casual dining and dinner  \n\nVibe & Setting\nAtmosphere: Casual and friendly  \n\nNoise level: Moderate  \n\nDecor & setting: Indoor seating with an inviting atmosphere  \n\nService style: Attentive and personable  \n\nRecommended Dishes\nOverall dish consensus  \nPopular items include the Crab and Corn Chowder, Jerk Chicken Combo, and Escovitch Fish, praised for their flavors and preparations.\n\nHow \u201ctop dishes\u201d are determined  \nTop dishes are chosen based on their appearance in multiple reviews and photos, along with strong praise from visitors mentioning their enjoyment.\n\n| Rank | Dish                          | Why it stands out                                    | How often it\u2019s mentioned     | Ideal for                    |\n|------|-------------------------------|------------------------------------------------------|-------------------------------|-------------------------------|\n| 1    | Crab and Corn Chowder        | Perfectly seasoned and absolutely delicious.         | Mentioned in several reviews. | Great for sharing             |\n| 2    | Jerk Chicken Combo Meal      | Large portions with balanced flavors and sauces.     | Repeatedly called out as a favorite. | Hearty main                  |\n| 3    | Escovitch Fish               | Fresh and flavorful, a highlight of the menu.       | Appears in numerous photos.   | Good for special occasions    |\n\nGood alternates / backup choices  \n- Grilled Lemon Pepper Shrimp: Noted for its delicious flavor.\n- Surf and Turf: Comforting and generous serving size.\n\nHighlights (non-dish positives from reviews)\nFriendly Service: Many reviews highlight the attentive and personable service, contributing to a pleasant dining experience.\n\nClean Facilities: Reviewers frequently mention the cleanliness and well-stocked bathroom, enhancing the overall impression of the restaurant.\n\nCommon Issues (from reviews)\nBusy Times: Not mentioned.\n\nLong Waits: Some guests reported longer waits during peak hours, like dinner service.\n\nPractical Notes\nReservation / wait: Not mentioned  \n\nAccessibility: Not mentioned  \n\nParking / transit: Ample street parking available in the area.  \n\nBest use case: Best for casual dinners and family outings.  \n\nGuest-Favorite Dish & Drink Recommendations\n\nAcross OpenTable, Google, and Tripadvisor reviews, several dishes stand out as crowd favorites:\n\n- Jerk Chicken (Combo or Quesadilla): Tender, juicy chicken marinated in classic Jamaican spices. The jerk quesadilla\u2014packed with melted cheese and seasoned meat\u2014is a top-rated appetizer.\n    \n- Curried Goat: Slow-cooked until tender in rich, aromatic curry spices, served alongside fragrant rice, beans, and sweet fried plantains.\n    \n- Ian\u2019s Rum Punch: The restaurant\u2019s signature cocktail, lauded by reviewers as smooth, perfectly balanced, and essential for starting the meal.\n    \n- Grilled Lemon Pepper Shrimp & Eggplant: A fresh, lighter entree pairing charred seafood with seasonal vegetables.\n    \n- Pumpkin Soup & Jamaican Festival: Highly recommended comforting starters featuring homemade island seasonings.",
        "website": "https://www.google.com/maps/place/Branches+Grill+and+Cafe/@41.6786019,-69.9899069,4128m/data=!3m1!1e3!4m11!1m3!2m2!1sRestaurants!6e5!3m6!1s0x89fb15cb4bc13357:0xedf3edca99b94bda!8m2!3d41.6892421!4d-69.9663327!15sCgtSZXN0YXVyYW50c1oNIgtyZXN0YXVyYW50c5IBCnJlc3RhdXJhbnSaAURDaTlEUVVsUlFVTnZaRU5vZEhsalJqbHZUMnh3ZEZWdGJGSlhha0p5VW0xM2VWVkZNREZrV0dSRlpWWnNkbEZ1WXhBQuABAPoBBAgAEDg!16s%2Fg%2F11gzqvr4yg?entry=ttu&g_ep=EgoyMDI2MDYxMC4wIKXMDSoASAFQAw%3D%3D"
      },
      "geometry": {
        "type": "Point",
        "coordinates": [
          -69.96610307363441,
          41.68900537080297
        ]
      }
    },
    {
      "type": "Feature",
      "properties": {
        "name": "Cafe Louis - Costa Media Camden ME",
        "icon": "coffee",
        "color": "purple",
        "detail": "Cafe Louis on the Costa Media\n\n\ud83d\udccd 50 Elm St, Camden, ME\n\nA small, family-owned restaurant inspired by chef Evan Richardson's grandparents, serving Costa Rican and Caribbean food \u2014 genuinely distinctive for Midcoast Maine, where this cuisine is otherwise hard to find. Reviewers single out the chicken as \"hands down the best chicken we have ever eaten,\" with smoky flavor and crispy skin.\n\nMust Order\n- Costa Rican-style chicken \u2014 the standout dish by a wide margin\n- Radicchio salad\n- Calamari\n- Mussels\n\nTips\n- Hours are irregular \u2014 Sun\u2013Tue 3pm\u20139pm, closed Wed\u2013Thu, open Fri; happy hour 3\u20135pm, dinner 5pm\u2013close. Confirm current hours before going, since this schedule is unusual.\n- Reservations recommended at (207) 230-8424.\n- A genuine change of pace from the seafood-heavy Camden dining scene.",
        "website": "https://www.google.com/maps/place/Cafe+Louis+-+Costa+Media/@44.2082064,-69.0698581,576m/data=!3m1!1e3!4m13!1m5!2m4!1sRestaurants!5m1!4e9!6e5!3m6!1s0x4cadd7deb7ed5a19:0x6a4b739c53f5fdd2!8m2!3d44.2081533!4d-69.0666541!15sCgtSZXN0YXVyYW50c1oNIgtyZXN0YXVyYW50c5IBCnJlc3RhdXJhbnSaASRDaGREU1VoTk1HOW5TMFZKUTBGblNVTXhibUZmYUdsQlJSQULgAQD6AQQIHhA9!16s%2Fg%2F11y1qxd_kp?entry=ttu&g_ep=EgoyMDI2MDYwOS4wIKXMDSoASAFQAw%3D%3D"
      },
      "geometry": {
        "type": "Point",
        "coordinates": [
          -69.06666231462867,
          44.2082545032899
        ]
      }
    },
    {
      "type": "Feature",
      "properties": {
        "name": "Del Mar Bar & Bistro Chatham MA",
        "icon": "utensils",
        "color": "purple",
        "detail": "Del Mar Bar & Bistro\n\n\ud83d\udccd 907 Main St, Chatham, MA 02633\n\nA cool, coastal-elegant nightspot for eating, drinking, and socializing \u2014 native seafood, bistro classics, and wood-fired thin-crust pizzas paired with a strong cocktail and wine list. Rated #2 of 56 restaurants in Chatham on Tripadvisor (4.6) and 4.7 on Google across 300+ reviews; one reviewer called it \"one of the best all-around restaurants on Cape Cod.\"\n\nMust Order\n- Fig & prosciutto wood-fired pizza \u2014 repeatedly singled out as one of the best non-traditional pizzas on the menu\n- Maple-glazed roasted duckling with bourbon cherries \u2014 a standout main\n- Wild mushroom & brie tart \u2014 rich, well-balanced starter\n- Oysters Rockefeller and braised short rib \u2014 recurring menu favorites\n- Lemon Drop martini \u2014 the cocktail program is a genuine strength, not an afterthought\n- Ask about the Japanese pumpkin ravioli if it's running as a special \u2014 it's not a permanent menu item\n\nTips\n- Reservations strongly recommended \u2014 this place books up quickly, especially in-season\n- On the pricier side (entr\u00e9es/shared plates $30-50+; a couple with cocktails or wine can run $150-250), but reviewers consistently feel the quality justifies it\n- Multiple dining spaces, including a covered patio strung with lights \u2014 nice for a warm-weather date night\n- Dinner only, Monday\u2013Saturday, 4:30 PM to close",
        "website": "https://www.google.com/maps/place/Del+Mar+Bar+%26+Bistro/@41.6786019,-69.9899069,4128m/data=!3m1!1e3!4m11!1m3!2m2!1sRestaurants!6e5!3m6!1s0x89fb14bd01846881:0x25bef925d5453213!8m2!3d41.6860075!4d-69.9694353!15sCgtSZXN0YXVyYW50c1oNIgtyZXN0YXVyYW50c5IBBmJpc3Ryb5oBI0NoWkRTVWhOTUc5blMwVkpRMEZuU1VOU0xYVkxTVmRuRUFF4AEA-gEECCEQPQ!16s%2Fg%2F1tdksvgl?entry=ttu&g_ep=EgoyMDI2MDYxMC4wIKXMDSoASAFQAw%3D%3D"
      },
      "geometry": {
        "type": "Point",
        "coordinates": [
          -69.96943050804009,
          41.686844805455145
        ]
      }
    },
    {
      "type": "Feature",
      "properties": {
        "name": "Franny's Bistro Aug 11 Camden ME",
        "icon": "utensils",
        "color": "purple",
        "detail": "Franny's Bistro \u2014 Aug 11 visit\n\n\ud83d\udccd 55 Chestnut St, Camden, ME\n\nCamden's #1-ranked restaurant on Tripadvisor (4.7/5, out of 41) \u2014 a real distinction, not a marginal edge. Fresh, local-ingredient-driven menu: shrimp dumplings over cucumber noodles, standout mussels and halibut specials, and \"Kraken\" (balsamic calamari) as a regular favorite. Warm, attentive service in an inviting room.\n\nMust Order\n- Shrimp dumplings over cucumber noodles\n- Kraken (calamari in balsamic)\n- Mussels or halibut, whichever is featured as the day's special\n- Cr\u00e8me br\u00fbl\u00e9e for dessert\n\nTips\n- Open Wednesday\u2013Saturday, 5pm\u20138pm only.\n- Walk-ins accepted but rarely successful in peak season \u2014 this reservation is worth protecting.\n- See the main Franny's Bistro note for the fuller writeup; this note tracks the Aug 11 visit specifically.\n\nReservation confirmation (Aug 11)",
        "website": "https://www.google.com/maps/place/Franny's+Bistro/@44.206831,-69.0687992,831m/data=!3m1!1e3!4m13!1m5!2m4!1sRestaurants!5m1!4e9!6e5!3m6!1s0x4cadd78ea7eaef0b:0xb4b12681059b9564!8m2!3d44.2078696!4d-69.0640303!15sCgtSZXN0YXVyYW50c1oNIgtyZXN0YXVyYW50c5IBCnJlc3RhdXJhbnSaAURDaTlEUVVsUlFVTnZaRU5vZEhsalJqbHZUMjVOTWxkWWNGbGFTR2hNWlZob2ExTXdSazlPVlRGc1VsZDRWbVJyUlJBQuABAPoBBAgAEEA!16s%2Fg%2F11hdnlgmjl?entry=ttu&g_ep=EgoyMDI2MDYwOS4wIKXMDSoASAFQAw%3D%3D"
      },
      "geometry": {
        "type": "Point",
        "coordinates": [
          -69.06402174693756,
          44.2079792946598
        ]
      }
    },
    {
      "type": "Feature",
      "properties": {
        "name": "Franny's Bistro Camden ME",
        "icon": "utensils",
        "color": "purple",
        "detail": "Day: `=dateformat(this.start-date-time, \"cccc\")`\n \n Day: `=dateformat(this.start-date-time, \"cccc\")`\nReservation confirmation (Aug 5)\n\nFranny\u2019s Bistro \u2014 Camden, Maine\n\nA well-loved bistro at 55 Chestnut St, rated 4.6 from 238+ reviews. It\u2019s co-owned by Jennifer and Jack Neal, with food often described as American bistro with global influences. Expect a cozy, moody-lit space \u2014 great for date night \u2014 with reservations strongly recommended in summer.\n\nThe dish to order: Scallops & mussels over cheddar-bacon grits with creamed corn. This is the house signature \u2014 while the owners may debate their most famous dish, the consensus from customers leans toward the scallops and mussels. One diner specifically called out the combination as genius, pairing perfectly-cooked fish with creamed corn and bacon over cheddar grits.\n\nOther strong picks:\n\n- Roast chicken \u2014 tender, not dry, with a garlic-herb drizzle great for dunking focaccia, served with potatoes and broccoli rabe\n- Shrimp dumplings over cucumber noodles \u2014 a popular, fresh starter\n- Halibut special (when available) \u2014 topped with roasted peaches, fingerling potatoes, and grilled asparagus, called some of the best of a trip by one Tripadvisor reviewer\n- The Kraken (calamari in balsamic) \u2014 addictively good, a favorite among regulars\n- Steak frites \u2014 a reliable crowd-pleaser, kids and adults alike\n- Cr\u00e8me br\u00fbl\u00e9e \u2014 called a must-try for dessert\n\nGood to know: They also do a strong non-alcoholic cocktail and wine list if you\u2019re not drinking, and portions on the salads run a bit small for the price per some reviewers \u2014 better to lean into the entrees and shared apps.\n\nWant this pinned on your New England 2026 map alongside the other Midcoast spots?",
        "website": "https://www.google.com/maps/place/Franny's+Bistro/@44.206831,-69.0687992,831m/data=!3m1!1e3!4m13!1m5!2m4!1sRestaurants!5m1!4e9!6e5!3m6!1s0x4cadd78ea7eaef0b:0xb4b12681059b9564!8m2!3d44.2078696!4d-69.0640303!15sCgtSZXN0YXVyYW50c1oNIgtyZXN0YXVyYW50c5IBCnJlc3RhdXJhbnSaAURDaTlEUVVsUlFVTnZaRU5vZEhsalJqbHZUMjVOTWxkWWNGbGFTR2hNWlZob2ExTXdSazlPVlRGc1VsZDRWbVJyUlJBQuABAPoBBAgAEEA!16s%2Fg%2F11hdnlgmjl?entry=ttu&g_ep=EgoyMDI2MDYwOS4wIKXMDSoASAFQAw%3D%3D"
      },
      "geometry": {
        "type": "Point",
        "coordinates": [
          -69.06402174693756,
          44.2079792946598
        ]
      }
    },
    {
      "type": "Feature",
      "properties": {
        "name": "Grant's Stowe VT",
        "icon": "utensils",
        "color": "purple",
        "detail": "Here is the summary of your upcoming dinner reservation at Grant's:\n\n- Date: Tuesday, September 1, 2026\n    \n- Time: 6:30 PM (EDT)\n    \n- Party Size: 2 people\n    \n- Location: Dining Room\n    \n- Address: 123 Mountain Road, Stowe, VT 05672, US\n    \n- Confirmation ID: AB6F-B454-4C17-7BA0\n\nReservation confirmation (Sep 1)",
        "website": "https://www.google.com/maps/place/Grant's/@44.4647265,-72.6917657,1747m/data=!3m1!1e3!4m6!3m5!1s0x4cb597b0f14471d9:0x443d6d7c0f9143cd!8m2!3d44.46661!4d-72.6887308!16s%2Fg%2F11tp164830?entry=ttu&g_ep=EgoyMDI2MDYxMC4wIKXMDSoASAFQAw%3D%3D"
      },
      "geometry": {
        "type": "Point",
        "coordinates": [
          -72.68891,
          44.46674
        ]
      }
    },
    {
      "type": "Feature",
      "properties": {
        "name": "Oakes & Evelyn - Woodstock VT",
        "icon": "utensils",
        "color": "purple",
        "detail": "",
        "website": "https://www.google.com/maps/place/Oakes+%26+Evelyn+-+Woodstock/@43.6121784,-72.586042,6146m/data=!3m1!1e3!4m13!1m5!2m4!1srestaurants+with+reservations!5m1!4e9!6e5!3m6!1s0x89e1d7ccd29f62d1:0x2aede9445c85162!8m2!3d43.6121784!4d-72.5495581!15sCh1yZXN0YXVyYW50cyB3aXRoIHJlc2VydmF0aW9ucyIyUjAvZ2VvL3R5cGUvZXN0YWJsaXNobWVudF9wb2kvYWNjZXB0c19yZXNlcnZhdGlvbnNaDSILcmVzdGF1cmFudHOSARZmaW5lX2RpbmluZ19yZXN0YXVyYW50mgFEQ2k5RFFVbFJRVU52WkVOb2RIbGpSamx2VDJwR01rMUZSbTlPYWs1NFlWYzFiRkpyVG1aU2F6bEVWVmRHVFZNell4QULgAQD6AQQIRBBK!16s%2Fg%2F11mdfscp7g?entry=ttu&g_ep=EgoyMDI2MDYyMy4wIKXMDSoASAFQAw%3D%3D"
      },
      "geometry": {
        "type": "Point",
        "coordinates": [
          -72.54907771751357,
          43.613353146781954
        ]
      }
    },
    {
      "type": "Feature",
      "properties": {
        "name": "The Bocuse Restaurant CIA Hyde Park, NY",
        "icon": "utensils",
        "color": "purple",
        "detail": "The Bocuse Restaurant CIA\n\n\ud83d\udccd Hyde Park, NY\n\nStudent-run French fine dining at the Culinary Institute of America \u2014 a Michelin-level experience at a fraction of NYC prices, executed by CIA's most advanced students.\n\nMust Order\n- Classic French tasting menu \u2014 changes seasonally\n- Souffl\u00e9 \u2014 a CIA signature \u2014 order it at the start of the meal\n- Cheese course \u2014 exceptional selection curated by CIA faculty\n\nTips\n- Reserve 2\u20133 weeks in advance \u2014 essential\n- Lunch is slightly more relaxed than dinner\n- Smart casual dress expected",
        "website": "https://www.opentable.com/r/the-bocuse-restaurant-at-the-culinary-institute-of-america-hyde-park?corrid=dabacd31-2e38-459b-b007-c9fd2968f3db&avt=eyJ2IjozLCJtIjowLCJwIjowLCJzIjoxLCJuIjowfQ&p=2&sd=2026-09-06T18%3A30%3A00"
      },
      "geometry": {
        "type": "Point",
        "coordinates": [
          -73.93287442593865,
          41.74561639096278
        ]
      }
    },
    {
      "type": "Feature",
      "properties": {
        "name": "The Heartwood at Vassar Poughkeepsie NY",
        "icon": "hotel",
        "color": "purple",
        "detail": "",
        "website": "https://www.google.com/maps/place/The+Heartwood+at+Vassar/@41.6912527,-73.9103075,1679m/data=!3m1!1e3!4m18!1m6!2m5!1sHotels!5m3!5m2!1s2026-09-21!2i4!3m10!1s0x89dd3e50a011abff:0x44f9066fb98a01c!5m4!1s2026-09-21!2i4!4m1!1i2!8m2!3d41.6905804!4d-73.9007203!16s%2Fg%2F11w1kf88xw?entry=ttu&g_ep=EgoyMDI2MDYxNi4wIKXMDSoASAFQAw%3D%3D"
      },
      "geometry": {
        "type": "Point",
        "coordinates": [
          -73.90073803500404,
          41.69056236115042
        ]
      }
    },
    {
      "type": "Feature",
      "properties": {
        "name": "White Mountain Cider Co",
        "icon": "wine",
        "color": "purple",
        "detail": "",
        "website": "https://www.google.com/maps/place/White+Mountain+Cider+Co/@44.1040611,-71.1954694,789m/data=!3m2!1e3!4b1!4m6!3m5!1s0x4cb398b772333577:0x63b4e141f95f80aa!8m2!3d44.1040611!4d-71.1954694!16s%2Fg%2F1tcx13sn?entry=ttu&g_ep=EgoyMDI2MDcwOC4wIKXMDSoASAFQAw%3D%3D"
      },
      "geometry": {
        "type": "Point",
        "coordinates": [
          -71.19549085725357,
          44.1039802080996
        ]
      }
    },
    {
      "type": "Feature",
      "properties": {
        "name": "Brasserie LeBrun Bar Harbor ME",
        "icon": "utensils",
        "color": "purple",
        "detail": "What it is:\u00a0An elegant French brasserie in Bar Harbor specializing in elevated classics like steak frites, oysters, and seasonal entrees.\n\nCustomers:\u00a0Diners seeking an upscale, high-quality dinner; couples, travelers, and food enthusiasts who appreciate fine-dining preparation in a refined setting.\n\nVibe:\u00a0Elegant, sophisticated, and polished; refined atmosphere suitable for special occasions, yet welcoming and hospitable.\n\nStrongest positives:\n\n- Exceptional food quality described as \"altering\" one's dining experience, with highlights including steak frites, short ribs, and tuna tartare\n- High-quality, attentive, and welcoming service (hostess and servers specifically praised)\n- Elegant, sophisticated atmosphere\n- Consistently cited as a \"best restaurant\" experience in Bar Harbor\n\nDownsides:\n\n- Some dishes are considered pricey relative to the portion size (e.g., pork belly, mushroom side)",
        "website": "https://www.google.com/maps/place/Brasserie+LeBrun/@44.3887341,-68.2140074,698m/data=!3m1!1e3!4m13!1m5!2m4!1sRestaurants!5m1!4e9!6e5!3m6!1s0x4caebf7c736bae5b:0x60d1a9deddec1fd!8m2!3d44.3888304!4d-68.2097356!15sCgtSZXN0YXVyYW50c1oNIgtyZXN0YXVyYW50c5IBCnJlc3RhdXJhbnSaASNDaFpEU1VoTk1HOW5TMFZKUTBGblNVTklhMDFQVGt0QkVBReABAPoBBQiFBBBA!16s%2Fg%2F11stqk3gmj?entry=ttu&g_ep=EgoyMDI2MDYxMC4wIKXMDSoASAFQAw%3D%3D"
      },
      "geometry": {
        "type": "Point",
        "coordinates": [
          -68.2096343749257,
          44.388952884567544
        ]
      }
    },
    {
      "type": "Feature",
      "properties": {
        "name": "LUNE Chatham MA",
        "icon": "utensils",
        "color": "purple",
        "detail": "",
        "website": "https://www.google.com/maps/place/LUNE/@41.6667198,-70.1370676,3277m/data=!3m1!1e3!4m14!1m7!3m6!1s0x89fb3f4813fab2ed:0x181a0e3b4b63ecfa!2sLUNE!8m2!3d41.6667219!4d-70.1267538!16s%2Fg%2F11vzv8d_4l!3m5!1s0x89fb3f4813fab2ed:0x181a0e3b4b63ecfa!8m2!3d41.6667219!4d-70.1267538!16s%2Fg%2F11vzv8d_4l?hl=en-US&entry=ttu&g_ep=EgoyMDI2MDYxNi4wIKXMDSoASAFQAw%3D%3D"
      },
      "geometry": {
        "type": "Point",
        "coordinates": [
          -70.1267947669113,
          41.667201956938406
        ]
      }
    },
    {
      "type": "Feature",
      "properties": {
        "name": "Mr Tuna Portland ME",
        "icon": "utensils",
        "color": "purple",
        "detail": "Mr. Tuna\n\n\ud83d\udccd 83 Middle Street, Portland, ME\n\nMr. Tuna is one of Portland's most acclaimed restaurants, full stop. Chef Jordan Rubin is a James Beard Nominee for Best Chef: Northeast and a Food & Wine Best New Chef (2025). The restaurant was named #6 Best Restaurant in the Country by Food & Wine.\n\nMust Order\n- Tuna de Tigre \u2014 ceviche-style blend of Peruvian and Thai flavors; named one of the 26 best dishes in the USA by the NY Times (2024)\n- Tuna Tasting \u2014 a four-cut journey through local Maine bluefin\n- Torched halibut deluxe maki \u2014 pickled red onion, aji amarillo, avocado, acid-cured shishito, cilantro\n- Lunch bento box \u2014 the best value on the menu\n- Sushi burrito \u2014 a lunch-only crowd favorite\n\nTips\n- Open 11am\u20139:30pm daily; lunch bento specials run midday\n- Portions are small and prices reflect the quality \u2014 budget $30+ for a satisfying lunch\n- Honored with the Innovation Award from Gulf of Maine Research Institute for responsible sourcing\n- Steps from Eventide and Duckfat \u2014 do all three on the same afternoon",
        "website": "https://www.google.com/maps/place/Mr.+Tuna,+83+Middle+St,+Portland,+ME"
      },
      "geometry": {
        "type": "Point",
        "coordinates": [
          -70.2515201,
          43.6595864
        ]
      }
    },
    {
      "type": "Feature",
      "properties": {
        "name": "The Norumbega Camden ME",
        "icon": "utensils",
        "color": "purple",
        "detail": "Quick lowdown\n\n- What to expect:\u00a0Upscale, cozy dinner/drinks in a historic 1886 stone \u201ccastle\u201d inn. Think date-night vibes, polished service, and a slower, relaxed meal.\n- What people rave about:\u00a0Warm hospitality\u00a0and\u00a0high-end comfort\u00a0are the consistent highlights; food praise tends to center on\u00a0local seafood.\n- What to order:\u00a0Prioritize\u00a0seafood-forward dishes\u00a0and\u00a0chef\u2019s seasonal specials\u00a0(usually the safest \u201cbest of\u201d at places like this).\n- What\u2019s special/unique:\u00a0The setting is the main draw\u2014castle-like historic property, romantic atmosphere, and a \u201cdestination\u201d feel even if you\u2019re just dining.\n- Hidden-gem angle:\u00a0If timing allows, arrive a bit early (or linger after) to enjoy the\u00a0property/ambience\u2014it\u2019s the kind of place where the surroundings are part of the experience.\n- Heads up:\u00a0It\u2019s an upscale spot\u2014dress a bit nicer than casual, and reservations are a good idea (you already have one).",
        "website": "https://www.google.com/maps/place/The+Norumbega/@44.2178556,-69.0566583,17z/data=!4m11!3m10!1s0x4cadd7a47e75b3db:0x96cf127c84ea6021!5m4!1s2026-09-21!2i4!4m1!1i2!8m2!3d44.2178556!4d-69.0566583!16s%2Fg%2F11cn8xlqjz?entry=ttu&g_ep=EgoyMDI2MDYyNC4wIKXMDSoASAFQAw%3D%3D"
      },
      "geometry": {
        "type": "Point",
        "coordinates": [
          -69.05669048662135,
          44.218051676761334
        ]
      }
    },
    {
      "type": "Feature",
      "properties": {
        "name": "Beehive Trail Acadia National Park ME",
        "icon": "footprints",
        "color": "purple",
        "detail": "Beehive Trail\n\n\ud83d\udccd Acadia National Park ME\n\nA 1.4-mile loop that ascends the sheer southeastern face of the Beehive via iron rungs and ladder-like iron bars bolted into the granite \u2014 essentially a via ferrata without equipment. The exposure is real but the moves are straightforward. At the top, views over Sand Beach, Great Head, and the open Atlantic are extraordinary. Returns via the Bowl, a glacial pond on the summit plateau.\n\nTips\n- Not suitable for those uncomfortable with heights or exposure \u2014 the cliff drops away beneath you.\n- Wet rock is dangerous; skip this trail in or after rain.\n- Start from the Sand Beach parking area on the Park Loop Road.\n- Do the loop counterclockwise \u2014 ascend the Beehive, descend via the Bowl trail.\n- Combines naturally with Sand Beach immediately below the trailhead.",
        "website": ""
      },
      "geometry": {
        "type": "Point",
        "coordinates": [
          -68.1857,
          44.3241
        ]
      }
    },
    {
      "type": "Feature",
      "properties": {
        "name": "Franny's Bistro Aug 12 Camden ME",
        "icon": "utensils",
        "color": "purple",
        "detail": "\u274c Franny's Bistro \u2014 Aug 12 visit (cancelled)\n\n\ud83d\udccd 55 Chestnut St, Camden, ME\n\nCamden's #1-ranked restaurant on Tripadvisor (4.7/5). This particular reservation was cancelled \u2014 kept here for the historical record per the vault's reservation-status convention. See the main Franny's Bistro note for the full writeup, or the Aug 11 visit for the visit that's actually happening.\n\nReservation confirmation (Aug 12, cancelled)",
        "website": "https://www.google.com/maps/place/Franny's+Bistro/@44.206831,-69.0687992,831m/data=!3m1!1e3!4m13!1m5!2m4!1sRestaurants!5m1!4e9!6e5!3m6!1s0x4cadd78ea7eaef0b:0xb4b12681059b9564!8m2!3d44.2078696!4d-69.0640303!15sCgtSZXN0YXVyYW50c1oNIgtyZXN0YXVyYW50c5IBCnJlc3RhdXJhbnSaAURDaTlEUVVsUlFVTnZaRU5vZEhsalJqbHZUMjVOTWxkWWNGbGFTR2hNWlZob2ExTXdSazlPVlRGc1VsZDRWbVJyUlJBQuABAPoBBAgAEEA!16s%2Fg%2F11hdnlgmjl?entry=ttu&g_ep=EgoyMDI2MDYwOS4wIKXMDSoASAFQAw%3D%3D"
      },
      "geometry": {
        "type": "Point",
        "coordinates": [
          -69.06402174693756,
          44.2079792946598
        ]
      }
    },
    {
      "type": "Feature",
      "properties": {
        "name": "Franny's Bistro Aug 14 Camden ME",
        "icon": "utensils",
        "color": "purple",
        "detail": "\u274c Franny's Bistro \u2014 Aug 14 visit (cancelled)\n\n\ud83d\udccd 55 Chestnut St, Camden, ME\n\nCamden's #1-ranked restaurant on Tripadvisor (4.7/5). This reservation was cancelled 07/15 \u2014 kept here for the historical record per the vault's reservation-status convention. See the main Franny's Bistro note for the full writeup, or the Aug 11 visit for the visit that's actually happening.\n\ncancelled 07/15 \n\nReservation confirmation (Aug 14, cancelled)",
        "website": "https://www.google.com/maps/place/Franny's+Bistro/@44.206831,-69.0687992,831m/data=!3m1!1e3!4m13!1m5!2m4!1sRestaurants!5m1!4e9!6e5!3m6!1s0x4cadd78ea7eaef0b:0xb4b12681059b9564!8m2!3d44.2078696!4d-69.0640303!15sCgtSZXN0YXVyYW50c1oNIgtyZXN0YXVyYW50c5IBCnJlc3RhdXJhbnSaAURDaTlEUVVsUlFVTnZaRU5vZEhsalJqbHZUMjVOTWxkWWNGbGFTR2hNWlZob2ExTXdSazlPVlRGc1VsZDRWbVJyUlJBQuABAPoBBAgAEEA!16s%2Fg%2F11hdnlgmjl?entry=ttu&g_ep=EgoyMDI2MDYwOS4wIKXMDSoASAFQAw%3D%3D"
      },
      "geometry": {
        "type": "Point",
        "coordinates": [
          -69.06402174693756,
          44.2079792946598
        ]
      }
    },
    {
      "type": "Feature",
      "properties": {
        "name": "Precipice Trail Acadia National Park ME",
        "icon": "footprints",
        "color": "purple",
        "detail": "Precipice Trail\n\n\ud83d\udccd Acadia National Park ME\n\nAcadia's most thrilling trail: a 1.6-mile round trip up the nearly vertical east face of Champlain Mountain on iron rungs, handholds, and narrow ledge traverses. The summit delivers the best view in the park \u2014 the Porcupine Islands, Frenchman Bay, Schoodic Peninsula, and the full sweep of the Maine coast. Often closed in spring for peregrine falcon nesting; check status before going.\n\nTips\n- Check the NPS website before going \u2014 closed annually Feb\u2013Aug for peregrine falcon nesting.\n- Not suitable for dogs or those uncomfortable with serious exposure.\n- The trailhead is on the Park Loop Road, 3 miles south of Bar Harbor.\n- Return via the North Face Trail for a loop rather than retracing the exposed route.",
        "website": ""
      },
      "geometry": {
        "type": "Point",
        "coordinates": [
          -68.2003,
          44.3574
        ]
      }
    },
    {
      "type": "Feature",
      "properties": {
        "name": "Dinner Bar Harbor ME",
        "icon": "utensils",
        "color": "purple",
        "detail": "What it is:\u00a0A highly-rated American restaurant known for its flavorful, \"home-cooked\" style cuisine, with standout dishes including lobster risotto, schnitzel, curry mussels, and panko-encrusted halibut.\n\nCustomers:\u00a0Attracts locals and travelers alike, including world travelers and families looking for a high-quality, memorable dining experience in a welcoming setting.\n\nVibe:\u00a0Small-town energy; warm, unpretentious atmosphere where food is described as being \"cooked with love.\"\n\nStrongest positives:\n\n- Exceptional, flavorful food that many reviewers rank among the best they have ever eaten\n- Very kind, friendly, and attentive staff\n- Highly praised signature dishes like lobster risotto, schnitzel, and French onion soup\n- Great \"small-town\" atmosphere\n\nDownsides:\n\n- No significant recurring issues or downsides identified in recent reviews.\n\nNote: Reservation confirmed by telephone \u2014 (207) 901-0018. No email confirmation exists for this booking.",
        "website": "https://www.google.com/maps/place/Dinner/@44.3886629,-68.2235514,1584m/data=!3m2!1e3!5s0x4caebf79398c221d:0x760efaa8d0294f9f!4m13!1m5!2m4!1sRestaurants!5m1!4e9!6e5!3m6!1s0x4caebf005b379c81:0xc72ad7b501a68b23!8m2!3d44.3886633!4d-68.2140236!15sCgtSZXN0YXVyYW50c1oNIgtyZXN0YXVyYW50c5IBE2FtZXJpY2FuX3Jlc3RhdXJhbnSaAURDaTlEUVVsUlFVTnZaRU5vZEhsalJqbHZUMjVrVmxwNmFHeGxha0V5V2pCV1psWXdkRnBaTTJod1dqQkdkMW94UlJBQuABAPoBBAguEEM!16s%2Fg%2F11vxy0p6s6?entry=ttu&g_ep=EgoyMDI2MDYxMC4wIKXMDSoASAFQAw%3D%3D"
      },
      "geometry": {
        "type": "Point",
        "coordinates": [
          -68.21403352345513,
          44.38896600375487
        ]
      }
    },
    {
      "type": "Feature",
      "properties": {
        "name": "Red Sky Restaurant Southwest Harbor ME",
        "icon": "spotlight",
        "color": "purple",
        "detail": "Recommended by Thom Smith. \n\nRed Sky Restaurant stands out as a fine dining option offering inspired American cuisine. It appeals mainly to those celebrating special occasions or seeking an upscale dining experience. The atmosphere is warm and elegant, making it perfect for a nice dinner date or celebration. Customers often praise the restaurant for its exquisite cuisine and attentive service, while others mention that it may be on the pricier side, which not everyone is comfortable with.",
        "website": "https://www.google.com/maps/place/Red+Sky+Restaurant/@44.2797099,-68.3263769,124m/data=!3m1!1e3!4m13!1m5!2m4!1sRestaurants!5m1!4e9!6e5!3m6!1s0x4caebd3d0ae4bc11:0x98c5cae931a3f144!8m2!3d44.2796985!4d-68.3251234!15sCgtSZXN0YXVyYW50c1oNIgtyZXN0YXVyYW50c5IBFmZpbmVfZGluaW5nX3Jlc3RhdXJhbnSaASRDaGREU1VoTk1HOW5TMFZKUTBGblNVTnlNWEJmZWw5blJSQULgAQD6AQUIgQEQRg!16s%2Fg%2F1tf70jm0?entry=ttu&g_ep=EgoyMDI2MDYxMC4wIKXMDSoASAFQAw%3D%3D"
      },
      "geometry": {
        "type": "Point",
        "coordinates": [
          -68.32521924572286,
          44.279783296901066
        ]
      }
    },
    {
      "type": "Feature",
      "properties": {
        "name": "Cape Cod Canal Visitor Center Sandwich, MA",
        "icon": "star",
        "color": "purple",
        "detail": "```base\nfilters:\n  or:\n    - destination == this\n    - list(trail).filter(value == this). 0\n    - file == this.\nviews:\n  - type: map\n    name: Map\n    coordinates: note.Coordinates\n    markerIcon: note.\n    markerColor: note.\n    mapHeight: 400\n    defaultZoom: 12\n```\n\nPoints of interest\n\n```base\nfilters:\n  or:\n    - destination == this\n    - list(trail).filter(value == this). 0\nviews:\n  - type: table\n    name: Places\n    order:\n      - file.\n      - type\n      - Rating\n      - icon\n      - Coordinates\n    sort:\n      - property: Rating\n        direction: DESC\n```",
        "website": "https://www.google.com/maps/place/Cape+Cod+Canal+Visitor+Center/@41.773208,-70.5476871,8546m/data=!3m1!1e3!4m10!1m2!2m1!1sSandwich+ma+historical!3m6!1s0x89e4ca472ed04269:0xf13c04d401a60efa!8m2!3d41.7732051!4d-70.5000139!15sChZTYW5kd2ljaCBtYSBoaXN0b3JpY2FsWhgiFnNhbmR3aWNoIG1hIGhpc3RvcmljYWySAQZtdXNldW2aASRDaGREU1VoTk1HOW5TMFZKUTBGblNVUjZOSFo2YzJsM1JSQULgAQD6AQQIABBF!16s%2Fg%2F11bx9wwcxd?entry=ttu&g_ep=EgoyMDI2MDYxNi4wIKXMDSoASAFQAw%3D%3D"
      },
      "geometry": {
        "type": "Point",
        "coordinates": [
          -70.4999262329908,
          41.77506388442292
        ]
      }
    },
    {
      "type": "Feature",
      "properties": {
        "name": "Cape Cod National Seashore",
        "icon": "star",
        "color": "purple",
        "detail": "```base\nfilters:\n  or:\n    - destination == this\n    - list(trail).filter(value == this). 0\n    - file == this.\nviews:\n  - type: map\n    name: Map\n    coordinates: note.Coordinates\n    markerIcon: note.\n    markerColor: note.\n    mapHeight: 400\n    defaultZoom: 12\n```\n\nPoints of interest\n\n```base\nfilters:\n  or:\n    - destination == this\n    - list(trail).filter(value == this). 0\nviews:\n  - type: table\n    name: Places\n    order:\n      - file.\n      - type\n      - Rating\n      - icon\n      - Coordinates\n    sort:\n      - property: Rating\n        direction: DESC\n```",
        "website": "https://www.google.com/maps/place/Cape+Cod+National+Seashore/@42.0184255,-70.1580862,25753m/data=!3m1!1e3!4m15!1m8!3m7!1s0x89fb5f8d605190e5:0x70889a56ace16faa!2sTruro,+MA!3b1!8m2!3d42.0031966!4d-70.053449!16zL20vMHR5NW0!3m5!1s0x89fb42dcc768c5df:0xa8d1f6c2f162f608!8m2!3d41.9830785!4d-70.0532913!16zL20vMDlyMHI?entry=ttu&g_ep=EgoyMDI2MDYxNi4wIKXMDSoASAFQAw%3D%3D"
      },
      "geometry": {
        "type": "Point",
        "coordinates": [
          -70.0531995007621,
          41.98805974785063
        ]
      }
    },
    {
      "type": "Feature",
      "properties": {
        "name": "Nauset Beach",
        "icon": "star",
        "color": "purple",
        "detail": "```base\nfilters:\n  or:\n    - destination == this\n    - list(trail).filter(value == this). 0\n    - file == this.\nviews:\n  - type: map\n    name: Map\n    coordinates: note.Coordinates\n    markerIcon: note.\n    markerColor: note.\n    mapHeight: 400\n    defaultZoom: 12\n```\n\nPoints of interest\n\n```base\nfilters:\n  or:\n    - destination == this\n    - list(trail).filter(value == this). 0\nviews:\n  - type: table\n    name: Places\n    order:\n      - file.\n      - type\n      - Rating\n      - icon\n      - Coordinates\n    sort:\n      - property: Rating\n        direction: DESC\n```",
        "website": "https://www.google.com/maps/place/Nauset+Beach/@41.7686526,-70.014864,13041m/data=!3m1!1e3!4m6!3m5!1s0x89fb6b2887d027ef:0xfd6f9869639b0f73!8m2!3d41.7884556!4d-69.9352979!16s%2Fg%2F126142zns?entry=ttu&g_ep=EgoyMDI2MDYxNi4wIKXMDSoASAFQAw%3D%3D"
      },
      "geometry": {
        "type": "Point",
        "coordinates": [
          -69.93491643305929,
          41.7910577331292
        ]
      }
    },
    {
      "type": "Feature",
      "properties": {
        "name": "Olson House",
        "icon": "star",
        "color": "purple",
        "detail": "```base\nfilters:\n  or:\n    - destination == this\n    - list(trail).filter(value == this). 0\n    - file == this.\nviews:\n  - type: map\n    name: Map\n    coordinates: note.Coordinates\n    markerIcon: note.\n    markerColor: note.\n    mapHeight: 400\n    defaultZoom: 12\n```\n\nPoints of interest\n\n```base\nfilters:\n  or:\n    - destination == this\n    - list(trail).filter(value == this). 0\nviews:\n  - type: table\n    name: Places\n    order:\n      - file.\n      - type\n      - Rating\n      - icon\n      - Coordinates\n    sort:\n      - property: Rating\n        direction: DESC\n```",
        "website": "https://www.google.com/maps/place/Olson+House/@43.9817313,-69.2712182,786m/data=!3m1!1e3!4m14!1m7!3m6!1s0x4cadb7f84ee040b9:0x157b58d3904ed9d3!2sOlson+House!8m2!3d43.9817313!4d-69.2686433!16s%2Fm%2F06_0sr6!3m5!1s0x4cadb7f84ee040b9:0x157b58d3904ed9d3!8m2!3d43.9817313!4d-69.2686433!16s%2Fm%2F06_0sr6?entry=ttu&g_ep=EgoyMDI2MDcxMi4wIKXMDSoASAFQAw%3D%3D"
      },
      "geometry": {
        "type": "Point",
        "coordinates": [
          -69.26877162622975,
          43.98176943317948
        ]
      }
    }
  ]
}